image_id,image_path,mode,alpha,alpha_eff,mask_mean,psnr,ssim,rec_psnr,rec_ssim,ncc,ber,qr_decoded,frob_predicted,frob_measured,psnr_predicted,weyl_bound_max,mirsky_bound_max
coco_000000000139,images/coco_000000000139.png,svd_only,0.001,0.001,1.0,60.568435455886885,0.9998768326588219,2.725866637074899,0.3064624305071985,0.3288763115139358,0.6143913269042969,0,187.78425772678605,211.81123671797963,61.61423173914949,94.69351377304604,108.41729174813389
coco_000000000139,images/coco_000000000139.png,svd_only,0.005,0.005,1.0,50.27827048691714,0.9995886492281433,10.270539305926203,0.8140292134447508,0.9599334734771744,0.042964935302734375,1,938.9212886339302,692.5597447152123,47.63483165242911,473.46756886523013,542.0864587406695
coco_000000000139,images/coco_000000000139.png,svd_only,0.01,0.01,1.0,43.26171257181963,0.9989519413600356,15.498319481206796,0.9221957939043425,0.9934570754833237,1.1444091796875e-05,1,1877.8425772678604,1553.4065791028438,41.61423173914949,946.9351377304603,1084.172917481339
coco_000000000139,images/coco_000000000139.png,svd_only,0.02,0.02,1.0,36.44676762774832,0.9970218844464672,21.271188887343154,0.9687760146272847,0.9985338375487681,0.0,1,3755.685154535721,3404.3357648739643,35.59363182586987,1893.8702754609205,2168.345834962678
coco_000000000139,images/coco_000000000139.png,svd_only,0.05,0.05,1.0,27.975548293794958,0.9850630961377388,29.03922240666349,0.9929929037134532,0.9997930732730234,0.0,1,9389.212886339303,9028.037494383816,27.634831652429117,4734.675688652302,5420.864587406695
coco_000000000139,images/coco_000000000139.png,svd_only,0.1,0.1,1.0,21.78636559170398,0.948015800023191,34.60957979065534,0.9979048375542859,0.9999514429116063,0.0,1,18778.425772678605,18409.944921156064,21.614231739149496,9469.351377304603,10841.72917481339
coco_000000000139,images/coco_000000000139.png,svd_texture,0.001,0.0002585107659186108,0.17612307324290083,60.568435455886885,0.9998768326588219,3.770067368396308,0.45812818756279544,0.4012458426664252,0.42285919189453125,0,48.54425229240927,211.81123671797963,73.36465905115494,24.47929277299465,28.027037128631576
coco_000000000139,images/coco_000000000139.png,svd_texture,0.005,0.0012925538295930539,0.17612307324290083,60.567757891641165,0.9998768304343901,2.5256883952018994,0.278451994053867,0.32443698261118503,0.6463775634765625,0,242.72126146204633,211.8277602204206,59.38525896443458,122.39646386497323,140.13518564315785
coco_000000000139,images/coco_000000000139.png,svd_texture,0.01,0.0025851076591861077,0.17612307324290083,58.45156989738601,0.9998352689203139,3.2436846885761765,0.3643416761399534,0.5321172017719162,0.6842002868652344,0,485.44252292409266,270.266535109325,53.36465905115495,244.79292772994646,280.2703712863157
coco_000000000139,images/coco_000000000139.png,svd_texture,0.02,0.0051702153183722155,0.17612307324290083,50.02861582261518,0.999595238374971,10.392984805801866,0.8193366064309031,0.9639833155861605,0.04283905029296875,1,970.8850458481853,712.7545159450061,47.34405913787533,489.5858554598929,560.5407425726314
coco_000000000139,images/coco_000000000139.png,svd_texture,0.05,0.012925538295930539,0.17612307324290083,40.677762858527046,0.9984537440243964,17.626955106096922,0.943079360356016,0.9961307669510473,0.0,1,2427.2126146204632,2091.6192292097526,39.38525896443457,1223.9646386497325,1401.3518564315787
coco_000000000139,images/coco_000000000139.png,svd_texture,0.1,0.025851076591861078,0.17612307324290083,34.0225571301677,0.9954193843286206,23.49534510890358,0.9793566908703162,0.9991680056234626,0.0,1,4854.4252292409265,4500.3149889757715,33.364659051154945,2447.929277299465,2802.7037128631573
coco_000000000139,images/coco_000000000139.png,svd_yolo,0.001,0.0003450278103344204,0.27225312259380047,60.568435455886885,0.9998768326588219,3.5761144865077994,0.4291680521095727,0.3862953851399829,0.43752288818359375,0,64.79079125874746,211.81123671797963,70.85714969924877,32.67189570998635,37.40698077424666
coco_000000000139,images/coco_000000000139.png,svd_yolo,0.005,0.0017251390516721022,0.27225312259380047,60.50863790516013,0.9998759375509452,2.3705501665744406,0.25603507779433626,0.3385763659036156,0.6771316528320312,0,323.9539562937373,213.27447104611466,56.87774961252838,163.35947854993177,187.03490387123335
coco_000000000139,images/coco_000000000139.png,svd_yolo,0.01,0.0034502781033442045,0.27225312259380047,54.934556756099546,0.9996082077934235,5.246798568695831,0.5622104691096443,0.7549088836196094,0.5471000671386719,0,647.9079125874746,405.1752707162667,50.85714969924876,326.71895709986353,374.0698077424667
coco_000000000139,images/coco_000000000139.png,svd_yolo,0.02,0.006900556206688409,0.27225312259380047,47.31231932142616,0.9993229966841137,11.81967093242253,0.8637407399027731,0.9804696140753563,0.00182342529296875,1,1295.8158251749492,974.4393259716071,44.83654978596913,653.4379141997271,748.1396154849334
coco_000000000139,images/coco_000000000139.png,svd_yolo,0.05,0.017251390516721022,0.27225312259380047,37.86005546605623,0.9976359498098294,20.049673934810443,0.9614248972554126,0.9979869875688524,0.0,1,3239.539562937373,2893.1303116175045,36.87774961252838,1633.5947854993176,1870.3490387123334
coco_000000000139,images/coco_000000000139.png,svd_yolo,0.1,0.034502781033442044,0.27225312259380047,31.35062573378271,0.9923907904421815,25.933662208979555,0.9869290875202843,0.9995516049088475,0.0,1,6479.079125874746,6121.241050636709,30.857149699248758,3267.189570998635,3740.6980774246667
coco_000000000285,images/coco_000000000285.png,svd_only,0.001,0.001,1.0,60.93675696195535,0.9998569455557904,2.6431575179405713,0.2915715307873659,0.3560193656886394,0.6455039978027344,0,187.78425772678605,203.01724064719232,61.61423173914949,94.69351377304604,108.41729174813389
coco_000000000285,images/coco_000000000285.png,svd_only,0.005,0.005,1.0,50.716372402437955,0.9997006496799528,9.37569681145749,0.7967547590399332,0.9607620259218423,0.07319259643554688,1,938.9212886339302,658.4944950415303,47.63483165242911,473.46756886523013,542.0864587406695
coco_000000000285,images/coco_000000000285.png,svd_only,0.01,0.01,1.0,43.45395856151412,0.9991159584129791,14.259479445960192,0.9114662730525889,0.9892518868001493,3.814697265625e-06,1,1877.8425772678604,1519.4025141482425,41.61423173914949,946.9351377304603,1084.172917481339
coco_000000000285,images/coco_000000000285.png,svd_only,0.02,0.02,1.0,36.9513565975025,0.9967876414107938,15.852996180484407,0.9140807225863359,0.9832538646045894,0.0,1,3755.685154535721,3212.202671065448,35.59363182586987,1893.8702754609205,2168.345834962678
coco_000000000285,images/coco_000000000285.png,svd_only,0.05,0.05,1.0,29.03633196574628,0.9823295451281471,13.926385049680725,0.8066233207059992,0.9557204304567465,7.62939453125e-06,1,9389.212886339303,7990.135981320968,27.634831652429117,4734.675688652302,5420.864587406695
coco_000000000285,images/coco_000000000285.png,svd_only,0.1,0.1,1.0,23.438637905330268,0.9426536759934243,11.740831958287924,0.6982045812716824,0.9231358873926738,0.00025177001953125,1,18778.425772678605,15220.848859377062,21.614231739149496,9469.351377304603,10841.72917481339
coco_000000000285,images/coco_000000000285.png,svd_texture,0.001,0.0003681868521157791,0.29798539123975454,60.93675696195535,0.9998569455557904,3.5933087717078487,0.42444366728388094,0.3938389548513353,0.464752197265625,0,69.13969472932352,203.01724064719232,70.2928662217601,34.864906751879985,39.91782136366345
coco_000000000285,images/coco_000000000285.png,svd_texture,0.005,0.0018409342605788953,0.29798539123975454,60.8064905075696,0.9998526788178143,2.2761738539371703,0.2390821269264225,0.3708826906668956,0.6877708435058594,0,345.6984736466176,206.08493394714714,56.31346613503971,174.3245337593999,199.58910681831725
coco_000000000285,images/coco_000000000285.png,svd_texture,0.01,0.0036818685211577906,0.29798539123975454,53.45953806784464,0.9997522093041807,7.477190685266038,0.7112338178071201,0.9113225437053459,0.33821868896484375,0,691.3969472932351,480.1687203473379,50.29286622176009,348.6490675187998,399.1782136366345
coco_000000000285,images/coco_000000000285.png,svd_texture,0.02,0.007363737042315581,0.29798539123975454,46.51852686820529,0.9994808184960399,12.471464034353506,0.8785040868313466,0.9846202820967616,0.000102996826171875,1,1382.7938945864703,1067.688156719929,44.27226630848047,697.2981350375996,798.356427273269
coco_000000000285,images/coco_000000000285.png,svd_texture,0.05,0.018409342605788952,0.29798539123975454,37.70409179795611,0.9972508130175811,15.856817736375897,0.9205038441393905,0.9849726822649895,0.0,1,3456.9847364661755,2945.548505796501,36.31346613503971,1743.2453375939992,1995.8910681831724
coco_000000000285,images/coco_000000000285.png,svd_texture,0.1,0.036818685211577905,0.29798539123975454,31.60776694626325,0.9899967529353387,14.792314702625667,0.8493893118783059,0.9664844882139074,0.0,1,6913.969472932351,5942.68104478105,30.29286622176009,3486.4906751879985,3991.7821363663447
coco_000000000285,images/coco_000000000285.png,svd_yolo,0.001,0.0009947739490068807,0.9941932766743118,60.93675696195535,0.9998569455557904,2.647929250346077,0.29222387894421215,0.35610433299758515,0.6443748474121094,0,186.8028876202008,203.01724064719232,61.65974366900698,94.19864064135044,107.85069745292225
coco_000000000285,images/coco_000000000285.png,svd_yolo,0.005,0.004973869745034404,0.9941932766743118,50.769082958310385,0.9997028960154523,9.342112219494766,0.795482966352596,0.9603509860993888,0.07815933227539062,1,934.0144381010041,654.51050411739,47.6803435822866,470.99320320675224,539.2534872646113
coco_000000000285,images/coco_000000000285.png,svd_yolo,0.01,0.009947739490068807,0.9941932766743118,43.504401711736946,0.9991233599987934,14.234419311613625,0.9110328313253843,0.9892308602879841,3.814697265625e-06,1,1868.0288762020082,1510.6041837622456,41.65974366900698,941.9864064135045,1078.5069745292226
coco_000000000285,images/coco_000000000285.png,svd_yolo,0.02,0.019895478980137615,0.9941932766743118,36.997997700059805,0.9968188794861206,15.860690733539037,0.9144933765231227,0.9833993138120055,0.0,1,3736.0577524040164,3195.0001564945187,35.63914375572735,1883.972812827009,2157.013949058445
coco_000000000285,images/coco_000000000285.png,svd_yolo,0.05,0.04973869745034404,0.9941932766743118,29.079316387311827,0.9824960054765223,13.94130648348341,0.8072719675650939,0.9558814869313859,7.62939453125e-06,1,9340.14438101004,7950.692359788549,27.680343582286607,4709.932032067522,5392.534872646113
coco_000000000285,images/coco_000000000285.png,svd_yolo,0.1,0.09947739490068808,0.9941932766743118,23.47939583963234,0.9431151836914612,11.76119089865358,0.6989824825886557,0.9235140826650089,0.00025177001953125,1,18680.28876202008,15149.593393883546,21.659743669006982,9419.864064135045,10785.069745292227
coco_000000000632,images/coco_000000000632.png,svd_only,0.001,0.001,1.0,61.99256748315294,0.999712413097907,2.4073510090354127,0.2585928874359673,0.34136024449207664,0.6680984497070312,0,187.78425772678605,179.7804216259379,61.61423173914949,94.69351377304604,108.41729174813389
coco_000000000632,images/coco_000000000632.png,svd_only,0.005,0.005,1.0,50.62185883842119,0.9994320016055118,9.272599395347548,0.787114241876549,0.9632065900137022,0.06299209594726562,1,938.9212886339302,665.6988808763314,47.63483165242911,473.46756886523013,542.0864587406695
coco_000000000632,images/coco_000000000632.png,svd_only,0.01,0.01,1.0,43.48925589407929,0.9989157360414378,14.256990159302656,0.9069638396682244,0.9948360716611232,0.0001373291015625,1,1877.8425772678604,1513.2405625015476,41.61423173914949,946.9351377304603,1084.172917481339
coco_000000000632,images/coco_000000000632.png,svd_only,0.02,0.02,1.0,36.702788309120514,0.9967566191250096,18.254421806752177,0.879228687358672,0.9972882210281463,5.340576171875e-05,1,3755.685154535721,3305.4557930790725,35.59363182586987,1893.8702754609205,2168.345834962678
coco_000000000632,images/coco_000000000632.png,svd_only,0.05,0.05,1.0,28.321744671235315,0.9822486507876143,20.02454087105136,0.7750220131816925,0.9939678850281977,9.5367431640625e-05,1,9389.212886339303,8675.280687101715,27.634831652429117,4734.675688652302,5420.864587406695
coco_000000000632,images/coco_000000000632.png,svd_only,0.1,0.1,1.0,22.24692022192808,0.9396798003404644,19.346749043629618,0.7447445669393357,0.9912464238935579,0.000324249267578125,1,18778.425772678605,17459.216792284813,21.614231739149496,9469.351377304603,10841.72917481339
coco_000000000632,images/coco_000000000632.png,svd_texture,0.001,0.00032857445109090756,0.2539716123232306,61.99256748315294,0.999712413097907,3.3785808940702973,0.39643144457211665,0.37898620257043003,0.4769439697265625,0,61.70110940609224,179.7804216259379,71.28155591819186,31.113869309847892,35.62315212490588
coco_000000000632,images/coco_000000000632.png,svd_texture,0.005,0.0016428722554545378,0.2539716123232306,61.46686707882856,0.9997079490778162,2.4284265943341747,0.2610129589328576,0.42737174044329457,0.6876068115234375,0,308.50554703046123,190.99738218101317,57.30215583147148,155.56934654923947,178.11576062452937
coco_000000000632,images/coco_000000000632.png,svd_texture,0.01,0.0032857445109090756,0.2539716123232306,55.902188913301856,0.9996428226596036,5.035389441840597,0.5504103370707375,0.8335737986499842,0.6407051086425781,0,617.0110940609225,362.4610323883107,51.28155591819186,311.13869309847894,356.23152124905874
coco_000000000632,images/coco_000000000632.png,svd_texture,0.02,0.006571489021818151,0.2539716123232306,47.87087830420394,0.9993754956446459,11.249858523738315,0.851054641640493,0.9839981776089153,0.002849578857421875,1,1234.022188121845,913.7488714083318,45.26095600491224,622.2773861969579,712.4630424981175
coco_000000000632,images/coco_000000000632.png,svd_texture,0.05,0.016428722554545378,0.2539716123232306,38.575184843270534,0.9976975398474052,17.33958285660971,0.9057098523946082,0.9975103185610756,5.340576171875e-05,1,3085.0554703046123,2664.47424457434,37.30215583147148,1555.6934654923946,1781.157606245294
coco_000000000632,images/coco_000000000632.png,svd_texture,0.1,0.032857445109090756,0.2539716123232306,32.09989496269586,0.9918667711611748,19.74892043522818,0.8131964436812634,0.9957406391065218,6.866455078125e-05,1,6170.110940609225,5615.33952668937,31.281555918191856,3111.386930984789,3562.315212490588
coco_000000000632,images/coco_000000000632.png,svd_yolo,0.001,0.0005455209867527012,0.4950233186141124,61.99256748315294,0.999712413097907,2.911781154344986,0.33002947826139045,0.3529369701516453,0.5649948120117188,0,102.44025357173989,179.7804216259379,66.87800247913825,51.65729907255257,59.14390797549749
coco_000000000632,images/coco_000000000632.png,svd_yolo,0.005,0.002727604933763506,0.4950233186141124,57.98870064086796,0.9996903068002848,3.9515249893607867,0.44420060065574535,0.741384395473808,0.6749610900878906,0,512.2012678586993,285.0596428819765,52.898602392417864,258.2864953627628,295.7195398774875
coco_000000000632,images/coco_000000000632.png,svd_yolo,0.01,0.005455209867527012,0.4950233186141124,49.70942419791798,0.999418307755391,10.04486355039118,0.8137865781157587,0.9732372916120673,0.042018890380859375,1,1024.4025357173987,739.4342431886693,46.87800247913824,516.5729907255256,591.439079754975
coco_000000000632,images/coco_000000000632.png,svd_yolo,0.02,0.010910419735054024,0.4950233186141124,42.609912533493514,0.9987771200930823,14.845929399970963,0.9149455846689122,0.9958563017954842,9.5367431640625e-05,1,2048.8050714347974,1674.4614059452072,40.857402565858614,1033.1459814510513,1182.87815950995
coco_000000000632,images/coco_000000000632.png,svd_yolo,0.05,0.027276049337635062,0.4950233186141124,33.805336672912176,0.9942560962525325,19.35688211508992,0.8365530327703267,0.9964295911756285,6.103515625e-05,1,5122.012678586994,4614.279900482848,32.898602392417864,2582.864953627629,2957.195398774875
coco_000000000632,images/coco_000000000632.png,svd_yolo,0.1,0.054552098675270125,0.4950233186141124,27.54798949246269,0.9791633208330349,20.00141468826449,0.7699546477879257,0.9935963079032879,0.00011444091796875,1,10244.025357173989,9483.557771216454,26.878002479138242,5165.729907255258,5914.39079754975
coco_000000000724,images/coco_000000000724.png,svd_only,0.001,0.001,1.0,64.06540526933853,0.9999180352245093,2.2638297629337703,0.22715548368223504,0.2952721357058896,0.6854629516601562,0,187.78425772678605,141.61214637170076,61.61423173914949,94.69351377304604,108.41729174813389
coco_000000000724,images/coco_000000000724.png,svd_only,0.005,0.005,1.0,51.15530813851728,0.9996104944945041,8.487310037759118,0.7571758694167446,0.9582875274456969,0.1698150634765625,1,938.9212886339302,626.0447268366694,47.63483165242911,473.46756886523013,542.0864587406695
coco_000000000724,images/coco_000000000724.png,svd_only,0.01,0.01,1.0,43.713559628046134,0.9986861538104869,13.125896942183974,0.8922454860878721,0.9933601613766738,9.918212890625e-05,1,1877.8425772678604,1474.6630123523137,41.61423173914949,946.9351377304603,1084.172917481339
coco_000000000724,images/coco_000000000724.png,svd_only,0.02,0.02,1.0,37.10370936309056,0.9960832361693028,15.092992176156098,0.8227151938299131,0.9904371730851226,3.814697265625e-05,1,3755.685154535721,3156.3510577880907,35.59363182586987,1893.8702754609205,2168.345834962678
coco_000000000724,images/coco_000000000724.png,svd_only,0.05,0.05,1.0,28.98343333522037,0.9834038500659964,14.196677628215145,0.7099312938130882,0.9674962150356481,4.9591064453125e-05,1,9389.212886339303,8038.945826412814,27.634831652429117,4734.675688652302,5420.864587406695
coco_000000000724,images/coco_000000000724.png,svd_only,0.1,0.1,1.0,23.20337993510076,0.949463063066215,12.561066227992999,0.6586591212699315,0.94469248983691,0.000156402587890625,1,18778.425772678605,15638.740454397215,21.614231739149496,9469.351377304603,10841.72917481339
coco_000000000724,images/coco_000000000724.png,svd_texture,0.001,0.0002751629102311189,0.1946254558123543,64.06540526933853,0.9999180352245093,3.200673060213695,0.3621266172775779,0.32673916007525794,0.5345993041992188,0,51.67126285169292,141.61214637170076,72.82243385772874,26.056142829801885,29.832417516792795
coco_000000000724,images/coco_000000000724.png,svd_texture,0.005,0.0013758145511555944,0.1946254558123543,64.06410608854836,0.9999180187290116,2.0989950295068325,0.20627453107416893,0.2943667830549136,0.6893997192382812,0,258.35631425846464,141.63332941084172,58.843033771008365,130.2807141490094,149.16208758396397
coco_000000000724,images/coco_000000000724.png,svd_texture,0.01,0.002751629102311189,0.1946254558123543,57.89281643193896,0.9997889893702511,4.417847881719765,0.4866554037104827,0.7786171054400322,0.6596031188964844,0,516.7126285169293,288.2238713222761,52.82243385772874,260.5614282980188,298.32417516792793
coco_000000000724,images/coco_000000000724.png,svd_texture,0.02,0.005503258204622378,0.1946254558123543,50.060344849180055,0.9995160300647546,9.15503469220231,0.7845297064710747,0.9678083455674767,0.07122039794921875,1,1033.4252570338585,710.1556167488926,46.80183394444913,521.1228565960376,596.6483503358559
coco_000000000724,images/coco_000000000724.png,svd_texture,0.05,0.013758145511555945,0.1946254558123543,40.61684018942696,0.9977995293153873,14.337313495476625,0.884390367434524,0.9940802024751684,4.1961669921875e-05,1,2583.5631425846464,2106.341377839784,38.84303377100837,1302.8071414900942,1491.6208758396397
coco_000000000724,images/coco_000000000724.png,svd_texture,0.1,0.02751629102311189,0.1946254558123543,34.20848839158853,0.9935180400867093,15.113679133228505,0.7714152353172145,0.9843705920569945,3.814697265625e-05,1,5167.126285169293,4405.004426785516,32.82243385772875,2605.6142829801884,2983.2417516792793
coco_000000000724,images/coco_000000000724.png,svd_yolo,0.001,0.0003598997994661136,0.28877755496234847,64.06540526933853,0.9999180352245093,3.0038729273017313,0.33197311550987946,0.31432829164316967,0.5654373168945312,0,67.58351669876329,141.61214637170076,70.49059964581255,34.08017661766093,39.01936155881252
coco_000000000724,images/coco_000000000724.png,svd_yolo,0.005,0.001799498997330568,0.28877755496234847,63.499693860465,0.9999119811314654,2.159324697617392,0.21368823836261486,0.3345294329128568,0.689422607421875,0,337.91758349381644,151.14231703927263,56.51119955909218,170.40088308830465,195.0968077940626
coco_000000000724,images/coco_000000000724.png,svd_yolo,0.01,0.003598997994661136,0.28877755496234847,54.70886264657289,0.9997578262541387,6.467387209473928,0.653147938078153,0.9207869358845914,0.4643402099609375,1,675.8351669876329,415.84131588864517,50.49059964581255,340.8017661766093,390.1936155881252
coco_000000000724,images/coco_000000000724.png,svd_yolo,0.02,0.007197995989322272,0.28877755496234847,47.10564182116783,0.9992055031897976,11.103360093501724,0.8460935526703444,0.9856895334443293,0.00254058837890625,1,1351.6703339752657,997.9038029790246,44.469999732532926,681.6035323532186,780.3872311762505
coco_000000000724,images/coco_000000000724.png,svd_yolo,0.05,0.017994989973305682,0.28877755496234847,38.079910332959145,0.9966907620643858,14.974113358141874,0.8428868386286578,0.9918797355365828,3.0517578125e-05,1,3379.175834938165,2820.819207251681,36.51119955909218,1704.0088308830468,1950.9680779406262
coco_000000000724,images/coco_000000000724.png,svd_yolo,0.1,0.035989979946611364,0.28877755496234847,31.831929559931776,0.99012701583775,14.802604139897774,0.7387465848547613,0.9774877948595073,3.814697265625e-05,1,6758.35166987633,5791.276370542162,30.490599645812555,3408.0176617660936,3901.9361558812525
coco_000000000785,images/coco_000000000785.png,svd_only,0.001,0.001,1.0,59.05769518311323,0.9997178460601516,4.217578200575493,0.4738313115143847,0.5157696943895592,0.4877662658691406,0,187.78425772678605,252.04959829366916,61.61423173914949,94.69351377304604,108.41729174813389
coco_000000000785,images/coco_000000000785.png,svd_only,0.005,0.005,1.0,49.723330823679454,0.9987962947752599,10.305318093428726,0.783049426031516,0.9443874328843993,0.06252670288085938,1,938.9212886339302,738.2513122236899,47.63483165242911,473.46756886523013,542.0864587406695
coco_000000000785,images/coco_000000000785.png,svd_only,0.01,0.01,1.0,43.23115604964883,0.9982154584150545,15.473378731046775,0.9086202599490961,0.9932584851606409,1.52587890625e-05,1,1877.8425772678604,1558.8810089291615,41.61423173914949,946.9351377304603,1084.172917481339
coco_000000000785,images/coco_000000000785.png,svd_only,0.02,0.02,1.0,36.486762638180906,0.996256308776826,20.891065640938127,0.9614340539473717,0.9988477105502735,0.0,1,3755.685154535721,3388.696209458735,35.59363182586987,1893.8702754609205,2168.345834962678
coco_000000000785,images/coco_000000000785.png,svd_only,0.05,0.05,1.0,28.050196993566992,0.984646330765797,26.533610346972534,0.9192560557834547,0.9992251904412855,0.0,1,9389.212886339303,8950.780748068852,27.634831652429117,4734.675688652302,5420.864587406695
coco_000000000785,images/coco_000000000785.png,svd_only,0.1,0.1,1.0,22.079987446734734,0.9537659224763554,23.565492102739512,0.80474916484791,0.9976730644248889,0.0,1,18778.425772678605,17798.007950329724,21.614231739149496,9469.351377304603,10841.72917481339
coco_000000000785,images/coco_000000000785.png,svd_texture,0.001,0.0001814479662005648,0.09049774022284979,59.05769518311323,0.9997178460601516,6.501648131937424,0.7011241527720781,0.6269725755567598,0.22710037231445312,0,34.07307164900803,252.04959829366916,76.43918964557668,17.181945486504375,19.672097088672174
coco_000000000785,images/coco_000000000785.png,svd_texture,0.005,0.0009072398310028241,0.09049774022284979,59.05769518311323,0.9997178460601516,4.419054318145895,0.49311498766061185,0.519194723162522,0.4548492431640625,0,170.36535824504014,252.04959829366916,62.45978955885629,85.90972743252188,98.36048544336087
coco_000000000785,images/coco_000000000785.png,svd_texture,0.01,0.0018144796620056481,0.09049774022284979,59.01165923097574,0.999716899889023,3.1783729558799405,0.3564967067149872,0.5138503106408008,0.6722679138183594,0,340.7307164900803,253.38902896534412,56.43918964557667,171.81945486504375,196.72097088672174
coco_000000000785,images/coco_000000000785.png,svd_texture,0.02,0.0036289593240112963,0.09049774022284979,55.90628990021568,0.9994231900306446,3.724392898887494,0.4225949437972852,0.6375720842246482,0.6767082214355469,0,681.4614329801606,362.2899391371502,50.41858973229704,343.6389097300875,393.4419417734435
coco_000000000785,images/coco_000000000785.png,svd_texture,0.05,0.00907239831002824,0.09049774022284979,44.80584831961256,0.9983991582441902,12.694404676576896,0.8776412853654225,0.9857103173773626,0.000782012939453125,1,1703.6535824504012,1300.4041679416441,42.45978955885629,859.0972743252187,983.6048544336086
coco_000000000785,images/coco_000000000785.png,svd_texture,0.1,0.01814479662005648,0.09049774022284979,37.538811290387336,0.9967446967430265,19.269955660024753,0.9591883864329618,0.9984160913722793,0.0,1,3407.3071649008025,3002.1349070286633,36.439189645576676,1718.1945486504374,1967.2097088672172
coco_000000000785,images/coco_000000000785.png,svd_yolo,0.001,0.0005493717072783289,0.499301896975921,59.05769518311323,0.9997178460601516,5.353078139359305,0.5871843648543397,0.5567681496949518,0.3492393493652344,0,103.16335826735818,252.04959829366916,66.81690595050178,52.021937329682245,59.561392666165
coco_000000000785,images/coco_000000000785.png,svd_yolo,0.005,0.0027468585363916442,0.499301896975921,58.30737067271209,0.9996833346553053,2.9757293867962513,0.33561725036688994,0.5236415490618918,0.6872024536132812,0,515.8167913367909,274.79082954130763,52.8375058637814,260.10968664841124,297.80696333082494
coco_000000000785,images/coco_000000000785.png,svd_yolo,0.01,0.0054937170727832885,0.499301896975921,48.564146718990784,0.9990645791386633,13.21946640773665,0.85373646326003,0.9813578370764441,0.001399993896484375,1,1031.6335826735817,843.6521795147571,46.81690595050178,520.2193732968225,595.6139266616499
coco_000000000785,images/coco_000000000785.png,svd_yolo,0.02,0.010987434145566577,0.499301896975921,42.20051671692328,0.9982789087761472,16.930215945521475,0.9285316970881476,0.9962138400995985,0.0,1,2063.2671653471634,1755.2740526766754,40.79630603722215,1040.438746593645,1191.2278533232998
coco_000000000785,images/coco_000000000785.png,svd_yolo,0.05,0.027468585363916442,0.499301896975921,33.54089302591155,0.9941912084923352,22.905028786520575,0.9623592060695331,0.9993113208115917,0.0,1,5158.167913367908,4756.922955020398,32.837505863781395,2601.096866484112,2978.0696333082496
coco_000000000785,images/coco_000000000785.png,svd_yolo,0.1,0.054937170727832885,0.499301896975921,27.20719672076708,0.982009751182077,26.79169884927669,0.9100980319499103,0.9991450245755342,0.0,1,10316.335826735816,9863.04314093779,26.816905950501777,5202.193732968224,5956.139266616499
coco_000000000802,images/coco_000000000802.png,svd_only,0.001,0.001,1.0,60.55586933555549,0.9997656681823613,2.8647737362551897,0.3286898400796703,0.4022475268107539,0.6497993469238281,0,187.78425772678605,212.11789174890458,61.61423173914949,94.69351377304604,108.41729174813389
coco_000000000802,images/coco_000000000802.png,svd_only,0.005,0.005,1.0,50.40999151461691,0.9993517764637333,9.622615143548389,0.7953249417086575,0.9598903834146232,0.07291030883789062,1,938.9212886339302,682.1363500063605,47.63483165242911,473.46756886523013,542.0864587406695
coco_000000000802,images/coco_000000000802.png,svd_only,0.01,0.01,1.0,43.37703984535763,0.9985108502024964,14.764972813166032,0.9067973846883332,0.993867845927753,1.9073486328125e-05,1,1877.8425772678604,1532.9174798403208,41.61423173914949,946.9351377304603,1084.172917481339
coco_000000000802,images/coco_000000000802.png,svd_only,0.02,0.02,1.0,36.6263112637229,0.9955100972387622,18.95085862079537,0.9321555641630374,0.9975477486841152,0.0,1,3755.685154535721,3334.687991401894,35.59363182586987,1893.8702754609205,2168.345834962678
coco_000000000802,images/coco_000000000802.png,svd_only,0.05,0.05,1.0,28.26236739656343,0.9778849166852366,21.782008483736114,0.8859343746086261,0.9971800321938231,0.0,1,9389.212886339303,8734.788606486136,27.634831652429117,4734.675688652302,5420.864587406695
coco_000000000802,images/coco_000000000802.png,svd_only,0.1,0.1,1.0,22.210841975201756,0.9295208726344839,21.436457592617714,0.8430605358122273,0.9961216174626454,3.814697265625e-06,1,18778.425772678605,17531.887291446976,21.614231739149496,9469.351377304603,10841.72917481339
coco_000000000802,images/coco_000000000802.png,svd_texture,0.001,0.00022857085317398438,0.1428565035266493,60.555965859382695,0.9997656698717551,4.455163495829205,0.548299701297949,0.475426619096564,0.3884086608886719,0,42.92200800125486,212.11553455605272,74.43381475188797,21.64417723314757,24.781032873683742
coco_000000000802,images/coco_000000000802.png,svd_texture,0.005,0.0011428542658699218,0.1428565035266493,60.55432524600755,0.9997656396025228,2.7278920354406,0.3088011713241318,0.40137518857122245,0.6709556579589844,0,214.61004000627426,212.15560327269228,60.45441466516759,108.22088616573784,123.9051643684187
coco_000000000802,images/coco_000000000802.png,svd_texture,0.01,0.0022857085317398436,0.1428565035266493,58.87568765905104,0.999707011824743,3.260329402078097,0.36462375399146474,0.5783628576180996,0.6781501770019531,0,429.2200800125485,257.3868683519033,54.433814751887965,216.44177233147568,247.8103287368374
coco_000000000802,images/coco_000000000802.png,svd_texture,0.02,0.004571417063479687,0.1428565035266493,51.22995508245148,0.9993597955603417,9.040874666666507,0.7717087928663898,0.9480180165532681,0.12175750732421875,1,858.440160025097,620.6875220269858,48.41321483860834,432.88354466295135,495.6206574736748
coco_000000000802,images/coco_000000000802.png,svd_texture,0.05,0.01142854265869922,0.1428565035266493,42.09072046952343,0.9981026691804239,15.40332891644383,0.9147052689791932,0.994917680061334,3.814697265625e-06,1,2146.100400062743,1777.6028802856954,40.45441466516759,1082.2088616573787,1239.0516436841872
coco_000000000802,images/coco_000000000802.png,svd_texture,0.1,0.02285708531739844,0.1428565035266493,35.3727518278322,0.9943817890485792,19.612515885375437,0.9294132128258391,0.9976681474770192,0.0,1,4292.200800125486,3852.4159951905503,34.433814751887965,2164.4177233147575,2478.1032873683744
coco_000000000802,images/coco_000000000802.png,svd_yolo,0.001,0.0005909514147276931,0.545501571919659,60.555965859382695,0.9997656698717551,3.4952960243726183,0.415135060972504,0.4163374962700875,0.5296707153320312,0,110.97137276723394,212.11553455605272,66.18319620555233,55.95926592971784,64.06935193950477
coco_000000000802,images/coco_000000000802.png,svd_yolo,0.005,0.0029547570736384657,0.545501571919659,56.52660340508672,0.999621652812908,4.531775597906166,0.49430116742326563,0.7402116326772321,0.6343994140625,0,554.8568638361697,337.3188402683728,52.20379611883195,279.7963296485892,320.3467596975239
coco_000000000802,images/coco_000000000802.png,svd_yolo,0.01,0.005909514147276931,0.545501571919659,48.94079162238363,0.9991905609349363,10.326332901043191,0.8190736430135654,0.9699438244121508,0.043079376220703125,1,1109.7137276723395,807.8508525711909,46.183196205552335,559.5926592971784,640.6935193950478
coco_000000000802,images/coco_000000000802.png,svd_yolo,0.02,0.011819028294553863,0.545501571919659,41.73950502760685,0.9979953256246755,15.677316358274545,0.9160309593222188,0.9951040903878511,3.814697265625e-06,1,2219.427455344679,1850.953538044648,40.16259629227271,1119.1853185943569,1281.3870387900956
coco_000000000802,images/coco_000000000802.png,svd_yolo,0.05,0.029547570736384657,0.545501571919659,33.004796884083724,0.9912780267710736,20.62054559398589,0.9204122244791132,0.997706470318268,0.0,1,5548.568638361698,5059.771733981683,32.20379611883195,2797.9632964858924,3203.467596975239
coco_000000000802,images/coco_000000000802.png,svd_yolo,0.1,0.059095141472769314,0.545501571919659,26.783732918539805,0.9704320362744668,21.895460587508445,0.8750556590342248,0.9969824183387538,3.814697265625e-06,1,11097.137276723395,10355.811170545743,26.18319620555233,5595.926592971785,6406.935193950478
coco_000000000872,images/coco_000000000872.png,svd_only,0.001,0.001,1.0,57.7044201745635,0.9998434645448094,3.1631582860339806,0.37107647839427477,0.3865030611301801,0.5663795471191406,0,187.78425772678605,294.54371492191103,61.61423173914949,94.69351377304604,108.41729174813389
coco_000000000872,images/coco_000000000872.png,svd_only,0.005,0.005,1.0,50.26271539055635,0.9996772182935829,9.742247203647779,0.8063098755428597,0.9628603819575565,0.04720306396484375,1,938.9212886339302,693.8011242423869,47.63483165242911,473.46756886523013,542.0864587406695
coco_000000000872,images/coco_000000000872.png,svd_only,0.01,0.01,1.0,43.46000711810346,0.9992076226083899,13.84848585597938,0.8673944902112094,0.9891429769258572,0.0,1,1877.8425772678604,1518.3448224958652,41.61423173914949,946.9351377304603,1084.172917481339
coco_000000000872,images/coco_000000000872.png,svd_only,0.02,0.02,1.0,36.7562217632588,0.9978516450898889,16.821355680735728,0.8014840678963147,0.9886427022668847,0.0,1,3755.685154535721,3285.183860912506,35.59363182586987,1893.8702754609205,2168.345834962678
coco_000000000872,images/coco_000000000872.png,svd_only,0.05,0.05,1.0,28.428927913796024,0.9887905311400046,17.56957231372049,0.7326674564328047,0.9811667271615819,0.0,1,9389.212886339303,8568.886158655629,27.634831652429117,4734.675688652302,5420.864587406695
coco_000000000872,images/coco_000000000872.png,svd_only,0.1,0.1,1.0,22.624195284435334,0.9566834301042887,16.03201847974732,0.7072454463488617,0.9749247774312821,0.0,1,18778.425772678605,16717.102470224916,21.614231739149496,9469.351377304603,10841.72917481339
coco_000000000872,images/coco_000000000872.png,svd_texture,0.001,0.0003617316727790385,0.2908129697544872,57.7044201745635,0.9998434645448094,4.087326163421572,0.511905771747608,0.44104277774679446,0.4100379943847656,0,67.9275136690804,294.54371492191103,70.44650100483796,34.25364313844886,39.21796830222552
coco_000000000872,images/coco_000000000872.png,svd_texture,0.005,0.0018086583638951925,0.2908129697544872,57.64727959272605,0.9998416096400536,2.635390344169294,0.2939954317661792,0.3882135620250913,0.6696128845214844,0,339.63756834540203,296.4877737782791,56.46710091811759,171.2682156922443,196.08984151112762
coco_000000000872,images/coco_000000000872.png,svd_texture,0.01,0.003617316727790385,0.2908129697544872,52.73966711787152,0.9995966239949315,7.298342981889922,0.6960803918547817,0.8738752077030205,0.37773895263671875,0,679.2751366908041,521.6598508606926,50.44650100483796,342.5364313844886,392.17968302225523
coco_000000000872,images/coco_000000000872.png,svd_texture,0.02,0.00723463345558077,0.2908129697544872,46.54799591752067,0.9994227160545955,12.28101330686015,0.8704351880925474,0.9847028817406692,0.0001983642578125,1,1358.5502733816081,1064.0718960671784,44.42590109155834,685.0728627689772,784.3593660445105
coco_000000000872,images/coco_000000000872.png,svd_texture,0.05,0.018086583638951926,0.2908129697544872,37.70267395661887,0.9981410895609111,16.546672905358626,0.8125646397669626,0.9894358372770875,0.0,1,3396.3756834540204,2946.029361700253,36.46710091811758,1712.682156922443,1960.898415111276
coco_000000000872,images/coco_000000000872.png,svd_texture,0.1,0.03617316727790385,0.2908129697544872,31.317235033874656,0.9938090787461381,17.597111184232922,0.7517961536946692,0.9837162996508825,0.0,1,6792.751366908041,6144.817898034083,30.44650100483796,3425.364313844886,3921.796830222552
coco_000000000872,images/coco_000000000872.png,svd_yolo,0.001,0.000576752919122273,0.5297254656914144,57.7044201745635,0.9998434645448094,3.73332400085562,0.4520352817606466,0.414759880921516,0.45456695556640625,0,108.3051188091331,294.54371492191103,66.39443571324138,54.61476049054946,62.52998949906735
coco_000000000872,images/coco_000000000872.png,svd_yolo,0.005,0.002883764595611365,0.5297254656914144,55.77299321115893,0.9997424453197228,3.755783776547182,0.4275064817003525,0.5935218113381058,0.6498641967773438,0,541.5255940456655,367.8926473850762,52.415035626521004,273.0738024527473,312.64994749533673
coco_000000000872,images/coco_000000000872.png,svd_yolo,0.01,0.00576752919122273,0.5297254656914144,49.23251541476964,0.9996131872421246,9.960588824593298,0.815411943280699,0.9694529048179699,0.04216766357421875,1,1083.051188091331,781.1689958005246,46.39443571324138,546.1476049054946,625.2998949906735
coco_000000000872,images/coco_000000000872.png,svd_yolo,0.02,0.01153505838244546,0.5297254656914144,41.99706849340843,0.9990882426535196,14.883173657274199,0.8636381820237791,0.9919517451113686,0.0,1,2166.102376182662,1796.8728391291354,40.37383579996175,1092.2952098109893,1250.599789981347
coco_000000000872,images/coco_000000000872.png,svd_yolo,0.05,0.028837645956113652,0.5297254656914144,33.37151006947014,0.9959035905157368,17.453092922389995,0.7683122649490736,0.9855745142261207,0.0,1,5415.2559404566555,4850.597798210031,32.415035626521004,2730.738024527473,3126.4994749533676
coco_000000000872,images/coco_000000000872.png,svd_yolo,0.1,0.057675291912227304,0.5297254656914144,27.174158292819506,0.9853665232310885,17.482052078911458,0.7257904049124834,0.9801684468268402,0.0,1,10830.511880913311,9900.630535476012,26.394435713241382,5461.476049054946,6252.998949906735
coco_000000000885,images/coco_000000000885.png,svd_only,0.001,0.001,1.0,59.46175499912157,0.9997121067618288,2.8880109362549944,0.3295591366980542,0.4039009626078771,0.6387519836425781,0,187.78425772678605,240.59301735503465,61.61423173914949,94.69351377304604,108.41729174813389
coco_000000000885,images/coco_000000000885.png,svd_only,0.005,0.005,1.0,50.20542478668613,0.9995108748225413,10.541343586814499,0.8329929921837111,0.9752550481909056,0.037197113037109375,1,938.9212886339302,698.3924398216235,47.63483165242911,473.46756886523013,542.0864587406695
coco_000000000885,images/coco_000000000885.png,svd_only,0.01,0.01,1.0,43.23244476819266,0.9987926888980582,15.265486847340501,0.9221619533851552,0.9956592083808066,2.288818359375e-05,1,1877.8425772678604,1558.649736149851,41.61423173914949,946.9351377304603,1084.172917481339
coco_000000000885,images/coco_000000000885.png,svd_only,0.02,0.02,1.0,36.562080333930886,0.9967582833276317,19.55804502026355,0.9277390518287495,0.9988159061976352,7.62939453125e-06,1,3755.685154535721,3359.4389412519467,35.59363182586987,1893.8702754609205,2168.345834962678
coco_000000000885,images/coco_000000000885.png,svd_only,0.05,0.05,1.0,28.267730816223107,0.9842431900322864,21.257991932009922,0.7987533686837359,0.9968567757286798,1.1444091796875e-05,1,9389.212886339303,8729.396657272482,27.634831652429117,4734.675688652302,5420.864587406695
coco_000000000885,images/coco_000000000885.png,svd_only,0.1,0.1,1.0,22.209336892615326,0.946774465590167,20.101913209484525,0.7616307887093706,0.9941779973302963,1.1444091796875e-05,1,18778.425772678605,17534.92546320058,21.614231739149496,9469.351377304603,10841.72917481339
coco_000000000885,images/coco_000000000885.png,svd_texture,0.001,0.00018350301157986983,0.0927811239776331,59.47317412058722,0.9997121719989458,4.479610779579965,0.5605043344782965,0.4755651950358034,0.3800697326660156,0,34.458976820155684,240.2769235694514,76.34136781678387,17.37654495443383,19.89489954311594
coco_000000000885,images/coco_000000000885.png,svd_texture,0.005,0.0009175150578993491,0.0927811239776331,59.47242193921102,0.9997121698962076,2.9530741521372588,0.3391534926773933,0.40016377252158897,0.61383056640625,0,172.2948841007784,240.29773199096158,62.3619677300635,86.88272477216914,99.47449771557969
coco_000000000885,images/coco_000000000885.png,svd_texture,0.01,0.0018350301157986982,0.0927811239776331,58.85867649425781,0.9997095536375896,3.042490495326233,0.34377832653795126,0.5065959242420135,0.678314208984375,0,344.5897682015568,257.8914500327609,56.34136781678387,173.76544954433828,198.94899543115937
coco_000000000885,images/coco_000000000885.png,svd_texture,0.02,0.0036700602315973964,0.0927811239776331,52.830280282541665,0.9994437017081458,7.8779083838993245,0.7259317786638656,0.8858871096736639,0.14034271240234375,1,689.1795364031136,516.2460653603085,50.32076790350425,347.53089908867656,397.89799086231875
coco_000000000885,images/coco_000000000885.png,svd_texture,0.05,0.00917515057899349,0.0927811239776331,44.17016471944564,0.9989099408037904,14.365781395660775,0.9099906359598658,0.9939774256218314,5.340576171875e-05,1,1722.9488410077838,1399.1443813988606,42.3619677300635,868.8272477216913,994.7449771557968
coco_000000000885,images/coco_000000000885.png,svd_texture,0.1,0.01835030115798698,0.0927811239776331,37.385976739989935,0.9971434487441376,19.007994017939026,0.9358870528230564,0.9987780069799822,7.62939453125e-06,1,3445.8976820155676,3055.427138715633,36.34136781678387,1737.6544954433825,1989.4899543115937
coco_000000000885,images/coco_000000000885.png,svd_yolo,0.001,0.00039781997661496706,0.3309110851277412,59.47317412058722,0.9997121719989458,3.9077281084203577,0.46966239985603525,0.4321311813812146,0.45052337646484375,0,74.70432901752898,240.2769235694514,69.62049998862919,37.67097143478223,43.13056446790069
coco_000000000885,images/coco_000000000885.png,svd_yolo,0.005,0.0019890998830748353,0.3309110851277412,58.69772874928422,0.9997078981758533,3.082587270827765,0.3483874007042574,0.5211111442209015,0.6795578002929688,0,373.52164508764486,262.7146741238487,55.64109990190882,188.35485717391117,215.65282233950344
coco_000000000885,images/coco_000000000885.png,svd_yolo,0.01,0.003978199766149671,0.3309110851277412,51.92895500157096,0.9994715991602563,9.07261565177602,0.7791742282309625,0.9124959410019315,0.04227447509765625,1,747.0432901752897,572.6945084423282,49.62049998862919,376.70971434782234,431.3056446790069
coco_000000000885,images/coco_000000000885.png,svd_yolo,0.02,0.007956399532299341,0.3309110851277412,45.464666575940534,0.9991486345418187,13.779953793262985,0.9010528032805518,0.9910195599889221,0.0,1,1494.0865803505794,1205.417355109839,43.59990007534957,753.4194286956447,862.6112893580138
coco_000000000885,images/coco_000000000885.png,svd_yolo,0.05,0.019890998830748352,0.3309110851277412,36.61200682960494,0.9967835140508581,19.534705422418156,0.9281107484994778,0.9988112619305359,7.62939453125e-06,1,3735.2164508764486,3340.1842763536265,35.64109990190881,1883.5485717391116,2156.5282233950343
coco_000000000885,images/coco_000000000885.png,svd_yolo,0.1,0.039781997661496704,0.3309110851277412,30.300648565140435,0.9895363227188515,21.303415292672213,0.8225144467341708,0.9975677943640914,7.62939453125e-06,1,7470.432901752897,6907.77750075956,29.62049998862919,3767.097143478223,4313.056446790069
coco_000000001000,images/coco_000000001000.png,svd_only,0.001,0.001,1.0,61.242859237135896,0.9996583423588934,2.464148925970098,0.267081563381311,0.3589327236455441,0.6730232238769531,0,187.78425772678605,195.98724448289997,61.61423173914949,94.69351377304604,108.41729174813389
coco_000000001000,images/coco_000000001000.png,svd_only,0.005,0.005,1.0,50.84519277369182,0.9994508850936835,8.934480975131358,0.7763596574788932,0.9608759801396706,0.11370849609375,1,938.9212886339302,648.8004315658244,47.63483165242911,473.46756886523013,542.0864587406695
coco_000000001000,images/coco_000000001000.png,svd_only,0.01,0.01,1.0,43.64743648631725,0.9989567884790186,13.428453084101339,0.8882786086248374,0.9931402422730293,0.000194549560546875,1,1877.8425772678604,1485.9320307470325,41.61423173914949,946.9351377304603,1084.172917481339
coco_000000001000,images/coco_000000001000.png,svd_only,0.02,0.02,1.0,36.96748972085409,0.9970151323339606,16.208047233323086,0.8983693013728136,0.9970589583247577,8.7738037109375e-05,1,3755.685154535721,3206.2418810813383,35.59363182586987,1893.8702754609205,2168.345834962678
coco_000000001000,images/coco_000000001000.png,svd_only,0.05,0.05,1.0,28.75777071783911,0.9861157189473646,16.402642046408058,0.7873522733129312,0.9921042607690791,0.000152587890625,1,9389.212886339303,8250.53731583586,27.634831652429117,4734.675688652302,5420.864587406695
coco_000000001000,images/coco_000000001000.png,svd_only,0.1,0.1,1.0,22.872948981671325,0.9535359182522699,14.923190361697976,0.7245155662316174,0.985183046383559,0.000614166259765625,1,18778.425772678605,16245.134810151623,21.614231739149496,9469.351377304603,10841.72917481339
coco_000000001000,images/coco_000000001000.png,svd_texture,0.001,0.0003732379851610456,0.30359776129005056,61.242859237135896,0.9996583423588934,3.3726004528981166,0.3989000116469506,0.38174559101644673,0.49927520751953125,0,70.08821799890814,195.98724448289997,70.17451501266804,35.34321628847142,40.46545152869075
coco_000000001000,images/coco_000000001000.png,svd_texture,0.005,0.001866189925805228,0.30359776129005056,61.22683359231311,0.9996581482528785,2.094308548676393,0.21774699437479753,0.3570355675717705,0.689453125,0,350.4410899945407,196.34917876069662,56.195114925947664,176.71608144235708,202.32725764345375
coco_000000001000,images/coco_000000001000.png,svd_texture,0.01,0.003732379851610456,0.30359776129005056,53.767760090272674,0.9995535198420362,6.701046932006488,0.6672974056853271,0.8969181700289139,0.4291419982910156,0,700.8821799890814,463.42852739122566,50.17451501266804,353.43216288471416,404.6545152869075
coco_000000001000,images/coco_000000001000.png,svd_texture,0.02,0.007464759703220912,0.30359776129005056,46.62657450073851,0.9992729975872529,11.719911957481933,0.8568211411731556,0.9866609648038518,0.001678466796875,1,1401.7643599781627,1054.4889757602969,44.15391509938841,706.8643257694283,809.309030573815
coco_000000001000,images/coco_000000001000.png,svd_texture,0.05,0.01866189925805228,0.30359776129005056,37.611300657923096,0.9973271145833705,16.035441035621954,0.9036908846153991,0.9970973916452742,9.1552734375e-05,1,3504.4108999454065,2977.184408127921,36.19511492594766,1767.160814423571,2023.2725764345375
coco_000000001000,images/coco_000000001000.png,svd_texture,0.1,0.03732379851610456,0.30359776129005056,31.32510191813462,0.9916167047058552,16.66618165638305,0.8203587105286737,0.9942424411812436,0.000110626220703125,1,7008.821799890813,6139.255003662904,30.17451501266803,3534.321628847142,4046.545152869075
coco_000000001000,images/coco_000000001000.png,svd_yolo,0.001,0.0007707148443659498,0.7452387159621665,61.242859237135896,0.9996583423588934,2.6803947974072173,0.2983470281357028,0.35981304977040884,0.647125244140625,0,144.72811496827532,195.98724448289997,63.87635726309782,72.98169673005809,83.5588161362408
coco_000000001000,images/coco_000000001000.png,svd_yolo,0.005,0.0038535742218297492,0.7452387159621665,53.455057330555405,0.999549924116173,6.968556561164925,0.683231332490912,0.9087931586451585,0.4016876220703125,1,723.6405748413766,480.41648597857255,49.89695717637745,364.90848365029046,417.794080681204
coco_000000001000,images/coco_000000001000.png,svd_yolo,0.01,0.0077071484436594985,0.7452387159621665,46.29645349156483,0.9992470050121754,11.92043655276511,0.8617355370779926,0.9878059911970202,0.001102447509765625,1,1447.2811496827533,1095.3378474242547,43.87635726309782,729.8169673005809,835.588161362408
coco_000000001000,images/coco_000000001000.png,svd_yolo,0.02,0.015414296887318997,0.7452387159621665,39.41206033918921,0.9980286515355502,15.454301397336698,0.9130786572100135,0.9968866109722745,9.5367431640625e-05,1,2894.5622993655065,2419.734696201218,37.8557573498182,1459.6339346011619,1671.176322724816
coco_000000001000,images/coco_000000001000.png,svd_yolo,0.05,0.038535742218297496,0.7452387159621665,31.042531936311168,0.9911483642382432,16.650242826220847,0.8165217895418676,0.9940338419583649,0.000118255615234375,1,7236.405748413767,6342.261899354205,29.896957176377445,3649.084836502905,4177.94080681204
coco_000000001000,images/coco_000000001000.png,svd_yolo,0.1,0.07707148443659499,0.7452387159621665,25.04847715610477,0.9704148134347323,15.604482911002666,0.7471401864016158,0.988213988218744,0.000335693359375,1,14472.811496827533,12645.817529918735,23.87635726309782,7298.16967300581,8355.88161362408
coco_000000001268,images/coco_000000001268.png,svd_only,0.001,0.001,1.0,59.89650670906499,0.9993468262681761,2.7006011846047095,0.30014637205279276,0.3944464369890115,0.6674919128417969,0,187.78425772678605,228.84711053452259,61.61423173914949,94.69351377304604,108.41729174813389
coco_000000001268,images/coco_000000001268.png,svd_only,0.005,0.005,1.0,50.16903563957122,0.9991555759004364,9.789840846575824,0.784558786858395,0.9752615185232447,0.003826141357421875,1,938.9212886339302,701.3244612873559,47.63483165242911,473.46756886523013,542.0864587406695
coco_000000001268,images/coco_000000001268.png,svd_only,0.01,0.01,1.0,43.80679309293838,0.9984732487144647,11.617017205398186,0.778972892132328,0.9805905231101099,0.00104522705078125,1,1877.8425772678604,1458.9187777254772,41.61423173914949,946.9351377304603,1084.172917481339
coco_000000001268,images/coco_000000001268.png,svd_only,0.02,0.02,1.0,37.581886432067634,0.9961318623468256,12.136009947203894,0.7356185784848538,0.978426787990438,0.00091552734375,1,3755.685154535721,2987.2835486441522,35.59363182586987,1893.8702754609205,2168.345834962678
coco_000000001268,images/coco_000000001268.png,svd_only,0.05,0.05,1.0,30.166551317270862,0.9800715900048981,10.363928209672704,0.6736293043821013,0.9745531813274041,0.00342559814453125,0,9389.212886339303,7015.250815188292,27.634831652429117,4734.675688652302,5420.864587406695
coco_000000001268,images/coco_000000001268.png,svd_only,0.1,0.1,1.0,25.270346424346034,0.941352674559219,8.165396985658559,0.6131825594446535,0.9695185043443114,0.2113494873046875,0,18778.425772678605,12326.887928427028,21.614231739149496,9469.351377304603,10841.72917481339
coco_000000001268,images/coco_000000001268.png,svd_texture,0.001,0.0002505625618211604,0.16729173535684488,59.89650670906499,0.9993468262681761,4.181830660508424,0.5031865663708345,0.4525981071107611,0.42086029052734375,0,47.05170468570855,228.84711053452259,73.63590812419261,23.72664939882175,27.165314366124584
coco_000000001268,images/coco_000000001268.png,svd_texture,0.005,0.0012528128091058022,0.16729173535684488,59.896257936627904,0.9993468257579853,2.4985832779820147,0.27165630756053055,0.3933560750991808,0.6824684143066406,0,235.25852342854276,228.8536650351049,59.656508037472236,118.63324699410876,135.82657183062292
coco_000000001268,images/coco_000000001268.png,svd_texture,0.01,0.0025056256182116043,0.16729173535684488,55.495323938223734,0.9992786317114403,7.606160477603378,0.7058039117059557,0.927591593797166,0.3506431579589844,1,470.5170468570855,379.8433887801656,53.63590812419261,237.26649398821752,271.65314366124585
coco_000000001268,images/coco_000000001268.png,svd_texture,0.02,0.005011251236423209,0.16729173535684488,50.15247622861545,0.9991558502114026,9.792304608994062,0.784683928330829,0.9753836972835607,0.003795623779296875,1,941.034093714171,702.6627925256894,47.615308210912985,474.53298797643504,543.3062873224917
coco_000000001268,images/coco_000000001268.png,svd_texture,0.05,0.012528128091058022,0.16729173535684488,41.7439465461056,0.9980367632034451,11.996450183171234,0.766122909904298,0.9805135521047733,0.0007781982421875,1,2352.5852342854278,1850.0072972829053,39.656508037472236,1186.3324699410875,1358.2657183062292
coco_000000001268,images/coco_000000001268.png,svd_texture,0.1,0.025056256182116043,0.16729173535684488,35.66809259863442,0.9943131498962882,11.898970992702685,0.7196746409784446,0.9772638477026493,0.00107574462890625,1,4705.1704685708555,3723.6267267275866,33.63590812419261,2372.664939882175,2716.5314366124585
coco_000000001268,images/coco_000000001268.png,svd_yolo,0.001,0.00042779457613525485,0.36421619570583874,59.89650670906499,0.9993468262681761,3.660988308512639,0.42977161696565,0.41710690339503553,0.4880409240722656,0,80.3330869391039,228.84711053452259,68.98952625923884,40.50937158729814,46.38032936912521
coco_000000001268,images/coco_000000001268.png,svd_yolo,0.005,0.0021389728806762744,0.36421619570583874,57.54489377218654,0.9992584806861696,4.390369750476569,0.47980230651551037,0.7111909610197902,0.624237060546875,0,401.6654346955195,300.003333314815,55.01012617251846,202.5468579364907,231.90164684562603
coco_000000001268,images/coco_000000001268.png,svd_yolo,0.01,0.004277945761352549,0.36421619570583874,52.26359670683823,0.9991793602126654,8.083402345839707,0.7354625262426677,0.954527905917554,0.30600738525390625,1,803.330869391039,551.0499069957276,48.98952625923884,405.0937158729814,463.80329369125207
coco_000000001268,images/coco_000000001268.png,svd_yolo,0.02,0.008555891522705097,0.36421619570583874,45.359086779235,0.9986904746802518,10.983095950544826,0.781889755410631,0.9791167368086725,0.001705169677734375,1,1606.661738782078,1220.159006031591,42.96892634595922,810.1874317459628,927.6065873825041
coco_000000001268,images/coco_000000001268.png,svd_yolo,0.05,0.021389728806762744,0.36421619570583874,37.01037020495107,0.9956884059132124,12.072856762576071,0.7313044189454273,0.9780881380727713,0.000949859619140625,1,4016.654346955195,3190.452319029388,35.01012617251847,2025.468579364907,2319.01646845626
coco_000000001268,images/coco_000000001268.png,svd_yolo,0.1,0.04277945761352549,0.36421619570583874,31.348889231868316,0.9849001295992821,10.80946202925752,0.6845404079967915,0.9751606481107039,0.002101898193359375,0,8033.30869391039,6122.464944775103,28.989526259238843,4050.937158729814,4638.03293691252
coco_000000001296,images/coco_000000001296.png,svd_only,0.001,0.001,1.0,62.142529992660414,0.9995889471257678,2.362719135359401,0.2545182820281002,0.34221539507442306,0.6788482666015625,0,187.78425772678605,176.70314088889307,61.61423173914949,94.69351377304604,108.41729174813389
coco_000000001296,images/coco_000000001296.png,svd_only,0.005,0.005,1.0,50.59487507967252,0.9993510212385823,9.695761108082237,0.8044887713953012,0.967122980601479,0.05295562744140625,1,938.9212886339302,667.7701700435563,47.63483165242911,473.46756886523013,542.0864587406695
coco_000000001296,images/coco_000000001296.png,svd_only,0.01,0.01,1.0,43.259616360115594,0.9989186125271085,15.451550514296407,0.9211246692963023,0.994424622096942,0.0,1,1877.8425772678604,1553.781516172721,41.61423173914949,946.9351377304603,1084.172917481339
coco_000000001296,images/coco_000000001296.png,svd_only,0.02,0.02,1.0,36.4868110477735,0.9971993865782168,20.75952881605467,0.9654031628653899,0.998904210078864,0.0,1,3755.685154535721,3388.6773230863987,35.59363182586987,1893.8702754609205,2168.345834962678
coco_000000001296,images/coco_000000001296.png,svd_only,0.05,0.05,1.0,28.242421212401545,0.9844514126244143,22.897971263900395,0.9112510481556836,0.9982990788883445,3.814697265625e-06,1,9389.212886339303,8754.870130390285,27.634831652429117,4734.675688652302,5420.864587406695
coco_000000001296,images/coco_000000001296.png,svd_only,0.1,0.1,1.0,22.513521026682692,0.9460028364958072,18.726670590539282,0.7976597709148358,0.993386133809974,3.0517578125e-05,1,18778.425772678605,16931.472026968004,21.614231739149496,9469.351377304603,10841.72917481339
coco_000000001296,images/coco_000000001296.png,svd_texture,0.001,0.00022983435171156595,0.1442603907906288,62.142529992660414,0.9995889471257678,3.546539774279815,0.43747794548287366,0.3866675172734695,0.4699211120605469,0,43.15927313627349,176.70314088889307,74.38593293671505,21.763822349318275,24.918017963256062
coco_000000001296,images/coco_000000001296.png,svd_texture,0.005,0.0011491717585578297,0.1442603907906288,62.142529992660414,0.9995889471257678,2.2731408389523495,0.2417599255935087,0.341683833208539,0.6859970092773438,0,215.79636568136743,176.70314088889307,60.40653284999468,108.81911174659136,124.5900898162803
coco_000000001296,images/coco_000000001296.png,svd_texture,0.01,0.0022983435171156593,0.1442603907906288,60.1369787871794,0.9995438929595265,2.734341231412958,0.29785708849932985,0.5148492535944711,0.6887626647949219,0,431.59273136273487,222.59829289552064,54.38593293671506,217.63822349318272,249.1801796325606
coco_000000001296,images/coco_000000001296.png,svd_texture,0.02,0.004596687034231319,0.1442603907906288,51.588374972010065,0.9993829291073935,8.887790836960015,0.7737412085086922,0.9584172990632274,0.12207794189453125,1,863.1854627254697,595.5963398141396,48.36533302343543,435.27644698636544,498.3603592651212
coco_000000001296,images/coco_000000001296.png,svd_texture,0.05,0.011491717585578298,0.1442603907906288,41.86397346746269,0.9987593627863617,16.536989545592927,0.933342260860357,0.9959689552189454,0.0,1,2157.963656813675,1824.6185902812674,40.40653284999468,1088.1911174659137,1245.900898162803
coco_000000001296,images/coco_000000001296.png,svd_texture,0.1,0.022983435171156596,0.1442603907906288,35.19022598646533,0.996421818944845,21.61792623715842,0.9696692394004791,0.9991918455542071,0.0,1,4315.92731362735,3934.2274972350037,34.38593293671505,2176.3822349318275,2491.801796325606
coco_000000001296,images/coco_000000001296.png,svd_yolo,0.001,0.000917915807431127,0.9087953415901411,62.142529992660414,0.9995889471257678,2.4220562808399744,0.26316401433413966,0.34242027710563494,0.6736526489257812,0,172.37013855413767,176.70314088889307,62.35817476098295,86.92067315347609,99.51794589448438
coco_000000001296,images/coco_000000001296.png,svd_yolo,0.005,0.004589579037155635,0.9087953415901411,51.6067780878946,0.9993837246979694,8.873304009202585,0.7731734686262993,0.9582100063102312,0.12232208251953125,1,861.8506927706884,594.3357636891793,48.37877467426257,434.60336576738047,497.58972947242194
coco_000000001296,images/coco_000000001296.png,svd_yolo,0.01,0.00917915807431127,0.9087953415901411,44.15952231881889,0.9990087078521767,14.67233760182461,0.910886577868054,0.9930206187161266,3.814697265625e-06,1,1723.7013855413768,1400.8597360192775,42.35817476098295,869.2067315347609,995.1794589448439
coco_000000001296,images/coco_000000001296.png,svd_yolo,0.02,0.01835831614862254,0.9087953415901411,37.29659528578005,0.99757222495248,20.158720425830996,0.9613635729486868,0.9986632797220021,0.0,1,3447.4027710827536,3087.0310979969086,36.33757484770332,1738.4134630695219,1990.3589178896877
coco_000000001296,images/coco_000000001296.png,svd_yolo,0.05,0.045895790371556354,0.9087953415901411,28.982589016568102,0.9867799159754602,23.144816383141084,0.9263289289827955,0.9986236547968386,0.0,1,8618.506927706883,8039.727296370194,28.37877467426257,4346.033657673805,4975.89729472422
coco_000000001296,images/coco_000000001296.png,svd_yolo,0.1,0.09179158074311271,0.9087953415901411,23.19294722025075,0.9532389554572726,19.348741911780053,0.8082298569139438,0.9941326537139702,1.9073486328125e-05,1,17237.013855413767,15657.535597915785,22.358174760982944,8692.06731534761,9951.79458944844
coco_000000001353,images/coco_000000001353.png,svd_only,0.001,0.001,1.0,60.27817088733242,0.999600059799982,2.9796758573725928,0.32292243067264237,0.38533356272598945,0.6198883056640625,0,187.78425772678605,219.0091322296858,61.61423173914949,94.69351377304604,108.41729174813389
coco_000000001353,images/coco_000000001353.png,svd_only,0.005,0.005,1.0,50.16196879623322,0.9992992830988908,10.64364791971063,0.8110284445790482,0.9653315672058495,0.043003082275390625,1,938.9212886339302,701.8952913362506,47.63483165242911,473.46756886523013,542.0864587406695
coco_000000001353,images/coco_000000001353.png,svd_only,0.01,0.01,1.0,42.91294258516935,0.9979176221033721,16.90896733007226,0.9169531039021006,0.9941153251153397,3.814697265625e-06,1,1877.8425772678604,1617.0507103984091,41.61423173914949,946.9351377304603,1084.172917481339
coco_000000001353,images/coco_000000001353.png,svd_only,0.02,0.02,1.0,36.30279209273715,0.9922798656139064,22.483835155520314,0.9634327627985239,0.9988096675720967,0.0,1,3755.685154535721,3461.235617521581,35.59363182586987,1893.8702754609205,2168.345834962678
coco_000000001353,images/coco_000000001353.png,svd_only,0.05,0.05,1.0,27.961283297051928,0.9575121986761271,29.032638627613878,0.9788315545244033,0.9998479310596732,0.0,1,9389.212886339303,9042.87658878523,27.634831652429117,4734.675688652302,5420.864587406695
coco_000000001353,images/coco_000000001353.png,svd_only,0.1,0.1,1.0,21.832006309244377,0.8769936164618174,31.299138915275634,0.9480584579895188,0.9997039504821846,0.0,1,18778.425772678605,18313.462070291353,21.614231739149496,9469.351377304603,10841.72917481339
coco_000000001353,images/coco_000000001353.png,svd_texture,0.001,0.00019559965731036496,0.10622184145596106,60.42579374910562,0.9996048764332857,3.613261555201626,0.4287258321106606,0.35016062354570543,0.45563507080078125,0,36.730536459640604,215.31836893307548,75.78686994774033,18.522018843522126,21.20638511245285
coco_000000001353,images/coco_000000001353.png,svd_texture,0.005,0.000977998286551825,0.10622184145596106,60.310524780778074,0.9996011813687561,2.910584569051426,0.31497869091580943,0.3666081849972614,0.6185684204101562,0,183.65268229820305,218.1948670340345,61.807469861019946,92.61009421761065,106.03192556226425
coco_000000001353,images/coco_000000001353.png,svd_texture,0.01,0.00195599657310365,0.10622184145596106,58.904760444101626,0.9995860064811198,3.7071627060403873,0.41726976416026923,0.5313394605637048,0.66790771484375,0,367.3053645964061,256.52680171865086,55.78686994774032,185.2201884352213,212.0638511245285
coco_000000001353,images/coco_000000001353.png,svd_texture,0.02,0.0039119931462073,0.10622184145596106,52.062556961703976,0.9993934933977263,10.053090350976861,0.7894013559929033,0.9590595666586962,0.057834625244140625,1,734.6107291928122,563.9530122270826,49.766270034460696,370.4403768704426,424.127702249057
coco_000000001353,images/coco_000000001353.png,svd_texture,0.05,0.009779982865518249,0.10622184145596106,43.12777191630123,0.9979960415235216,16.733899593806704,0.9151227620675124,0.9937841488270522,3.814697265625e-06,1,1836.5268229820304,1577.5465127849639,41.807469861019946,926.1009421761064,1060.3192556226425
coco_000000001353,images/coco_000000001353.png,svd_texture,0.1,0.019559965731036497,0.10622184145596106,36.511600190050395,0.9926082315820546,22.297143772632356,0.9623998629222275,0.9987473237573699,0.0,1,3673.0536459640607,3379.019976265308,35.78686994774032,1852.2018843522128,2120.638511245285
coco_000000001353,images/coco_000000001353.png,svd_yolo,0.001,0.0003355094758940641,0.261677195437849,60.42579374910562,0.9996048764332857,3.3385496515263617,0.3868908978850003,0.3355277182781903,0.4824943542480469,0,63.003397891069845,215.31836893307548,71.10013592741664,31.770571176562015,36.375028732270245
coco_000000001353,images/coco_000000001353.png,svd_yolo,0.005,0.0016775473794703206,0.261677195437849,59.45141357888804,0.9995968643013957,3.568029399803236,0.40046881557895464,0.515714348679222,0.665435791015625,0,315.01698945534923,240.8796379937499,57.12073584069628,158.85285588281008,181.87514366135122
coco_000000001353,images/coco_000000001353.png,svd_yolo,0.01,0.003355094758940641,0.261677195437849,53.40629521590813,0.9993929746347554,8.636771662068522,0.7433572498796325,0.9213456984506733,0.2086639404296875,1,630.0339789106985,483.12110283033593,51.10013592741665,317.70571176562015,363.75028732270243
coco_000000001353,images/coco_000000001353.png,svd_yolo,0.02,0.006710189517881282,0.261677195437849,46.86528098376048,0.9989574110281202,13.631797726924184,0.8714484847920038,0.9869045282073505,9.918212890625e-05,1,1260.067957821397,1025.9039916093514,45.07953601413703,635.4114235312403,727.5005746454049
coco_000000001353,images/coco_000000001353.png,svd_yolo,0.05,0.016775473794703205,0.261677195437849,37.95365536935098,0.9945237899702998,21.0576978091447,0.9558845071695184,0.9982381174394405,0.0,1,3150.169894553492,2862.1210666217457,37.12073584069627,1588.5285588281006,1818.7514366135122
coco_000000001353,images/coco_000000001353.png,svd_yolo,0.1,0.03355094758940641,0.261677195437849,31.549718547082627,0.9790526523264673,26.43528850267538,0.9795151126793304,0.9996644941482702,0.0,1,6300.339789106984,5982.529398172649,31.100135927416652,3177.057117656201,3637.5028732270243
coco_000000001425,images/coco_000000001425.png,svd_only,0.001,0.001,1.0,59.2369657920769,0.9994645714545006,3.2077827441084334,0.3792330881313181,0.3976114622891427,0.5811195373535156,0,187.78425772678605,246.90078979217543,61.61423173914949,94.69351377304604,108.41729174813389
coco_000000001425,images/coco_000000001425.png,svd_only,0.005,0.005,1.0,50.42402365871129,0.9992225586984776,9.765396390354782,0.7936568995977314,0.9524547986222742,0.07701492309570312,1,938.9212886339302,681.0352413788878,47.63483165242911,473.46756886523013,542.0864587406695
coco_000000001425,images/coco_000000001425.png,svd_only,0.01,0.01,1.0,43.37041728578768,0.9987910396194546,14.92292300518355,0.9088309221395682,0.9918875749421537,1.9073486328125e-05,1,1877.8425772678604,1534.086698984122,41.61423173914949,946.9351377304603,1084.172917481339
coco_000000001425,images/coco_000000001425.png,svd_only,0.02,0.02,1.0,36.62773348014135,0.9973587493913612,19.61269126105385,0.9658026108081059,0.9985421785445722,0.0,1,3755.685154535721,3334.142018570895,35.59363182586987,1893.8702754609205,2168.345834962678
coco_000000001425,images/coco_000000001425.png,svd_only,0.05,0.05,1.0,28.67518784980257,0.9883836895341656,18.205294384871088,0.8692832312434852,0.9958779261035978,0.0,1,9389.212886339303,8329.355077075295,27.634831652429117,4734.675688652302,5420.864587406695
coco_000000001425,images/coco_000000001425.png,svd_only,0.1,0.1,1.0,23.0019709096325,0.962256230872694,14.758146058625279,0.7651447062900933,0.9800937847747122,0.0,1,18778.425772678605,16005.609735339669,21.614231739149496,9469.351377304603,10841.72917481339
coco_000000001425,images/coco_000000001425.png,svd_texture,0.001,0.00022301752093263426,0.13668613436959365,59.2369657920769,0.9994645714545006,4.532993096628242,0.5815850605305566,0.4792293960544859,0.3704681396484375,0,41.879179628402696,246.90078979217543,74.64745206155396,21.118312690064982,24.17895563189897
coco_000000001425,images/coco_000000001425.png,svd_texture,0.005,0.0011150876046631714,0.13668613436959365,59.2369657920769,0.9994645714545006,3.0811261186242103,0.36170867910959953,0.3942920407386941,0.5970687866210938,0,209.3958981420135,246.90078979217543,60.66805197483358,105.59156345032493,120.89477815949485
coco_000000001425,images/coco_000000001425.png,svd_texture,0.01,0.0022301752093263428,0.13668613436959365,59.03526225004545,0.9994533654052083,2.5241892486781827,0.2800143118317129,0.39928390459440327,0.6762428283691406,0,418.791796284027,252.70140482395422,54.647452061553956,211.18312690064985,241.7895563189897
coco_000000001425,images/coco_000000001425.png,svd_texture,0.02,0.0044603504186526855,0.13668613436959365,51.241796554912156,0.9992551409733353,9.187075697778194,0.7689534285835156,0.9325323543995954,0.1361846923828125,1,837.583592568054,619.8419153300299,48.62685214827434,422.3662538012997,483.5791126379794
coco_000000001425,images/coco_000000001425.png,svd_texture,0.05,0.011150876046631715,0.13668613436959365,42.16734485518069,0.9987050165404358,16.254201444636,0.9246149829566012,0.994588193277372,0.0,1,2093.958981420135,1761.9903518464566,40.66805197483358,1055.9156345032493,1208.9477815949485
coco_000000001425,images/coco_000000001425.png,svd_texture,0.1,0.02230175209326343,0.13668613436959365,35.63331301037127,0.9969038192230671,19.94752667548149,0.9678702606140656,0.9987457788448993,0.0,1,4187.91796284027,3738.566570224476,34.64745206155396,2111.8312690064986,2417.895563189897
coco_000000001425,images/coco_000000001425.png,svd_yolo,0.001,0.00045776002222804935,0.3975111358089437,59.2369657920769,0.9994645714545006,4.062135178787528,0.5002104569481725,0.44316590958991725,0.4340858459472656,0,85.96012599109133,246.90078979217543,68.40147450815368,43.346904969601646,49.62910188053068
coco_000000001425,images/coco_000000001425.png,svd_yolo,0.005,0.002288800111140247,0.3975111358089437,58.97931241115667,0.9994511491156949,2.5297738404841037,0.280520533696865,0.4009511467580632,0.6767234802246094,0,429.80062995545666,254.33442551097954,54.42207442143331,216.73452484800825,248.14550940265343
coco_000000001425,images/coco_000000001425.png,svd_yolo,0.01,0.004577600222280494,0.3975111358089437,51.04800786462752,0.999242372441477,9.360315911517798,0.7753937776510003,0.9378635181202789,0.1262054443359375,1,859.6012599109133,633.8264746758374,48.40147450815368,433.4690496960165,496.29101880530686
coco_000000001425,images/coco_000000001425.png,svd_yolo,0.02,0.009155200444560987,0.3975111358089437,44.283776359473954,0.9989443802700094,14.23604570842079,0.8953199942239302,0.9899751934215986,2.6702880859375e-05,1,1719.2025198218266,1380.9627076789584,42.380874594874065,866.938099392033,992.5820376106137
coco_000000001425,images/coco_000000001425.png,svd_yolo,0.05,0.02288800111140247,0.3975111358089437,35.404832470114115,0.996780989730413,19.953823594106705,0.9684060391172394,0.9987822711224987,0.0,1,4298.006299554567,3838.21364699778,34.42207442143331,2167.3452484800823,2481.4550940265344
coco_000000001425,images/coco_000000001425.png,svd_yolo,0.1,0.04577600222280494,0.3975111358089437,29.412296736586647,0.9899701093949179,18.620954513015963,0.8849944372530166,0.9967822246855665,0.0,1,8596.012599109134,7651.664720830363,28.401474508153687,4334.690496960165,4962.910188053069
coco_000000001490,images/coco_000000001490.png,svd_only,0.001,0.001,1.0,61.22379314231368,0.9999623973486372,3.127757936513509,0.3556283364900145,0.49438039816473517,0.6663475036621094,0,187.78425772678605,196.4179217892298,61.61423173914949,94.69351377304604,108.41729174813389
coco_000000001490,images/coco_000000001490.png,svd_only,0.005,0.005,1.0,50.45065106672279,0.9997422169987447,9.764815120265247,0.801629714984203,0.9676208054793342,0.04878997802734375,1,938.9212886339302,678.9506609467289,47.63483165242911,473.46756886523013,542.0864587406695
coco_000000001490,images/coco_000000001490.png,svd_only,0.01,0.01,1.0,43.64448710989385,0.9992352813902258,13.909635785154343,0.8968676891599859,0.9930382927571353,8.392333984375e-05,1,1877.8425772678604,1486.436678772426,41.61423173914949,946.9351377304603,1084.172917481339
coco_000000001490,images/coco_000000001490.png,svd_only,0.02,0.02,1.0,36.54153989915225,0.9972391919535118,19.86127486900181,0.9434711623329338,0.9989423082836519,2.288818359375e-05,1,3755.685154535721,3367.39275998509,35.59363182586987,1893.8702754609205,2168.345834962678
coco_000000001490,images/coco_000000001490.png,svd_only,0.05,0.05,1.0,28.216574020415266,0.9850787020525386,22.5374643306005,0.813216957739377,0.9981156567984558,1.52587890625e-05,1,9389.212886339303,8780.96139383382,27.634831652429117,4734.675688652302,5420.864587406695
coco_000000001490,images/coco_000000001490.png,svd_only,0.1,0.1,1.0,22.191050275920507,0.952366986832191,20.700705349292154,0.7483662517363632,0.9944688421197962,0.0,1,18778.425772678605,17571.881060375978,21.614231739149496,9469.351377304603,10841.72917481339
coco_000000001490,images/coco_000000001490.png,svd_texture,0.001,0.00033367686674298406,0.2596409630477601,61.22514419064284,0.9999624061472333,4.982051484569443,0.5675657341021493,0.526403179393097,0.38237762451171875,0,62.65926274193096,196.3873723028036,71.1477097633279,31.597034976673605,36.1763422112773
coco_000000001490,images/coco_000000001490.png,svd_texture,0.005,0.0016683843337149205,0.2596409630477601,61.037383393349465,0.9999616855361756,2.694403811083503,0.29564658078672007,0.5139970254242718,0.6895217895507812,0,313.29631370965484,200.67884791377492,57.16830967660752,157.98517488336805,180.8817110563865
coco_000000001490,images/coco_000000001490.png,svd_texture,0.01,0.003336768667429841,0.2596409630477601,56.77894989516298,0.9998782562701845,3.872703148367247,0.43178375474578395,0.7076206852059682,0.6859779357910156,0,626.5926274193097,327.65988463649313,51.147709763327896,315.9703497667361,361.763422112773
coco_000000001490,images/coco_000000001490.png,svd_texture,0.02,0.006673537334859682,0.2596409630477601,48.22238404130243,0.9995888146124119,10.221495792978633,0.8143322881745556,0.9719704971902896,0.043544769287109375,1,1253.1852548386194,877.5089743130836,45.12710985004827,631.9406995334722,723.526844225546
coco_000000001490,images/coco_000000001490.png,svd_texture,0.05,0.016683843337149205,0.2596409630477601,38.312544912187704,0.9980996128880063,18.462475061570576,0.9465012209755193,0.9985944797144344,1.9073486328125e-05,1,3132.9631370965485,2746.271836508542,37.16830967660752,1579.8517488336804,1808.817110563865
coco_000000001490,images/coco_000000001490.png,svd_texture,0.1,0.03336768667429841,0.2596409630477601,31.88024059734793,0.9929370956428093,21.6061728582994,0.8780422524171226,0.9988239174509248,2.6702880859375e-05,1,6265.926274193097,5759.154625463706,31.147709763327896,3159.703497667361,3617.63422112773
coco_000000001490,images/coco_000000001490.png,svd_yolo,0.001,0.0002491775275529208,0.16575280839213422,61.22514419064284,0.9999624061472333,5.335795569819872,0.6121845494952566,0.548985377857649,0.3316993713378906,0,46.791617053721005,196.3873723028036,73.68405429400099,23.595495637266062,27.015152701783684
coco_000000001490,images/coco_000000001490.png,svd_yolo,0.005,0.0012458876377646041,0.16575280839213422,61.20492246474448,0.9999623144894483,2.8649078175315235,0.3196763531341297,0.4960563440822789,0.6879692077636719,0,233.9580852686051,196.84511677966512,59.70465420728061,117.97747818633032,135.07576350891844
coco_000000001490,images/coco_000000001490.png,svd_yolo,0.01,0.0024917752755292083,0.16575280839213422,59.66259930717741,0.9999344248359648,2.9496633647398394,0.32331913130477635,0.5919927451660347,0.6895294189453125,0,467.9161705372102,235.0935983815808,53.68405429400099,235.95495637266063,270.1515270178369
coco_000000001490,images/coco_000000001490.png,svd_yolo,0.02,0.0049835505510584166,0.16575280839213422,50.474514550986896,0.999743645173322,9.756633991285625,0.8010257645377111,0.9675797919821916,0.0537567138671875,1,935.8323410744204,677.0878820360027,47.66345438072136,471.90991274532126,540.3030540356738
coco_000000001490,images/coco_000000001490.png,svd_yolo,0.05,0.01245887637764604,0.16575280839213422,41.046013795437034,0.9988561571690046,17.054205953721574,0.9371265064469348,0.9976854072398844,3.4332275390625e-05,1,2339.5808526860505,2004.795500793036,39.704654207280605,1179.7747818633031,1350.7576350891843
coco_000000001490,images/coco_000000001490.png,svd_yolo,0.1,0.02491775275529208,0.16575280839213422,34.55353029028028,0.9959033229942248,20.521989518246805,0.9264909866522965,0.9989967575615958,2.6702880859375e-05,1,4679.161705372101,4233.448239910345,33.68405429400099,2359.5495637266063,2701.5152701783686
coco_000000001503,images/coco_000000001503.png,svd_only,0.001,0.001,1.0,59.414075359000435,0.9996717663589051,3.130967917782008,0.3616190267798464,0.40046332654000577,0.5854682922363281,0,187.78425772678605,241.91734125523124,61.61423173914949,94.69351377304604,108.41729174813389
coco_000000001503,images/coco_000000001503.png,svd_only,0.005,0.005,1.0,50.62461352824526,0.9992992355046546,9.022269477417703,0.7684332151830154,0.9411913784189385,0.14182281494140625,1,938.9212886339302,665.487791022495,47.63483165242911,473.46756886523013,542.0864587406695
coco_000000001503,images/coco_000000001503.png,svd_only,0.01,0.01,1.0,43.46541521433177,0.9984019993925163,14.355590169723367,0.9049135935870702,0.9915862854746629,3.0517578125e-05,1,1877.8425772678604,1517.399749571615,41.61423173914949,946.9351377304603,1084.172917481339
coco_000000001503,images/coco_000000001503.png,svd_only,0.02,0.02,1.0,36.724223071196896,0.9952658907783003,18.260538447949234,0.9208159724116755,0.9968288132155392,0.0,1,3755.685154535721,3297.3087510877717,35.59363182586987,1893.8702754609205,2168.345834962678
coco_000000001503,images/coco_000000001503.png,svd_only,0.05,0.05,1.0,28.452825385148994,0.975167831406938,19.025691725970436,0.8293803751075495,0.9922813967792564,0.0,1,9389.212886339303,8545.343000722674,27.634831652429117,4734.675688652302,5420.864587406695
coco_000000001503,images/coco_000000001503.png,svd_only,0.1,0.1,1.0,22.498716378677056,0.9265532194417103,17.530248616756065,0.771814693777973,0.9860722870894768,0.0,1,18778.425772678605,16960.355450284642,21.614231739149496,9469.351377304603,10841.72917481339
coco_000000001503,images/coco_000000001503.png,svd_texture,0.001,0.00025603554285500243,0.17337282539444707,59.414075359000435,0.9996717663589051,4.512884594362891,0.5570729649841569,0.4778287653121786,0.37198638916015625,0,48.07944436670135,241.91734125523124,73.44822657398034,24.244905203729488,27.758680147602636
coco_000000001503,images/coco_000000001503.png,svd_texture,0.005,0.0012801777142750121,0.17337282539444707,59.414075359000435,0.9996717663589051,2.8518419148308203,0.32319797774106246,0.3965891475717798,0.6340827941894531,0,240.39722183350676,241.91734125523124,59.46882648725996,121.22452601864744,138.7934007380132
coco_000000001503,images/coco_000000001503.png,svd_texture,0.01,0.0025603554285500243,0.17337282539444707,58.04664652772012,0.9996309824741524,2.9879238631664307,0.3365955837023638,0.5167633701488451,0.6751670837402344,0,480.7944436670135,283.16426328193324,53.44822657398034,242.44905203729488,277.5868014760264
coco_000000001503,images/coco_000000001503.png,svd_texture,0.02,0.005120710857100049,0.17337282539444707,50.3705414319338,0.9992701425348857,9.255497084651518,0.778326585278814,0.9472081481969312,0.09771728515625,1,961.588887334027,685.24156324613,47.42762666070072,484.89810407458975,555.1736029520528
coco_000000001503,images/coco_000000001503.png,svd_texture,0.05,0.012801777142750121,0.17337282539444707,40.96598154625987,0.9977472792936265,16.190833747021387,0.9288604330697033,0.9953451257422823,1.1444091796875e-05,1,2403.9722183350673,2023.3531575085947,39.46882648725997,1212.2452601864743,1387.9340073801318
coco_000000001503,images/coco_000000001503.png,svd_texture,0.1,0.025603554285500242,0.17337282539444707,34.45357930128698,0.992662239309272,18.85593464024282,0.8935510557751766,0.9962472261361195,0.0,1,4807.944436670135,4282.445095970292,33.44822657398034,2424.4905203729486,2775.8680147602636
coco_000000001503,images/coco_000000001503.png,svd_yolo,0.001,0.0007219138256867292,0.6910153618741435,59.414075359000435,0.9996717663589051,3.525522709073743,0.4127001048462837,0.41359929137995105,0.5156364440917969,0,135.56405189928685,241.91734125523124,64.44452455402667,68.36055679561863,78.2679418564896
coco_000000001503,images/coco_000000001503.png,svd_yolo,0.005,0.0036095691284336456,0.6910153618741435,53.93432578345967,0.9994256884941578,5.99027228253103,0.6129157178837595,0.8222110323294026,0.4481620788574219,0,677.8202594964342,454.6262200973455,50.465124467306296,341.80278397809315,391.3397092824479
coco_000000001503,images/coco_000000001503.png,svd_yolo,0.01,0.007219138256867291,0.6910153618741435,46.842308308989374,0.998987470977672,11.968373503008056,0.8569972719154647,0.982329900644745,0.003452301025390625,1,1355.6405189928685,1028.6209214282976,44.44452455402667,683.6055679561863,782.6794185648959
coco_000000001503,images/coco_000000001503.png,svd_yolo,0.02,0.014438276513734583,0.6910153618741435,39.805315429681485,0.9972497053752801,16.841026085847716,0.93505710904592,0.9962388011987027,7.62939453125e-06,1,2711.281037985737,2312.6238345221645,38.423924640747046,1367.2111359123726,1565.3588371297917
coco_000000001503,images/coco_000000001503.png,svd_yolo,0.05,0.036095691284336456,0.6910153618741435,31.345543455523664,0.9862245368473559,19.184607868613206,0.8577297140521377,0.9945385592064673,0.0,1,6778.202594964342,6124.823752566273,30.46512446730629,3418.0278397809316,3913.3970928244794
coco_000000001503,images/coco_000000001503.png,svd_yolo,0.1,0.07219138256867291,0.6910153618741435,25.260230594575738,0.9540408197840992,18.409147875185155,0.8008965828016009,0.9892403511813489,0.0,1,13556.405189928684,12341.252529625994,24.444524554026668,6836.055679561863,7826.794185648959
coco_000000001532,images/coco_000000001532.png,svd_only,0.001,0.001,1.0,58.81857238831622,0.9998323573259781,3.1601228789656366,0.36761076353771704,0.4206263125695362,0.6076393127441406,0,187.78425772678605,259.0849281606323,61.61423173914949,94.69351377304604,108.41729174813389
coco_000000001532,images/coco_000000001532.png,svd_only,0.005,0.005,1.0,49.887890902847964,0.9996998756124356,11.440690456580416,0.8449056529542552,0.9781726101745606,0.03656768798828125,1,938.9212886339302,724.3963003770795,47.63483165242911,473.46756886523013,542.0864587406695
coco_000000001532,images/coco_000000001532.png,svd_only,0.01,0.01,1.0,43.348466761310675,0.999226884892773,15.13714630042327,0.9159459833545059,0.9927038957337116,3.814697265625e-06,1,1877.8425772678604,1537.968465216371,41.61423173914949,946.9351377304603,1084.172917481339
coco_000000001532,images/coco_000000001532.png,svd_only,0.02,0.02,1.0,36.42980748936014,0.9973891888652906,21.374035792094194,0.9693547517773385,0.9986778344308591,0.0,1,3755.685154535721,3410.989592478992,35.59363182586987,1893.8702754609205,2168.345834962678
coco_000000001532,images/coco_000000001532.png,svd_only,0.05,0.05,1.0,28.0262440349693,0.9873477513100113,27.588386880436605,0.980683313034024,0.9997674729755418,0.0,1,9389.212886339303,8975.49825914974,27.634831652429117,4734.675688652302,5420.864587406695
coco_000000001532,images/coco_000000001532.png,svd_only,0.1,0.1,1.0,22.10521443612802,0.9534076934485691,24.08239808775516,0.9065932937304974,0.9972388260563079,0.0,1,18778.425772678605,17746.3910415611,21.614231739149496,9469.351377304603,10841.72917481339
coco_000000001532,images/coco_000000001532.png,svd_texture,0.001,0.0002737611828755121,0.19306798097279118,58.81857238831622,0.9998323573259781,4.541050930799524,0.5674395578039876,0.4816484557779642,0.3738899230957031,0,51.40804052068498,259.0849281606323,72.86679436487601,25.923408341147677,29.680446033128636
coco_000000001532,images/coco_000000001532.png,svd_texture,0.005,0.0013688059143775605,0.19306798097279118,58.81663184100108,0.9998323433957,2.7924310961049676,0.3157306995077042,0.4202803025756447,0.6718826293945312,0,257.04020260342486,259.1428177665744,58.88739427815564,129.6170417057384,148.40223016564318
coco_000000001532,images/coco_000000001532.png,svd_texture,0.01,0.002737611828755121,0.19306798097279118,57.2670108474961,0.9997792086997735,3.2038513723332067,0.3643072955435768,0.542888877761071,0.6774444580078125,0,514.0804052068497,309.7563558669943,52.866794364876014,259.2340834114768,296.80446033128635
coco_000000001532,images/coco_000000001532.png,svd_texture,0.02,0.005475223657510242,0.19306798097279118,49.42000119269417,0.9996688257711758,11.021383415914173,0.8378052204952504,0.974816979445069,0.037609100341796875,1,1028.1608104136994,764.4880640010019,46.84619445159639,518.4681668229535,593.6089206625727
coco_000000001532,images/coco_000000001532.png,svd_texture,0.05,0.013688059143775605,0.19306798097279118,40.1090112429831,0.9986973430644194,18.109298833792867,0.9471646131837312,0.9968761039154334,0.0,1,2570.4020260342486,2233.1618839663192,38.88739427815564,1296.170417057384,1484.0223016564316
coco_000000001532,images/coco_000000001532.png,svd_texture,0.1,0.02737611828755121,0.19306798097279118,33.49950242074151,0.9956957200400708,23.777701006494908,0.9801725567897419,0.9993803529902836,0.0,1,5140.804052068497,4779.645070504713,32.866794364876014,2592.340834114768,2968.0446033128633
coco_000000001532,images/coco_000000001532.png,svd_yolo,0.001,0.00034299972964649603,0.26999969960721776,58.81857238831622,0.9998323573259781,4.382669869739977,0.5420194022354957,0.4697454472338934,0.3929710388183594,0,64.40994963215554,259.0849281606323,70.9083561845379,32.479849623431534,37.18710175861521
coco_000000001532,images/coco_000000001532.png,svd_yolo,0.005,0.00171499864823248,0.26999969960721776,58.74689791123092,0.9998317555606859,2.6482739578710563,0.2947374250165463,0.428393785335014,0.6831626892089844,0,322.0497481607777,261.23169792351007,56.92895609781751,162.39924811715767,185.93550879307602
coco_000000001532,images/coco_000000001532.png,svd_yolo,0.01,0.00342999729646496,0.26999969960721776,55.06375842880769,0.9995889222213036,4.46194447989467,0.5005614294784592,0.69459511058035,0.599945068359375,0,644.0994963215554,399.19293580924,50.90835618453789,324.79849623431534,371.87101758615205
coco_000000001532,images/coco_000000001532.png,svd_yolo,0.02,0.00685999459292992,0.26999969960721776,47.753018323452196,0.9994203856097769,10.776047716123706,0.8333719632675899,0.9701967075027069,0.037933349609375,1,1288.1989926431108,926.232152324675,44.88775627125826,649.5969924686307,743.7420351723041
coco_000000001532,images/coco_000000001532.png,svd_yolo,0.05,0.0171499864823248,0.26999969960721776,37.89492063474248,0.9980037798485529,20.14125022530412,0.9621954146934693,0.9982234520922939,0.0,1,3220.497481607777,2881.5405601865123,36.92895609781751,1623.9924811715766,1859.3550879307604
coco_000000001532,images/coco_000000001532.png,svd_yolo,0.1,0.0342999729646496,0.26999969960721776,31.42866564508051,0.9935817490212916,25.399493052305097,0.9847443342999225,0.9996283820115888,0.0,1,6440.994963215554,6066.490006585356,30.908356184537887,3247.9849623431533,3718.710175861521
coco_000000001584,images/coco_000000001584.png,svd_only,0.001,0.001,1.0,60.30441726436247,0.9998076433467711,2.6754427038323443,0.2993978526132583,0.34101410557209244,0.6333999633789062,0,187.78425772678605,218.34834553987352,61.61423173914949,94.69351377304604,108.41729174813389
coco_000000001584,images/coco_000000001584.png,svd_only,0.005,0.005,1.0,50.746523836175676,0.9996538925352046,9.482470510441285,0.7944668433974086,0.9625674885333997,0.06813812255859375,1,938.9212886339302,656.2126179829218,47.63483165242911,473.46756886523013,542.0864587406695
coco_000000001584,images/coco_000000001584.png,svd_only,0.01,0.01,1.0,43.232092611563,0.9991321910934513,15.540686024550334,0.9191292346495628,0.9935109641050022,0.0,1,1877.8425772678604,1558.7129305936999,41.61423173914949,946.9351377304603,1084.172917481339
coco_000000001584,images/coco_000000001584.png,svd_only,0.02,0.02,1.0,36.42861132255303,0.9975741186303909,21.390681324068343,0.9681596613851315,0.9986054893849016,0.0,1,3755.685154535721,3411.459365139793,35.59363182586987,1893.8702754609205,2168.345834962678
coco_000000001584,images/coco_000000001584.png,svd_only,0.05,0.05,1.0,27.9964910293099,0.9874133002447198,28.314722167767243,0.9895020341566211,0.9997449547838222,0.0,1,9389.212886339303,9006.296020007338,27.634831652429117,4734.675688652302,5420.864587406695
coco_000000001584,images/coco_000000001584.png,svd_only,0.1,0.1,1.0,21.893193617307567,0.9555487570163401,28.75014376352462,0.9643760347573469,0.9990890305683279,0.0,1,18778.425772678605,18184.90714851192,21.614231739149496,9469.351377304603,10841.72917481339
coco_000000001584,images/coco_000000001584.png,svd_texture,0.001,0.00022761720611090582,0.14179689567878423,60.30441726436247,0.9998076433467711,3.800742414400338,0.47443811751731957,0.4041209030019013,0.4426727294921875,0,42.742928095381316,218.34834553987352,74.4701299733899,21.553873041845318,24.6776410418212
coco_000000001584,images/coco_000000001584.png,svd_texture,0.005,0.0011380860305545291,0.14179689567878423,60.30441726436247,0.9998076433467711,2.5689352673751564,0.2837240533271292,0.3401190880746522,0.6491737365722656,0,213.7146404769066,218.34834553987352,60.49072988666951,107.76936520922659,123.38820520910602
coco_000000001584,images/coco_000000001584.png,svd_texture,0.01,0.0022761720611090583,0.14179689567878423,59.63604262037653,0.9997955924789741,2.4457803522543924,0.2627183748680208,0.38470105168154334,0.6817359924316406,0,427.4292809538132,235.81348561946155,54.4701299733899,215.53873041845318,246.77641041821204
coco_000000001584,images/coco_000000001584.png,svd_texture,0.02,0.0045523441222181165,0.14179689567878423,51.41223484793915,0.9996627983660461,9.307437136512766,0.7823944613069392,0.9560402677887051,0.08349990844726562,1,854.8585619076264,607.7976637006759,48.44953006011028,431.07746083690637,493.5528208364241
coco_000000001584,images/coco_000000001584.png,svd_texture,0.05,0.011380860305545292,0.14179689567878423,41.9113121156131,0.998959644202948,16.672736426427296,0.9304227896021153,0.9948476011230885,0.0,1,2137.146404769066,1814.7013528401856,40.49072988666951,1077.693652092266,1233.8820520910601
coco_000000001584,images/coco_000000001584.png,svd_texture,0.1,0.022761720611090584,0.14179689567878423,35.20726538191724,0.9969808683788766,22.461478741573274,0.9733291035173092,0.9989439850659143,0.0,1,4274.292809538132,3926.517159010005,34.470129973389895,2155.387304184532,2467.7641041821203
coco_000000001584,images/coco_000000001584.png,svd_yolo,0.001,0.0008809079538790574,0.8676755043100638,60.30441726436247,0.9998076433467711,2.785324975940097,0.3154529747056391,0.3428327682607469,0.6139564514160156,0,165.42064624480068,218.34834553987352,62.71562111258469,83.41626946343231,95.50565463895745
coco_000000001584,images/coco_000000001584.png,svd_yolo,0.005,0.004404539769395287,0.8676755043100638,51.63415861876728,0.9996613562991614,9.216618851555841,0.7764726214890866,0.9523829601011384,0.08757400512695312,1,827.1032312240034,592.4651888507881,48.73622102586432,417.08134731716154,477.52827319478723
coco_000000001584,images/coco_000000001584.png,svd_yolo,0.01,0.008809079538790574,0.8676755043100638,44.50497787984999,0.9992595883586829,14.519406595394138,0.9037785386917992,0.9904730418566421,1.52587890625e-05,1,1654.2064624480067,1346.2380918693395,42.71562111258469,834.1626946343231,955.0565463895745
coco_000000001584,images/coco_000000001584.png,svd_yolo,0.02,0.017618159077581148,0.8676755043100638,37.628516154665505,0.9980119133466748,20.40155039900677,0.9618662568380595,0.9981406162717309,0.0,1,3308.4129248960135,2971.289450726738,36.69502119930507,1668.3253892686462,1910.113092779149
coco_000000001584,images/coco_000000001584.png,svd_yolo,0.05,0.044045397693952874,0.8676755043100638,29.13617488829605,0.9900620660237056,27.5409276679787,0.9881970013176401,0.9997084111593051,0.0,1,8271.032312240035,7898.816493627384,28.736221025864314,4170.813473171616,4775.282731947873
coco_000000001584,images/coco_000000001584.png,svd_yolo,0.1,0.08809079538790575,0.8676755043100638,22.992819552545566,0.964488183866523,29.309019980451758,0.9729945410050087,0.9993804197286507,0.0,1,16542.06462448007,16022.481955053032,22.71562111258469,8341.626946343233,9550.565463895746
coco_000000001675,images/coco_000000001675.png,svd_only,0.001,0.001,1.0,57.95892678358055,0.9995240509563558,3.132541965196873,0.35796117768926417,0.3686669496350761,0.5720672607421875,0,187.78425772678605,286.03845895263805,61.61423173914949,94.69351377304604,108.41729174813389
coco_000000001675,images/coco_000000001675.png,svd_only,0.005,0.005,1.0,50.66712519343811,0.9993354174428654,9.065379329874494,0.7878409001975074,0.9568538166575075,0.10729217529296875,1,938.9212886339302,662.2386276864254,47.63483165242911,473.46756886523013,542.0864587406695
coco_000000001675,images/coco_000000001675.png,svd_only,0.01,0.01,1.0,43.34459804747734,0.9987734358781496,14.314031385840568,0.9107426805532549,0.993296915956771,1.52587890625e-05,1,1877.8425772678604,1538.653632238263,41.61423173914949,946.9351377304603,1084.172917481339
coco_000000001675,images/coco_000000001675.png,svd_only,0.02,0.02,1.0,36.688789583451744,0.9962263154498802,17.76751449909374,0.951029178807442,0.9981343539507294,7.62939453125e-06,1,3755.685154535721,3310.7873685877203,35.59363182586987,1893.8702754609205,2168.345834962678
coco_000000001675,images/coco_000000001675.png,svd_only,0.05,0.05,1.0,28.767627172266575,0.9804087308930053,17.13551893904121,0.9558712965202864,0.9986706598386761,7.62939453125e-06,1,9389.212886339303,8241.180194608052,27.634831652429117,4734.675688652302,5420.864587406695
coco_000000001675,images/coco_000000001675.png,svd_only,0.1,0.1,1.0,23.68509160145446,0.9405177329190805,12.64670199072151,0.9072721748957703,0.9949618355247564,5.340576171875e-05,1,18778.425772678605,14795.04153424383,21.614231739149496,9469.351377304603,10841.72917481339
coco_000000001675,images/coco_000000001675.png,svd_texture,0.001,0.0002236041845494035,0.13733798283267057,57.95892678358055,0.9995240509563558,4.2382680867547915,0.5317368558045756,0.431384439840661,0.39882659912109375,0,41.98934582021302,286.03845895263805,74.62463320479826,21.173865929339666,24.242560112396255
coco_000000001675,images/coco_000000001675.png,svd_texture,0.005,0.0011180209227470176,0.13733798283267057,57.95892678358055,0.9995240509563558,3.0166586543727973,0.3417372764919769,0.36469095737180496,0.592559814453125,0,209.9467291010651,286.03845895263805,60.64523311807787,105.86932964669835,121.21280056198128
coco_000000001675,images/coco_000000001675.png,svd_texture,0.01,0.0022360418454940353,0.13733798283267057,57.24844746212929,0.9995087232302949,3.0110965706452646,0.3349809776744848,0.4308744182344695,0.6453399658203125,0,419.8934582021302,310.41907157905104,54.62463320479826,211.7386592933967,242.42560112396256
coco_000000001675,images/coco_000000001675.png,svd_texture,0.02,0.0044720836909880705,0.13733798283267057,51.50823093524135,0.9994099771922609,8.893651233252475,0.7803372276283748,0.9538761603742663,0.14040374755859375,1,839.7869164042604,601.1172930468729,48.60403329151863,423.4773185867934,484.85120224792513
coco_000000001675,images/coco_000000001675.png,svd_texture,0.05,0.011180209227470176,0.13733798283267057,42.11950775257171,0.9984342993753536,15.413186486757763,0.9240070476380723,0.9951334289723116,1.1444091796875e-05,1,2099.467291010651,1771.7211970284716,40.64523311807787,1058.6932964669834,1212.1280056198127
coco_000000001675,images/coco_000000001675.png,svd_texture,0.1,0.022360418454940353,0.13733798283267057,35.68090691033822,0.9953614427728453,18.000634324421622,0.9537273902667599,0.9983470275404335,7.62939453125e-06,1,4198.934582021302,3718.13730246746,34.62463320479825,2117.3865929339668,2424.2560112396254
coco_000000001675,images/coco_000000001675.png,svd_yolo,0.001,0.0008597311924469664,0.8441457693855182,57.95892678358055,0.9995240509563558,3.289645687723513,0.37946024794566324,0.37506616688779565,0.5423698425292969,0,161.44398381821824,286.03845895263805,62.9269780604541,81.41096751309409,93.20972751649381
coco_000000001675,images/coco_000000001675.png,svd_yolo,0.005,0.004298655962234832,0.8441457693855182,51.73922488991679,0.9994210332066049,8.910900804406461,0.7799902526329835,0.9535441869092994,0.13996505737304688,1,807.2199190910911,585.3417805009309,48.94757797373372,407.05483756547045,466.04863758246904
coco_000000001675,images/coco_000000001675.png,svd_yolo,0.01,0.008597311924469664,0.8441457693855182,44.56301160990094,0.9988726048812052,14.290837071557437,0.9087661933715597,0.9929394538179508,3.814697265625e-05,1,1614.4398381821823,1337.2733452813602,42.9269780604541,814.1096751309409,932.0972751649381
coco_000000001675,images/coco_000000001675.png,svd_yolo,0.02,0.017194623848939328,0.8441457693855182,38.066291067718026,0.9970829936649728,17.35242995353506,0.9463970693006883,0.9977079072970894,7.62939453125e-06,1,3228.8796763643645,2825.2456530362097,36.90637814717447,1628.2193502618818,1864.1945503298762
coco_000000001675,images/coco_000000001675.png,svd_yolo,0.05,0.04298655962234832,0.8441457693855182,29.987322007410594,0.9848061485662939,17.801910486694034,0.9586709777036025,0.9988391795279273,7.62939453125e-06,1,8072.199190910911,7161.5110835633,28.947577973733726,4070.5483756547046,4660.48637582469
coco_000000001675,images/coco_000000001675.png,svd_yolo,0.1,0.08597311924469664,0.8441457693855182,24.752405828712803,0.9530946912317358,13.582247153790698,0.9212870159293015,0.9960806675872642,2.288818359375e-05,1,16144.398381821822,13084.299522710415,22.9269780604541,8141.096751309409,9320.97275164938
coco_000000001761,images/coco_000000001761.png,svd_only,0.001,0.001,1.0,58.26188540852199,0.9999479430319868,4.203291339552513,0.4856958215762748,0.4982924189072462,0.4606590270996094,0,187.78425772678605,276.2335967980723,61.61423173914949,94.69351377304604,108.41729174813389
coco_000000001761,images/coco_000000001761.png,svd_only,0.005,0.005,1.0,49.377180502383034,0.9990541134355455,11.57731720075325,0.8308368709355202,0.9651556813428358,0.0371551513671875,1,938.9212886339302,768.2662298969024,47.63483165242911,473.46756886523013,542.0864587406695
coco_000000001761,images/coco_000000001761.png,svd_only,0.01,0.01,1.0,43.035938403654114,0.9987819067890209,16.352137028379637,0.922066554386377,0.9939182336088406,0.0,1,1877.8425772678604,1594.3139590431992,41.61423173914949,946.9351377304603,1084.172917481339
coco_000000001761,images/coco_000000001761.png,svd_only,0.02,0.02,1.0,36.46123645598126,0.9973452768299124,21.07461912979694,0.9659346228206873,0.998739218475048,0.0,1,3755.685154535721,3398.669592649453,35.59363182586987,1893.8702754609205,2168.345834962678
coco_000000001761,images/coco_000000001761.png,svd_only,0.05,0.05,1.0,28.200902898153522,0.9869991291408381,24.313582770132772,0.9740280700020749,0.999631519905341,0.0,1,9389.212886339303,8796.818345288255,27.634831652429117,4734.675688652302,5420.864587406695
coco_000000001761,images/coco_000000001761.png,svd_only,0.1,0.1,1.0,23.150860770466778,0.9636094213294633,15.920153724791941,0.9144991551801848,0.9981182294518045,3.0517578125e-05,1,18778.425772678605,15733.586431580055,21.614231739149496,9469.351377304603,10841.72917481339
coco_000000001761,images/coco_000000001761.png,svd_texture,0.001,0.00019141483497515344,0.1015720388612816,58.26188540852199,0.9999479430319868,6.12143671360079,0.6850125534424557,0.6020370369109402,0.2646598815917969,0,35.94469270370443,276.2335967980723,75.97471987303103,18.125743312085024,20.752678008422116
coco_000000001761,images/coco_000000001761.png,svd_texture,0.005,0.0009570741748757672,0.1015720388612816,58.26188540852199,0.9999479430319868,4.285949146412474,0.4938836645591424,0.4995121286515472,0.4471855163574219,0,179.72346351852218,276.2335967980723,61.995319786310645,90.62871656042512,103.76339004211057
coco_000000001761,images/coco_000000001761.png,svd_texture,0.01,0.0019141483497515344,0.1015720388612816,58.23759359565581,0.9999470837118193,3.1092851369988272,0.3546445232703687,0.4961641043033294,0.6721839904785156,0,359.44692703704436,277.0072201225087,55.97471987303102,181.25743312085024,207.52678008422114
coco_000000001761,images/coco_000000001761.png,svd_texture,0.02,0.003828296699503069,0.1015720388612816,54.98134119344159,0.9996261248379813,4.056130302635291,0.462375903778146,0.6620298526205195,0.6542205810546875,0,718.8938540740887,402.9987593033011,49.9541199597514,362.5148662417005,415.0535601684423
coco_000000001761,images/coco_000000001761.png,svd_texture,0.05,0.009570741748757673,0.1015720388612816,43.65592613243952,0.9986800008444531,14.992551482356424,0.9041278941820591,0.9903150754334937,4.1961669921875e-05,1,1797.2346351852218,1484.4803804698802,41.995319786310645,906.2871656042513,1037.6339004211059
coco_000000001761,images/coco_000000001761.png,svd_texture,0.1,0.019141483497515346,0.1015720388612816,36.90922835767031,0.99742318495005,20.436283093107704,0.9616588108230978,0.9983906854671255,0.0,1,3594.4692703704436,3227.8203171800005,35.97471987303103,1812.5743312085026,2075.2678008422117
coco_000000001761,images/coco_000000001761.png,svd_yolo,0.001,0.00018289972233978118,0.09211080259975689,58.26188540852199,0.9999479430319868,6.149816208058603,0.6870227746884968,0.6038961825346829,0.2646026611328125,0,34.34568859801108,276.2335967980723,76.36997081566734,17.319417376468362,19.829492557564738
coco_000000001761,images/coco_000000001761.png,svd_yolo,0.005,0.000914498611698906,0.09211080259975689,58.26188540852199,0.9999479430319868,4.369657362468295,0.5019972297902805,0.5010760193618992,0.4366455078125,0,171.72844299005538,276.2335967980723,62.39057072894697,86.59708688234183,99.1474627878237
coco_000000001761,images/coco_000000001761.png,svd_yolo,0.01,0.001828997223397812,0.09211080259975689,58.252618060572814,0.9999476307372225,3.1597997427807023,0.36129922829090927,0.4954601831439843,0.663848876953125,0,343.45688598011077,276.52847954595927,56.369970815667344,173.19417376468365,198.2949255756474
coco_000000001761,images/coco_000000001761.png,svd_yolo,0.02,0.003657994446795624,0.09211080259975689,55.5630029948028,0.9997283469224746,3.7953741288251486,0.43579695261805745,0.6311080642250829,0.6668891906738281,0,686.9137719602215,376.89521090085503,50.34937090238772,346.3883475293673,396.5898511512948
coco_000000001761,images/coco_000000001761.png,svd_yolo,0.05,0.00914498611698906,0.09211080259975689,44.39789802731639,0.9987516681628573,13.549966331496554,0.8847490574034045,0.9854442034673424,0.0003204345703125,1,1717.284429900554,1362.9372692827797,42.39057072894697,865.9708688234182,991.474627878237
coco_000000001761,images/coco_000000001761.png,svd_yolo,0.1,0.01828997223397812,0.09211080259975689,37.38996906685051,0.997624387381185,19.742035496693525,0.9579479659638243,0.9980498662975226,0.0,1,3434.568859801108,3054.0230843921267,36.369970815667344,1731.9417376468364,1982.949255756474
coco_000000001818,images/coco_000000001818.png,svd_only,0.001,0.001,1.0,64.13790583073967,0.9997112755740675,2.038864559012876,0.20103498961125268,0.2984264916490562,0.6886825561523438,0,187.78425772678605,140.43503836293846,61.61423173914949,94.69351377304604,108.41729174813389
coco_000000001818,images/coco_000000001818.png,svd_only,0.005,0.005,1.0,51.19542831497226,0.9996779716201948,9.297009661512433,0.7892340767921282,0.9793680128460658,0.057926177978515625,1,938.9212886339302,623.1596906090765,47.63483165242911,473.46756886523013,542.0864587406695
coco_000000001818,images/coco_000000001818.png,svd_only,0.01,0.01,1.0,43.506642348383664,0.9994452829379058,14.23354989784572,0.8943738430222279,0.9933079769559066,0.0007171630859375,1,1877.8425772678604,1510.2145542935282,41.61423173914949,946.9351377304603,1084.172917481339
coco_000000001818,images/coco_000000001818.png,svd_only,0.02,0.02,1.0,36.81935157857361,0.9978300247084264,17.51959679653714,0.9231914812557073,0.9978273832183412,0.000461578369140625,1,3755.685154535721,3261.3934138646937,35.59363182586987,1893.8702754609205,2168.345834962678
coco_000000001818,images/coco_000000001818.png,svd_only,0.05,0.05,1.0,28.82863521297685,0.9831862185771474,16.35413880840098,0.7662471417329275,0.9930923964705186,0.001239776611328125,0,9389.212886339303,8183.498518359981,27.634831652429117,4734.675688652302,5420.864587406695
coco_000000001818,images/coco_000000001818.png,svd_only,0.1,0.1,1.0,23.382680247591573,0.9364662047336886,12.906766040192288,0.6879583215005152,0.9807021488075578,0.00377655029296875,0,18778.425772678605,15319.223642208504,21.614231739149496,9469.351377304603,10841.72917481339
coco_000000001818,images/coco_000000001818.png,svd_texture,0.001,0.000391770623293097,0.3241895814367744,64.13790583073967,0.9997112755740675,2.5884872269421635,0.2735861968445223,0.3101358551760752,0.6390800476074219,0,73.56835569425454,140.43503836293846,69.75359438826324,37.098136912679706,42.474709963915956
coco_000000001818,images/coco_000000001818.png,svd_texture,0.005,0.001958853116465485,0.3241895814367744,64.13790583073967,0.9997112755740675,1.8339687093057968,0.1819976221337444,0.28821711618266,0.6892890930175781,0,367.8417784712726,140.43503836293846,55.774194301542856,185.49068456339853,212.37354981957978
coco_000000001818,images/coco_000000001818.png,svd_texture,0.01,0.00391770623293097,0.3241895814367744,52.58133745413589,0.9996831499407638,9.051869389790584,0.773633008532436,0.961795192768204,0.10137939453125,1,735.6835569425452,531.2560587889799,49.75359438826324,370.98136912679706,424.74709963915956
coco_000000001818,images/coco_000000001818.png,svd_texture,0.02,0.00783541246586194,0.3241895814367744,45.99223397875589,0.9995884806757322,12.743790259072032,0.865712843274082,0.9892806958420667,0.00096893310546875,1,1471.3671138850905,1134.3813291834454,43.73299447498361,741.9627382535941,849.4941992783191
coco_000000001818,images/coco_000000001818.png,svd_texture,0.05,0.01958853116465485,0.3241895814367744,37.0112760941512,0.9979347461995755,17.463607455497435,0.9242101287668544,0.9978277580694785,0.00045013427734375,1,3678.417784712727,3190.1195902348236,35.774194301542856,1854.9068456339855,2123.7354981957983
coco_000000001818,images/coco_000000001818.png,svd_texture,0.1,0.0391770623293097,0.3241895814367744,30.873724842713564,0.9899667998376188,17.236179104526748,0.7990194719701468,0.9953811892457745,0.000881195068359375,1,7356.835569425454,6466.726992845763,29.753594388263235,3709.813691267971,4247.470996391597
coco_000000001818,images/coco_000000001818.png,svd_yolo,0.001,0.0009228609056453678,0.9142898951615198,64.13790583073967,0.9997112755740675,2.0723582018032296,0.20480730364624092,0.2994337559868481,0.6885795593261719,0,173.2987501516849,140.43503836293846,62.31150676441277,87.38894187933536,100.05408005030091
coco_000000001818,images/coco_000000001818.png,svd_yolo,0.005,0.0046143045282268395,0.9142898951615198,51.561694364431574,0.9996882436878233,9.530651729779281,0.7898359268624535,0.9754984997236786,0.057769775390625,1,866.4937507584248,597.4286568285789,48.332106677692394,436.9447093966769,500.2704002515046
coco_000000001818,images/coco_000000001818.png,svd_yolo,0.01,0.009228609056453679,0.9142898951615198,44.3673692698377,0.9994972713255539,13.599462769946278,0.8866575073585056,0.9921677607446722,0.00084686279296875,1,1732.9875015168495,1367.736085653954,42.31150676441277,873.8894187933538,1000.5408005030092
coco_000000001818,images/coco_000000001818.png,svd_yolo,0.02,0.018457218112907358,0.9142898951615198,37.56115000527486,0.9982009522103149,17.296697847772148,0.9242176644091566,0.9977080502564337,0.000457763671875,1,3465.975003033699,2994.42381769849,36.290906851133144,1747.7788375867076,2001.0816010060184
coco_000000001818,images/coco_000000001818.png,svd_yolo,0.05,0.0461430452822684,0.9142898951615198,29.494356146924613,0.9857696967134989,16.678112968003063,0.7763318743113078,0.9939143136267204,0.001125335693359375,0,8664.937507584247,7579.716485463028,28.332106677692394,4369.447093966769,5002.704002515046
coco_000000001818,images/coco_000000001818.png,svd_yolo,0.1,0.0922860905645368,0.9142898951615198,23.983079259813486,0.9448597913344002,13.33476967839226,0.6979380603248501,0.9828387845206075,0.0034027099609375,0,17329.875015168494,14296.074601092427,22.31150676441277,8738.894187933538,10005.408005030093
coco_000000001993,images/coco_000000001993.png,svd_only,0.001,0.001,1.0,57.97392135556016,0.9992334063270927,3.2601300668997295,0.37873310135096067,0.4068726164613657,0.5723190307617188,0,187.78425772678605,285.545092761196,61.61423173914949,94.69351377304604,108.41729174813389
coco_000000001993,images/coco_000000001993.png,svd_only,0.005,0.005,1.0,50.29251862842671,0.9990200642411787,9.892948821246453,0.8073013736836586,0.9616205627134955,0.057384490966796875,1,938.9212886339302,691.4246162814859,47.63483165242911,473.46756886523013,542.0864587406695
coco_000000001993,images/coco_000000001993.png,svd_only,0.01,0.01,1.0,43.18644402754752,0.9985016572151987,15.425221789955458,0.9265131711470853,0.9949974617325898,0.0,1,1877.8425772678604,1566.9262905446446,41.61423173914949,946.9351377304603,1084.172917481339
coco_000000001993,images/coco_000000001993.png,svd_only,0.02,0.02,1.0,36.50632238334319,0.9963135693683537,20.15146470640554,0.9683956754770476,0.9990617195781164,0.0,1,3755.685154535721,3381.0737939299697,35.59363182586987,1893.8702754609205,2168.345834962678
coco_000000001993,images/coco_000000001993.png,svd_only,0.05,0.05,1.0,28.210511783654127,0.9826456633162328,23.21122517598623,0.9504533662485674,0.999496208577048,0.0,1,9389.212886339303,8787.092124246792,27.634831652429117,4734.675688652302,5420.864587406695
coco_000000001993,images/coco_000000001993.png,svd_only,0.1,0.1,1.0,22.383006381930123,0.9435527208043378,20.58099929531691,0.8885292268613773,0.9989354525813451,0.0,1,18778.425772678605,17187.80625908961,21.614231739149496,9469.351377304603,10841.72917481339
coco_000000001993,images/coco_000000001993.png,svd_texture,0.001,0.0002646747313728004,0.18297192374755603,57.97392135556016,0.9992334063270927,4.576233007516902,0.5655615499997575,0.48296936792007406,0.3635597229003906,0,49.701747969877815,285.545092761196,73.1599821197103,25.06298032062753,28.695317569603866
coco_000000001993,images/coco_000000001993.png,svd_texture,0.005,0.001323373656864002,0.18297192374755603,57.97392135556016,0.9992334063270927,2.928264476074631,0.3337670850279173,0.4022893557516706,0.6280250549316406,0,248.5087398493891,285.545092761196,59.18058203298993,125.31490160313767,143.47658784801936
coco_000000001993,images/coco_000000001993.png,svd_texture,0.01,0.002646747313728004,0.18297192374755603,56.238258204730315,0.9991469662065754,3.702376980377326,0.41726988855615715,0.5788564157308936,0.6290512084960938,0,497.0174796987782,348.7047461678719,53.15998211971031,250.62980320627534,286.9531756960387
coco_000000001993,images/coco_000000001993.png,svd_texture,0.02,0.005293494627456008,0.18297192374755603,49.7468135788878,0.9989891228081142,10.266718041592469,0.8201842599722203,0.9668125570308561,0.04746246337890625,1,994.0349593975563,736.2581069163177,47.13938220643068,501.2596064125507,573.9063513920775
coco_000000001993,images/coco_000000001993.png,svd_texture,0.05,0.01323373656864002,0.18297192374755603,40.43644167632793,0.9978957729018907,17.4394181452251,0.948460832667231,0.9974187332017398,3.814697265625e-06,1,2485.0873984938908,2150.545744689008,39.18058203298993,1253.1490160313765,1434.7658784801934
coco_000000001993,images/coco_000000001993.png,svd_texture,0.1,0.02646747313728004,0.18297192374755603,33.91382497442005,0.9942101370746418,21.594538898105068,0.9735065171850605,0.9994276823763132,0.0,1,4970.1747969877815,4557.005156898553,33.15998211971031,2506.298032062753,2869.5317569603867
coco_000000001993,images/coco_000000001993.png,svd_yolo,0.001,0.0006522967057075626,0.6136630063417362,57.97392135556016,0.9992334063270927,3.7833970219619104,0.44748008751020046,0.42860870402478857,0.4790763854980469,0,122.49105269892245,285.545092761196,65.3253280349159,61.76826708603163,70.72024224904345
coco_000000001993,images/coco_000000001993.png,svd_yolo,0.005,0.0032614835285378133,0.6136630063417362,53.69127142151253,0.9990638526164166,6.633596615769046,0.6433371022213098,0.8367829608882874,0.39128875732421875,0,612.4552634946123,467.5275392958152,51.34592794819553,308.84133543015815,353.60121124521726
coco_000000001993,images/coco_000000001993.png,svd_yolo,0.01,0.0065229670570756265,0.6136630063417362,47.42894755675546,0.9988674325770425,12.41313562127724,0.877003708077955,0.98524070960174,0.0004119873046875,1,1224.9105269892245,961.4426659973022,45.325328034915906,617.6826708603163,707.2024224904345
coco_000000001993,images/coco_000000001993.png,svd_yolo,0.02,0.013045934114151253,0.6136630063417362,40.57759196460697,0.9979266341222566,17.32570669250733,0.9471939466852684,0.9973336200942232,3.814697265625e-06,1,2449.821053978449,2115.8806677126195,39.30472812163628,1235.3653417206326,1414.404844980869
coco_000000001993,images/coco_000000001993.png,svd_yolo,0.05,0.03261483528537813,0.6136630063417362,32.016175558825395,0.9917189175098994,22.418043348506394,0.9735886249685007,0.9995570565664219,0.0,1,6124.552634946122,5669.724949236956,31.345927948195524,3088.413354301582,3536.012112452173
coco_000000001993,images/coco_000000001993.png,svd_yolo,0.1,0.06522967057075627,0.6136630063417362,25.908355948991083,0.9726091796999597,22.862119450435678,0.9252525341043212,0.999340181474561,0.0,1,12249.105269892245,11453.889033860945,25.3253280349159,6176.826708603164,7072.024224904346
coco_000000002006,images/coco_000000002006.png,svd_only,0.001,0.001,1.0,61.77914551290257,0.9999143347823402,2.565704144650006,0.28190172812706477,0.3857320663058761,0.6766815185546875,0,187.78425772678605,184.25254408012933,61.61423173914949,94.69351377304604,108.41729174813389
coco_000000002006,images/coco_000000002006.png,svd_only,0.005,0.005,1.0,51.39817373064409,0.9995355764446537,7.573717235912501,0.7143819124848291,0.9333395160036646,0.3593902587890625,1,938.9212886339302,608.7823913353604,47.63483165242911,473.46756886523013,542.0864587406695
coco_000000002006,images/coco_000000002006.png,svd_only,0.01,0.01,1.0,44.29497232570479,0.9986802378096025,11.05573011777819,0.8466450890950702,0.9881047519357672,0.0013275146484375,1,1877.8425772678604,1379.1838166103894,41.61423173914949,946.9351377304603,1084.172917481339
coco_000000002006,images/coco_000000002006.png,svd_only,0.02,0.02,1.0,37.76995978495573,0.9958471368318067,12.043885839904231,0.7939441105586531,0.9886194639891944,0.0004425048828125,1,3755.685154535721,2923.2959138616125,35.59363182586987,1893.8702754609205,2168.345834962678
coco_000000002006,images/coco_000000002006.png,svd_only,0.05,0.05,1.0,29.752526625395745,0.983420551301775,11.356090887518908,0.6932542366840034,0.9780563371538729,0.000823974609375,1,9389.212886339303,7357.740006279102,27.634831652429117,4734.675688652302,5420.864587406695
coco_000000002006,images/coco_000000002006.png,svd_only,0.1,0.1,1.0,23.876398557162446,0.9557013845998455,10.547978625530806,0.6469551637691151,0.969256766519381,0.008068084716796875,1,18778.425772678605,14472.742691003665,21.614231739149496,9469.351377304603,10841.72917481339
coco_000000002006,images/coco_000000002006.png,svd_texture,0.001,0.00032055204964161866,0.24505783293513178,61.77914551290257,0.9999143347823402,3.7631567790131903,0.4483711073728289,0.4191988576988193,0.46755218505859375,0,60.19462870475123,184.25254408012933,71.49626057613655,30.35419992771675,34.75338508645767
coco_000000002006,images/coco_000000002006.png,svd_texture,0.005,0.0016027602482080934,0.24505783293513178,61.77237074514095,0.9999140879863894,2.2283369269797286,0.2357942351245894,0.38496300003637807,0.6895065307617188,0,300.97314352375616,184.39631232755173,57.51686048941616,151.77099963858376,173.76692543228836
coco_000000002006,images/coco_000000002006.png,svd_texture,0.01,0.0032055204964161867,0.24505783293513178,55.953999327441295,0.9997783189070922,5.008922755853681,0.5472411188081413,0.8494064990153061,0.6586151123046875,0,601.9462870475123,360.3054259930039,51.496260576136535,303.5419992771675,347.5338508645767
coco_000000002006,images/coco_000000002006.png,svd_texture,0.02,0.006411040992832373,0.24505783293513178,48.612521672852424,0.9993014329921625,9.475445539090932,0.8042772677026692,0.9729821549121374,0.052669525146484375,1,1203.8925740950247,838.9666262730598,45.475660662856924,607.083998554335,695.0677017291534
coco_000000002006,images/coco_000000002006.png,svd_texture,0.05,0.016027602482080933,0.24505783293513178,39.796795808590865,0.9971075410596487,11.934961277805042,0.818364612353157,0.9899044842347441,0.0004730224609375,1,3009.7314352375615,2314.893302076793,37.51686048941617,1517.7099963858375,1737.6692543228835
coco_000000002006,images/coco_000000002006.png,svd_texture,0.1,0.032055204964161865,0.24505783293513178,33.58382865762608,0.9913450135340818,11.837186515186149,0.7367857006729314,0.9838603972095148,0.000484466552734375,1,6019.462870475123,4733.466805629886,31.496260576136542,3035.419992771675,3475.338508645767
coco_000000002006,images/coco_000000002006.png,svd_yolo,0.001,0.0009347715786772973,0.9275239763081081,61.77914551290257,0.9999143347823402,2.6253078186689542,0.29039285986748875,0.38574463075024007,0.6690406799316406,0,175.53538704601226,184.25254408012933,62.200121751422245,88.51680536013063,101.34540296332024
coco_000000002006,images/coco_000000002006.png,svd_yolo,0.005,0.004673857893386486,0.9275239763081081,52.233452439619626,0.9995910380515007,7.018549459237859,0.6846441313279823,0.9204541849410898,0.42279815673828125,1,877.6769352300613,552.9656408855798,48.22072166470187,442.58402680065313,506.7270148166012
coco_000000002006,images/coco_000000002006.png,svd_yolo,0.01,0.009347715786772973,0.9275239763081081,44.92246277186397,0.9987940531033201,10.915024838869247,0.8452780579574121,0.987022160048608,0.001583099365234375,1,1755.3538704601226,1283.0619626502844,42.200121751422245,885.1680536013063,1013.4540296332024
coco_000000002006,images/coco_000000002006.png,svd_yolo,0.02,0.018695431573545945,0.9275239763081081,38.381769379168674,0.9962659095787872,12.02703885711962,0.8013806440160715,0.9890314980335917,0.00045013427734375,1,3510.707740920245,2724.4716919065245,36.17952183814263,1770.3361072026125,2026.9080592664047
coco_000000002006,images/coco_000000002006.png,svd_yolo,0.05,0.04673857893386487,0.9275239763081081,30.32916772816012,0.9849457940056555,11.436326479890477,0.6988753679671392,0.9789824589949951,0.000743865966796875,1,8776.769352300615,6885.133767763703,28.220721664701873,4425.840268006532,5067.270148166012
coco_000000002006,images/coco_000000002006.png,svd_yolo,0.1,0.09347715786772974,0.9275239763081081,24.44605241631507,0.95973009173269,10.61923804810495,0.6503800183532458,0.9699876422836227,0.007335662841796875,1,17553.53870460123,13554.020805650256,22.200121751422248,8851.680536013064,10134.540296332025
coco_000000002149,images/coco_000000002149.png,svd_only,0.001,0.001,1.0,59.17970967090278,0.997981799221415,2.8715971369537514,0.3230257298252101,0.3413065454990005,0.5896034240722656,0,187.78425772678605,248.53369992819887,61.61423173914949,94.69351377304604,108.41729174813389
coco_000000002149,images/coco_000000002149.png,svd_only,0.005,0.005,1.0,50.12068936783733,0.9977301821708098,10.36326089752044,0.806588205093778,0.9625115628229152,0.0529022216796875,1,938.9212886339302,705.2389665921758,47.63483165242911,473.46756886523013,542.0864587406695
coco_000000002149,images/coco_000000002149.png,svd_only,0.01,0.01,1.0,43.05057657374049,0.997064388324279,16.305967960423487,0.9247763026824631,0.9942689216235651,3.814697265625e-06,1,1877.8425772678604,1591.6293538383866,41.61423173914949,946.9351377304603,1084.172917481339
coco_000000002149,images/coco_000000002149.png,svd_only,0.02,0.02,1.0,36.385718502228315,0.9939668172845105,21.639603383993226,0.9713858344913113,0.9990353159782102,0.0,1,3755.685154535721,3428.3475611437066,35.59363182586987,1893.8702754609205,2168.345834962678
coco_000000002149,images/coco_000000002149.png,svd_only,0.05,0.05,1.0,28.03263347807973,0.9759867796762195,26.83005315370561,0.956999208945125,0.9996586872215695,0.0,1,9389.212886339303,8968.89820435041,27.634831652429117,4734.675688652302,5420.864587406695
coco_000000002149,images/coco_000000002149.png,svd_only,0.1,0.1,1.0,21.993689637267458,0.9305569700644266,25.86199516800135,0.8807808910890218,0.998721776192253,0.0,1,18778.425772678605,17975.719679612273,21.614231739149496,9469.351377304603,10841.72917481339
coco_000000002149,images/coco_000000002149.png,svd_texture,0.001,0.00019780167074106214,0.10866852304562459,59.189000449872104,0.9979818426500211,4.000809735650097,0.485178567143339,0.40955027085077006,0.4170494079589844,0,37.14403991722849,248.26800035445567,75.68963262784341,18.730535232650283,21.445121445002055
coco_000000002149,images/coco_000000002149.png,svd_texture,0.005,0.0009890083537053107,0.10866852304562459,59.18020186498793,0.9979818018797245,2.8802330103612213,0.32424721119847605,0.34133838102953157,0.5881156921386719,0,185.72019958614243,248.51961693194363,61.710232541123034,93.65267616325141,107.22560722501026
coco_000000002149,images/coco_000000002149.png,svd_texture,0.01,0.0019780167074106214,0.10866852304562459,58.19400610205975,0.9979661199508092,3.2855969760021493,0.36967366331726853,0.47640293201752143,0.6723518371582031,0,371.44039917228486,278.4007902287635,55.68963262784341,187.30535232650283,214.45121445002053
coco_000000002149,images/coco_000000002149.png,svd_texture,0.02,0.003956033414821243,0.10866852304562459,52.374689006432945,0.9977901512435371,8.336891806921907,0.7412282380667335,0.9166294484380766,0.27747344970703125,1,742.8807983445697,544.0468729806283,49.669032714563784,374.61070465300566,428.90242890004106
coco_000000002149,images/coco_000000002149.png,svd_texture,0.05,0.009890083537053108,0.10866852304562459,43.15402584525599,0.9970796807924759,16.249375151681832,0.924415515038937,0.9941975558332304,3.814697265625e-06,1,1857.2019958614246,1572.7854271959668,41.710232541123034,936.5267616325142,1072.2560722501028
coco_000000002149,images/coco_000000002149.png,svd_texture,0.1,0.019780167074106215,0.10866852304562459,36.48866047132434,0.9940537497950589,21.56379006852444,0.9709493507597782,0.9990040931619849,0.0,1,3714.4039917228492,3387.955873384422,35.689632627843416,1873.0535232650284,2144.5121445002055
coco_000000002149,images/coco_000000002149.png,svd_yolo,0.001,0.000713215916798843,0.6813510186653812,59.189000449872104,0.9979818426500211,3.147304368934552,0.36178291119390776,0.35081137389013684,0.5358314514160156,0,133.93072153499992,248.26800035445567,64.54981120441764,67.53692124054689,77.32493813099295
coco_000000002149,images/coco_000000002149.png,svd_yolo,0.005,0.003566079583994215,0.6813510186653812,53.38713529797529,0.9978447815749947,7.366404179774952,0.6991674002140734,0.8793248145193303,0.3846244812011719,0,669.6536076749996,484.1879800242877,50.57041111769725,337.68460620273447,386.62469065496475
coco_000000002149,images/coco_000000002149.png,svd_yolo,0.01,0.00713215916798843,0.6813510186653812,46.484963545579596,0.9974683713681136,13.359909426843126,0.8826492424056352,0.9857905329017049,0.00022125244140625,1,1339.3072153499993,1071.8218135492484,44.54981120441764,675.3692124054689,773.2493813099295
coco_000000002149,images/coco_000000002149.png,svd_yolo,0.02,0.01426431833597686,0.6813510186653812,39.5901596355016,0.9959916559821735,19.083506860562206,0.953823289719732,0.9977241554063643,0.0,1,2678.6144306999986,2370.624601239091,38.529211291138004,1350.7384248109379,1546.498762619859
coco_000000002149,images/coco_000000002149.png,svd_yolo,0.05,0.03566079583994215,0.6813510186653812,31.07020362893257,0.9859420261670065,25.320236298356605,0.9726239792586985,0.9996797809470828,0.0,1,6696.536076749997,6322.0887371184535,30.570411117697255,3376.8460620273445,3866.246906549648
coco_000000002149,images/coco_000000002149.png,svd_yolo,0.1,0.0713215916798843,0.6813510186653812,24.895952463687557,0.9582906026786443,27.33038510662507,0.9278170874718076,0.9994436531819104,0.0,1,13393.072153499994,12869.839936844592,24.54981120441763,6753.692124054689,7732.493813099296
coco_000000002153,images/coco_000000002153.png,svd_only,0.001,0.001,1.0,63.979208225209554,0.9999646082596279,2.4244448499165756,0.26419577015911616,0.37317576464452107,0.6883735656738281,0,187.78425772678605,143.024473430249,61.61423173914949,94.69351377304604,108.41729174813389
coco_000000002153,images/coco_000000002153.png,svd_only,0.005,0.005,1.0,50.977898137907744,0.9996159998002684,8.20476392902502,0.7422045950130101,0.9200392408135473,0.22254562377929688,1,938.9212886339302,638.9632227288203,47.63483165242911,473.46756886523013,542.0864587406695
coco_000000002153,images/coco_000000002153.png,svd_only,0.01,0.01,1.0,43.35593129258698,0.9990316317985256,15.11499312625644,0.915165070302149,0.992992821325972,4.9591064453125e-05,1,1877.8425772678604,1536.6473245348134,41.61423173914949,946.9351377304603,1084.172917481339
coco_000000002153,images/coco_000000002153.png,svd_only,0.02,0.02,1.0,36.496870761679254,0.9968711650420476,20.77672975299535,0.9682943282874447,0.9986202701144848,0.0,1,3755.685154535721,3384.754939430623,35.59363182586987,1893.8702754609205,2168.345834962678
coco_000000002153,images/coco_000000002153.png,svd_only,0.05,0.05,1.0,28.081340619943518,0.9828509827660347,25.90052115109866,0.9451191102765798,0.9991044969187253,0.0,1,9389.212886339303,8918.744810790362,27.634831652429117,4734.675688652302,5420.864587406695
coco_000000002153,images/coco_000000002153.png,svd_only,0.1,0.1,1.0,22.04771040700857,0.9401029439581978,23.248843754181053,0.8603511363480116,0.9948606772223858,0.0,1,18778.425772678605,17864.26894669916,21.614231739149496,9469.351377304603,10841.72917481339
coco_000000002153,images/coco_000000002153.png,svd_texture,0.001,0.0002746516386521298,0.19405737628014424,63.98430657619894,0.9999646132513966,3.697033693082666,0.4318167912198871,0.41470604585757614,0.4365577697753906,0,51.57525409773566,142.9405470816451,72.83858784928542,26.007728727495117,29.776986836851005
coco_000000002153,images/coco_000000002153.png,svd_texture,0.005,0.001373258193260649,0.19405737628014424,63.63073801903881,0.9999640551581187,2.431197322057143,0.2623351884635775,0.4429461046720264,0.6890182495117188,0,257.8762704886783,148.87914561818255,58.859187762565035,130.03864363747556,148.88493418425503
coco_000000002153,images/coco_000000002153.png,svd_texture,0.01,0.002746516386521298,0.19405737628014424,58.10548583008191,0.9999237487078051,4.464277154554005,0.49521758770514995,0.7552181841693424,0.67230224609375,0,515.7525409773566,281.2525555439452,52.83858784928541,260.0772872749511,297.76986836851006
coco_000000002153,images/coco_000000002153.png,svd_texture,0.02,0.005493032773042596,0.19405737628014424,49.70602591887264,0.9995012004585707,9.396719044064154,0.7861084791691414,0.9441034893834308,0.06806564331054688,1,1031.5050819547132,739.723597027971,46.817987936005785,520.1545745499022,595.5397367370201
coco_000000002153,images/coco_000000002153.png,svd_texture,0.05,0.013732581932606493,0.19405737628014424,40.14297452258241,0.9983484255385596,17.756733916775232,0.9451051603776476,0.9966833765583359,0.0,1,2578.762704886783,2224.4468975455447,38.859187762565035,1300.386436374756,1488.8493418425505
coco_000000002153,images/coco_000000002153.png,svd_texture,0.1,0.027465163865212985,0.19405737628014424,33.520381166897245,0.9944137460171373,23.096638311821497,0.9795227148265938,0.9992608934491519,0.0,1,5157.525409773566,4768.169774661972,32.83858784928541,2600.772872749512,2977.698683685101
coco_000000002153,images/coco_000000002153.png,svd_yolo,0.001,0.00037530172526082685,0.3058908058453631,63.98430657619894,0.9999646132513966,3.370451033942138,0.38834462798186514,0.3929142298759005,0.5013008117675781,0,70.47575590168655,142.9405470816451,70.12662052178928,35.538639090034046,40.689196641181056
coco_000000002153,images/coco_000000002153.png,svd_yolo,0.005,0.0018765086263041342,0.3058908058453631,62.03482999168293,0.9999602001460551,2.9906873177167625,0.3307487127079423,0.5712314490477993,0.6890068054199219,0,352.3787795084328,178.90779748239035,56.1472204350689,177.6931954501702,203.4459832059053
coco_000000002153,images/coco_000000002153.png,svd_yolo,0.01,0.0037530172526082685,0.3058908058453631,54.735212460182765,0.9998762697947852,5.823416514523028,0.6063216726646826,0.8437709918981011,0.5567474365234375,0,704.7575590168656,414.58171691477185,50.12662052178928,355.3863909003404,406.8919664118106
coco_000000002153,images/coco_000000002153.png,svd_yolo,0.02,0.007506034505216537,0.3058908058453631,46.266900626871525,0.9992452475809449,12.84104809505081,0.8747506055196149,0.9835469250002338,0.000576019287109375,1,1409.5151180337311,1099.0709713207787,44.10602060850965,710.7727818006808,813.7839328236212
coco_000000002153,images/coco_000000002153.png,svd_yolo,0.05,0.018765086263041342,0.3058908058453631,37.10792464199766,0.9972156010943943,20.254793407688695,0.9651905622508808,0.9984121148572206,0.0,1,3523.787795084328,3154.819646192156,36.147220435068895,1776.9319545017022,2034.4598320590528
coco_000000002153,images/coco_000000002153.png,svd_yolo,0.1,0.037530172526082685,0.3058908058453631,30.657847530248297,0.9899775362281232,24.982634177306178,0.9768843510023565,0.9994171404558407,0.0,1,7047.575590168656,6629.463628378996,30.12662052178927,3553.8639090034044,4068.9196641181056
coco_000000002261,images/coco_000000002261.png,svd_only,0.001,0.001,1.0,63.73263577521798,0.999947839630495,2.5073736089203296,0.2689992365093202,0.41495690866087165,0.6895484924316406,0,187.78425772678605,147.1427877947132,61.61423173914949,94.69351377304604,108.41729174813389
coco_000000002261,images/coco_000000002261.png,svd_only,0.005,0.005,1.0,51.081072840820156,0.999643177323509,8.409031438403522,0.7477839478538417,0.9436878181230234,0.21933746337890625,1,938.9212886339302,631.4182449058627,47.63483165242911,473.46756886523013,542.0864587406695
coco_000000002261,images/coco_000000002261.png,svd_only,0.01,0.01,1.0,43.751217886747966,0.9989172944593653,13.036676711856423,0.8751006467029967,0.9910860162521387,0.0004425048828125,1,1877.8425772678604,1468.2833514005395,41.61423173914949,946.9351377304603,1084.172917481339
coco_000000002261,images/coco_000000002261.png,svd_only,0.02,0.02,1.0,36.955597546598625,0.9967647280925075,16.16743112258432,0.882739020360899,0.9959247341994805,9.5367431640625e-05,1,3755.685154535721,3210.634672459637,35.59363182586987,1893.8702754609205,2168.345834962678
coco_000000002261,images/coco_000000002261.png,svd_only,0.05,0.05,1.0,28.612638536855574,0.9832286458449465,17.448879691218977,0.7868715636062934,0.9936591669255428,8.7738037109375e-05,1,9389.212886339303,8389.553385014007,27.634831652429117,4734.675688652302,5420.864587406695
coco_000000002261,images/coco_000000002261.png,svd_only,0.1,0.1,1.0,22.639063828977243,0.9450132215101344,16.433219721923283,0.7308879578881973,0.9897828586669655,0.000194549560546875,1,18778.425772678605,16688.51053869098,21.614231739149496,9469.351377304603,10841.72917481339
coco_000000002261,images/coco_000000002261.png,svd_texture,0.001,0.00029650275174116425,0.2183363908235158,63.73263577521798,0.999947839630495,3.9424011277415594,0.4460135962248229,0.4435618615117809,0.4373054504394531,0,55.67854914966405,147.1427877947132,72.17365717398314,28.076887405747982,32.14602533964632
coco_000000002261,images/coco_000000002261.png,svd_texture,0.005,0.0014825137587058212,0.2183363908235158,63.71881716622425,0.99994780091648,2.2302372548142415,0.23475472992410973,0.41577612488966137,0.6895599365234375,0,278.39274574832024,147.37706741552432,58.19425708726277,140.3844370287399,160.7301266982316
coco_000000002261,images/coco_000000002261.png,svd_texture,0.01,0.0029650275174116425,0.2183363908235158,58.0386377057583,0.9998775163958635,3.9452560750397185,0.4381028247048531,0.746545543792173,0.688385009765625,0,556.7854914966405,283.425475213503,52.173657173983145,280.7688740574798,321.4602533964632
coco_000000002261,images/coco_000000002261.png,svd_texture,0.02,0.005930055034823285,0.2183363908235158,49.34022434705358,0.9995448528517711,9.468588198503907,0.7898755957403497,0.9654751434527611,0.06331253051757812,1,1113.570982993281,771.5419625658736,46.15305726070352,561.5377481149596,642.9205067929264
coco_000000002261,images/coco_000000002261.png,svd_texture,0.05,0.014825137587058213,0.2183363908235158,39.823710364369745,0.9980503716740841,15.034284692625828,0.8957917553511351,0.9951827739421114,0.0001983642578125,1,2783.9274574832025,2307.731353515829,38.19425708726277,1403.8443702873992,1607.301266982316
coco_000000002261,images/coco_000000002261.png,svd_texture,0.1,0.029650275174116426,0.2183363908235158,33.30128632281043,0.9934640098664245,17.114405174363295,0.8401342521107943,0.9954141062655897,8.0108642578125e-05,1,5567.854914966405,4889.972903810409,32.173657173983145,2807.6887405747984,3214.602533964632
coco_000000002261,images/coco_000000002261.png,svd_yolo,0.001,0.0002689738849503795,0.1877487610559772,63.73263577521798,0.999947839630495,4.05916052474757,0.4607103261982199,0.4506058840072536,0.41378021240234375,0,50.50906133329696,147.1427877947132,73.02002942330311,25.47008227913846,29.161420157294295
coco_000000002261,images/coco_000000002261.png,svd_yolo,0.005,0.0013448694247518976,0.1877487610559772,63.73002890534184,0.9999478322045267,2.286398975328642,0.24147425486617977,0.41448203594528493,0.6895599365234375,0,252.54530666648483,147.18695594379278,59.04062933658274,127.3504113956923,145.8071007864715
coco_000000002261,images/coco_000000002261.png,svd_yolo,0.01,0.002689738849503795,0.1877487610559772,59.43400875949366,0.9999003769989275,3.374735653993275,0.3740367915435832,0.6896158708335168,0.688995361328125,0,505.09061333296967,241.36279746472943,53.020029423303114,254.7008227913846,291.614201572943
coco_000000002261,images/coco_000000002261.png,svd_yolo,0.02,0.00537947769900759,0.1877487610559772,50.322317419469485,0.999612376286934,8.901317853535014,0.7684621971545783,0.9551535866107419,0.14269256591796875,1,1010.1812266659393,689.0566014486764,46.99942951002349,509.4016455827692,583.228403145886
coco_000000002261,images/coco_000000002261.png,svd_yolo,0.05,0.013448694247518975,0.1877487610559772,40.78036697412962,0.998312887503134,14.577894789453488,0.8937876978388809,0.9945464037813404,0.00020599365234375,1,2525.453066664848,2067.0568448884032,39.04062933658274,1273.504113956923,1458.0710078647148
coco_000000002261,images/coco_000000002261.png,svd_yolo,0.1,0.02689738849503795,0.1877487610559772,34.193568049176626,0.9945103988337833,16.94420351254343,0.850928358353486,0.9956312477530708,7.62939453125e-05,1,5050.906133329696,4412.577704698241,33.020029423303114,2547.008227913846,2916.1420157294297
coco_000000002299,images/coco_000000002299.png,svd_only,0.001,0.001,1.0,61.9046455018986,0.9997999148071751,2.3584441170389376,0.24868912967507098,0.34242587006832226,0.6777534484863281,0,187.78425772678605,181.60947111866165,61.61423173914949,94.69351377304604,108.41729174813389
coco_000000002299,images/coco_000000002299.png,svd_only,0.005,0.005,1.0,51.076772210581474,0.9997010300266039,8.918717001182797,0.7823803176154546,0.967945935200601,0.08942031860351562,1,938.9212886339302,631.7309553916128,47.63483165242911,473.46756886523013,542.0864587406695
coco_000000002299,images/coco_000000002299.png,svd_only,0.01,0.01,1.0,43.43586889236826,0.9994103724101825,14.414035498421196,0.9020290635889966,0.992939528704284,0.000469207763671875,1,1877.8425772678604,1522.570195426142,41.61423173914949,946.9351377304603,1084.172917481339
coco_000000002299,images/coco_000000002299.png,svd_only,0.02,0.02,1.0,36.79751929005913,0.9977684611155203,17.611996314710773,0.9298661969118016,0.99731259374678,0.00030517578125,1,3755.685154535721,3269.6013518470413,35.59363182586987,1893.8702754609205,2168.345834962678
coco_000000002299,images/coco_000000002299.png,svd_only,0.05,0.05,1.0,28.853808657892472,0.9869740363929113,16.47826218073369,0.8234987269510933,0.9949373880619123,0.000530242919921875,1,9389.212886339303,8159.815439089293,27.634831652429117,4734.675688652302,5420.864587406695
coco_000000002299,images/coco_000000002299.png,svd_only,0.1,0.1,1.0,23.314431708820237,0.956806499817776,13.52270907282978,0.7174087351930579,0.9888399254847503,0.001312255859375,0,18778.425772678605,15440.0670982998,21.614231739149496,9469.351377304603,10841.72917481339
coco_000000002299,images/coco_000000002299.png,svd_texture,0.001,0.0004212197035901103,0.35691078176678914,61.9046455018986,0.9997999148071751,3.086228197579804,0.3527265838419151,0.3572450724599009,0.5569419860839844,0,79.0984293785657,181.60947111866165,69.12405817547528,39.88677380338847,45.66749949419147
coco_000000002299,images/coco_000000002299.png,svd_texture,0.005,0.0021060985179505516,0.35691078176678914,61.87708115718317,0.999799306663728,1.9891523771782733,0.20303785341759684,0.33887144260360563,0.6893234252929688,0,395.49214689282854,182.18671740826773,55.14465808875491,199.4338690169424,228.33749747095737
coco_000000002299,images/coco_000000002299.png,svd_texture,0.01,0.004212197035901103,0.35691078176678914,52.584647091801685,0.9997613720004958,8.262724730624983,0.7522853411424953,0.9587814178192254,0.230072021484375,1,790.9842937856571,531.0536696041182,49.124058175475284,398.8677380338848,456.67499494191475
coco_000000002299,images/coco_000000002299.png,svd_texture,0.02,0.008424394071802207,0.35691078176678914,45.1411787265987,0.9995207514758061,13.350211832738001,0.884463053606551,0.9899229516665295,0.0008544921875,1,1581.9685875713142,1251.157064480715,43.10345826219566,797.7354760677696,913.3499898838295
coco_000000002299,images/coco_000000002299.png,svd_texture,0.05,0.021060985179505515,0.35691078176678914,36.32956691727409,0.9975301950343485,17.69773085836607,0.9288451163040609,0.9973535432802095,0.00032806396484375,1,3954.921468928285,3450.582559510785,35.1446580887549,1994.3386901694237,2283.3749747095735
coco_000000002299,images/coco_000000002299.png,svd_texture,0.1,0.04212197035901103,0.35691078176678914,30.28467409958459,0.9905062314996546,17.0504558469933,0.8513051811498756,0.9959117778620754,0.00045013427734375,1,7909.84293785657,6920.493479514304,29.12405817547528,3988.6773803388473,4566.749949419147
coco_000000002299,images/coco_000000002299.png,svd_yolo,0.001,0.0005741823626090587,0.5268692917878429,61.9046455018986,0.9997999148071751,2.8021420555832743,0.312123745145031,0.3470714397839229,0.6105461120605469,0,107.8224087623544,181.60947111866165,66.43323477981313,54.371345461961006,62.25129672361912
coco_000000002299,images/coco_000000002299.png,svd_yolo,0.005,0.0028709118130452933,0.5268692917878429,56.47990829770994,0.9997389161873965,4.802658315840018,0.5058175168480105,0.8214952569574023,0.6381912231445312,0,539.112043811772,339.1371404019324,52.45383469309275,271.856727309805,311.2564836180956
coco_000000002299,images/coco_000000002299.png,svd_yolo,0.01,0.0057418236260905866,0.5268692917878429,49.1318127861938,0.9996684921971749,10.591280979796808,0.8241465565008625,0.9765499958836305,0.03716278076171875,1,1078.224087623544,790.2784319466147,46.43323477981313,543.71345461961,622.5129672361912
coco_000000002299,images/coco_000000002299.png,svd_yolo,0.02,0.011483647252181173,0.5268692917878429,42.0368507831824,0.9992427636420794,15.365667111536087,0.9118596825736058,0.9946168949696836,0.000385284423828125,1,2156.448175247088,1788.6617902778603,40.4126348665335,1087.42690923922,1245.0259344723825
coco_000000002299,images/coco_000000002299.png,svd_yolo,0.05,0.028709118130452932,0.5268692917878429,33.57332984469318,0.9954527732567695,17.81626802759217,0.9090255840237171,0.9972026277302722,0.0003509521484375,1,5391.1204381177195,4739.191703233791,32.45383469309275,2718.56727309805,3112.564836180956
coco_000000002299,images/coco_000000002299.png,svd_yolo,0.1,0.057418236260905864,0.5268692917878429,27.717937175810224,0.9832890591473283,15.939928077379113,0.8020001165523151,0.9939840760345632,0.00061798095703125,1,10782.240876235439,9299.806449598831,26.433234779813127,5437.1345461961,6225.129672361912
coco_000000002431,images/coco_000000002431.png,svd_only,0.001,0.001,1.0,58.745816160001176,0.999129098488635,3.0268638668678927,0.3498228887417536,0.39087172203330695,0.5993156433105469,0,187.78425772678605,261.26423406199325,61.61423173914949,94.69351377304604,108.41729174813389
coco_000000002431,images/coco_000000002431.png,svd_only,0.005,0.005,1.0,50.415174667752794,0.9988779217863898,9.487313471163478,0.7832021199645717,0.9477645364826908,0.09812545776367188,1,938.9212886339302,681.7294184645401,47.63483165242911,473.46756886523013,542.0864587406695
coco_000000002431,images/coco_000000002431.png,svd_only,0.01,0.01,1.0,43.279434901126656,0.9982144419622915,15.33407720783622,0.915730597719635,0.9926242692224435,0.0,1,1877.8425772678604,1550.2403039529065,41.61423173914949,946.9351377304603,1084.172917481339
coco_000000002431,images/coco_000000002431.png,svd_only,0.02,0.02,1.0,36.44893673721553,0.995967586164544,21.23588479828516,0.9703417046232968,0.9986782427235869,0.0,1,3755.685154535721,3403.4857132063885,35.59363182586987,1893.8702754609205,2168.345834962678
coco_000000002431,images/coco_000000002431.png,svd_only,0.05,0.05,1.0,28.00483794558401,0.9831039247885109,28.202829825128216,0.9899966518962905,0.9998291881175304,0.0,1,9389.212886339303,8997.645358648006,27.634831652429117,4734.675688652302,5420.864587406695
coco_000000002431,images/coco_000000002431.png,svd_only,0.1,0.1,1.0,21.93209965329016,0.9483565014717902,28.473362812861396,0.9020100030927601,0.9996226133647815,0.0,1,18778.425772678605,18103.635049348515,21.614231739149496,9469.351377304603,10841.72917481339
coco_000000002431,images/coco_000000002431.png,svd_texture,0.001,0.00021944212710147017,0.13271347455718904,58.745816160001176,0.999129098488635,4.459678497598432,0.5469797558902919,0.4738132638982636,0.3955192565917969,0,41.20777695173661,261.26423406199325,74.7878316525469,20.779746085069583,23.79132111579117
coco_000000002431,images/coco_000000002431.png,svd_texture,0.005,0.001097210635507351,0.13271347455718904,58.745816160001176,0.999129098488635,2.924981593535345,0.33566507412346236,0.3902619410778931,0.6127166748046875,0,206.03888475868308,261.26423406199325,60.80843156582652,103.89873042534792,118.95660557895586
coco_000000002431,images/coco_000000002431.png,svd_texture,0.01,0.002194421271014702,0.13271347455718904,58.479604771550406,0.9991184253797746,2.492589040956338,0.27283168688631015,0.41662216322083523,0.6877326965332031,0,412.07776951736616,269.39561986045726,54.7878316525469,207.79746085069584,237.91321115791172
coco_000000002431,images/coco_000000002431.png,svd_texture,0.02,0.004388842542029404,0.13271347455718904,51.45059963545211,0.9988727635508517,8.742835654870824,0.7566804128183714,0.926773109905752,0.17102432250976562,1,824.1555390347323,605.1189965618332,48.767231739267274,415.5949217013917,475.82642231582344
coco_000000002431,images/coco_000000002431.png,svd_texture,0.05,0.010972106355073508,0.13271347455718904,42.3508891025367,0.9980485276117325,16.04710096704952,0.924749263327417,0.9941662937932174,0.0,1,2060.3888475868307,1725.1478197534261,40.808431565826524,1038.9873042534791,1189.5660557895585
coco_000000002431,images/coco_000000002431.png,svd_texture,0.1,0.021944212710147015,0.13271347455718904,35.57423824148302,0.995385760564913,21.955379257090215,0.9739719530227666,0.9989200210230376,0.0,1,4120.777695173661,3764.080100104141,34.78783165254689,2077.9746085069582,2379.132111579117
coco_000000002431,images/coco_000000002431.png,svd_yolo,0.001,0.0009548336084237445,0.9498151204708273,58.745816160001176,0.999129098488635,3.078987109436003,0.3569365147382871,0.3915444712110123,0.5885086059570312,0,179.30272041044154,261.26423406199325,62.015677799399036,90.41654945024109,103.52047389540054
coco_000000002431,images/coco_000000002431.png,svd_yolo,0.005,0.004774168042118723,0.9498151204708273,50.769204615673345,0.9988812754744011,9.281903857828283,0.7750993838816749,0.9415608754041844,0.12199020385742188,1,896.5136020522078,654.5013368970303,48.03627771267866,452.0827472512055,517.6023694770028
coco_000000002431,images/coco_000000002431.png,svd_yolo,0.01,0.009548336084237446,0.9498151204708273,43.74723103217163,0.9982751489871914,14.972291737054759,0.9120111382333391,0.9918180377785619,7.62939453125e-06,1,1793.0272041044157,1468.9574534342376,42.015677799399036,904.165494502411,1035.2047389540055
coco_000000002431,images/coco_000000002431.png,svd_yolo,0.02,0.019096672168474892,0.9498151204708273,36.88799957917226,0.9962111737637582,20.854306106519015,0.9678411848053563,0.9985127898015025,0.0,1,3586.0544082088313,3235.718930933279,35.99507788611942,1808.330989004822,2070.409477908011
coco_000000002431,images/coco_000000002431.png,svd_yolo,0.05,0.04774168042118723,0.9498151204708273,28.42083008755907,0.9843137240270247,27.8998945579556,0.9897843670170791,0.9998129885155795,0.0,1,8965.136020522079,8576.878628032462,28.03627771267866,4520.8274725120555,5176.023694770028
coco_000000002431,images/coco_000000002431.png,svd_yolo,0.1,0.09548336084237447,0.9498151204708273,22.32515155900788,0.9519831664512141,28.85077381933798,0.9161833674619949,0.9996869672560987,0.0,1,17930.272041044158,17302.672625926898,22.015677799399036,9041.654945024111,10352.047389540056
coco_000000002473,images/coco_000000002473.png,svd_only,0.001,0.001,1.0,59.02846662867543,0.9999523894914731,3.457876408172937,0.40790450955764657,0.4320648807713722,0.5780868530273438,0,187.78425772678605,252.89918940162698,61.61423173914949,94.69351377304604,108.41729174813389
coco_000000002473,images/coco_000000002473.png,svd_only,0.005,0.005,1.0,50.500358250157674,0.9993574809678342,8.436185975596164,0.7498670673980783,0.9157699163997122,0.2643470764160156,1,938.9212886339302,675.0762919848393,47.63483165242911,473.46756886523013,542.0864587406695
coco_000000002473,images/coco_000000002473.png,svd_only,0.01,0.01,1.0,43.526328470519154,0.9984030100027512,13.938823421402526,0.8976541448945142,0.9920990691760758,0.0001220703125,1,1877.8425772678604,1506.7956065770832,41.61423173914949,946.9351377304603,1084.172917481339
coco_000000002473,images/coco_000000002473.png,svd_only,0.02,0.02,1.0,37.333289395176394,0.9937122259961603,14.517906964247025,0.8597083404552835,0.9910819560153804,9.918212890625e-05,1,3755.685154535721,3074.017241330959,35.59363182586987,1893.8702754609205,2168.345834962678
coco_000000002473,images/coco_000000002473.png,svd_only,0.05,0.05,1.0,30.230247738264108,0.9790591233994957,10.4163252625047,0.7638362198734963,0.9450553086887838,0.00128936767578125,1,9389.212886339303,6963.9938971828515,27.634831652429117,4734.675688652302,5420.864587406695
coco_000000002473,images/coco_000000002473.png,svd_only,0.1,0.1,1.0,24.491633728490292,0.9490025364705206,8.971552309102771,0.7041442792640132,0.9061847701358412,0.10687255859375,1,18778.425772678605,13483.07909937489,21.614231739149496,9469.351377304603,10841.72917481339
coco_000000002473,images/coco_000000002473.png,svd_texture,0.001,0.00020507528631725052,0.11675031813027838,59.030368331053694,0.9999523961138834,5.035661724884304,0.6143663800957228,0.5217326985699066,0.3423423767089844,0,38.50991041919301,252.8438253151538,75.37596520781719,19.419299449393918,22.233707146989442
coco_000000002473,images/coco_000000002473.png,svd_texture,0.005,0.0010253764315862526,0.11675031813027838,59.026769383509965,0.9999523860492306,3.427780338633993,0.4041007204985066,0.4321197023700791,0.5833244323730469,0,192.54955209596505,252.9486113818378,61.39656512109681,97.09649724696959,111.1685357349472
coco_000000002473,images/coco_000000002473.png,svd_texture,0.01,0.002050752863172505,0.11675031813027838,58.33518167798927,0.9999235203263371,3.268587716783457,0.37700359071920886,0.5132911823725728,0.6532821655273438,0,385.0991041919301,273.91239475423527,55.37596520781719,194.19299449393918,222.3370714698944
coco_000000002473,images/coco_000000002473.png,svd_texture,0.02,0.00410150572634501,0.11675031813027838,53.02898490615248,0.9997041226881849,6.577514325661498,0.6620180194548454,0.8738935095615533,0.3996849060058594,0,770.1982083838602,504.5701140575014,49.35536529453756,388.38598898787836,444.6741429397888
coco_000000002473,images/coco_000000002473.png,svd_texture,0.05,0.010253764315862527,0.11675031813027838,43.310035748488644,0.9983511774347532,13.995764612625427,0.8988818138800386,0.9926915415694548,0.000118255615234375,1,1925.4955209596508,1544.7883350155128,41.396565121096806,970.9649724696961,1111.6853573494723
coco_000000002473,images/coco_000000002473.png,svd_texture,0.1,0.020507528631725055,0.11675031813027838,37.135317650182294,0.9934674717875617,14.406611081363414,0.8552601389396033,0.9902793349290185,0.0001220703125,1,3850.9910419193016,3144.8858484848065,35.37596520781718,1941.9299449393923,2223.3707146989445
coco_000000002473,images/coco_000000002473.png,svd_yolo,0.001,0.00030419607132965124,0.2268845236996124,59.030368331053694,0.9999523961138834,4.776079623779573,0.5809154398872716,0.5024603980900787,0.3557853698730469,0,57.12323345804302,252.8438253151538,71.95115972172452,28.80539487016082,32.980114213982944
coco_000000002473,images/coco_000000002473.png,svd_yolo,0.005,0.001520980356648256,0.2268845236996124,58.89671636407066,0.9999490993718595,3.1127317159831733,0.3599188484331375,0.45197074353091643,0.6482772827148438,0,285.61616729021506,256.7644835252726,57.97175963500415,144.0269743508041,164.90057106991472
coco_000000002473,images/coco_000000002473.png,svd_yolo,0.01,0.003041960713296512,0.2268845236996124,55.1357000757329,0.9998741002437468,5.580889202191326,0.5972826770890128,0.7359035257654575,0.4011116027832031,0,571.2323345804301,395.90023995951304,51.95115972172452,288.0539487016082,329.80114213982944
coco_000000002473,images/coco_000000002473.png,svd_yolo,0.02,0.006083921426593024,0.2268845236996124,48.28148577173679,0.9992914706400636,10.917229138446915,0.8342911983325404,0.9692691394094974,0.036960601806640625,1,1142.4646691608602,871.5583744075896,45.9305598084449,576.1078974032164,659.6022842796589
coco_000000002473,images/coco_000000002473.png,svd_yolo,0.05,0.015209803566482561,0.2268845236996124,39.672421694644214,0.9965645135481657,14.941147031905986,0.8950702266548834,0.9947904279181716,5.7220458984375e-05,1,2856.1616729021507,2348.278944248319,37.97175963500415,1440.269743508041,1649.0057106991474
coco_000000002473,images/coco_000000002473.png,svd_yolo,0.1,0.030419607132965123,0.2268845236996124,34.1556454245783,0.9879357905566465,12.297253640696495,0.8141849272273491,0.9737488831683352,0.0002899169921875,1,5712.323345804301,4431.885151941553,31.951159721724522,2880.539487016082,3298.0114213982947
coco_000000002532,images/coco_000000002532.png,svd_only,0.001,0.001,1.0,59.52661012135354,0.9998344691207787,3.325488166878473,0.38692122139435053,0.44891677577897215,0.602630615234375,0,187.78425772678605,238.80326630931998,61.61423173914949,94.69351377304604,108.41729174813389
coco_000000002532,images/coco_000000002532.png,svd_only,0.005,0.005,1.0,50.61105302838495,0.9996810260249397,9.379661500054102,0.7916324033328405,0.9567000616581768,0.07906723022460938,1,938.9212886339302,666.5275688221756,47.63483165242911,473.46756886523013,542.0864587406695
coco_000000002532,images/coco_000000002532.png,svd_only,0.01,0.01,1.0,43.317414408038594,0.9992621161144056,15.047265012521747,0.9126782772147891,0.9925074403880165,5.340576171875e-05,1,1877.8425772678604,1543.4765952226162,41.61423173914949,946.9351377304603,1084.172917481339
coco_000000002532,images/coco_000000002532.png,svd_only,0.02,0.02,1.0,36.532491806028055,0.9980954068172613,20.206045350924747,0.9605530566261683,0.9986646243952357,1.1444091796875e-05,1,3755.685154535721,3370.902401434963,35.59363182586987,1893.8702754609205,2168.345834962678
coco_000000002532,images/coco_000000002532.png,svd_only,0.05,0.05,1.0,28.332052421566583,0.9890826637515824,21.95631217460881,0.917522336209814,0.999350878362481,3.0517578125e-05,1,9389.212886339303,8664.991633002308,27.634831652429117,4734.675688652302,5420.864587406695
coco_000000002532,images/coco_000000002532.png,svd_only,0.1,0.1,1.0,22.891929153996,0.9524906153182952,16.43141840122955,0.7634708843872028,0.9953509231077062,0.000156402587890625,1,18778.425772678605,16209.675135547905,21.614231739149496,9469.351377304603,10841.72917481339
coco_000000002532,images/coco_000000002532.png,svd_texture,0.001,0.00023748898006222642,0.15276553340247379,59.52661012135354,0.9998344691207787,5.052767731536388,0.6120030755320345,0.5240417472377489,0.3510894775390625,0,44.59669183927668,238.80326630931998,74.1013624922856,22.488666004469092,25.747912038373155
coco_000000002532,images/coco_000000002532.png,svd_texture,0.005,0.001187444900311132,0.15276553340247379,59.52661012135354,0.9998344691207787,3.0866113210602686,0.35466478075226354,0.4484332371932145,0.6548233032226562,0,222.9834591963834,238.80326630931998,60.121962405565235,112.44333002234545,128.73956019186576
coco_000000002532,images/coco_000000002532.png,svd_texture,0.01,0.002374889800622264,0.15276553340247379,58.89711162639804,0.9998207992758714,2.7157014806980335,0.3014098902054461,0.47344631020461053,0.6866111755371094,0,445.9669183927668,256.75279940051286,54.10136249228561,224.8866600446909,257.4791203837315
coco_000000002532,images/coco_000000002532.png,svd_texture,0.02,0.004749779601244528,0.15276553340247379,51.07106276688189,0.9997042999201903,9.033605225196986,0.777267983060863,0.9463938668304449,0.11196517944335938,1,891.9338367855336,632.1463438160503,48.080762579005984,449.7733200893818,514.958240767463
coco_000000002532,images/coco_000000002532.png,svd_texture,0.05,0.01187444900311132,0.15276553340247379,41.55824616122114,0.9991254271996574,16.587065777712684,0.930580777673422,0.9955968659814498,1.9073486328125e-05,1,2229.834591963834,1889.9854496794412,40.121962405565235,1124.4333002234546,1287.3956019186578
coco_000000002532,images/coco_000000002532.png,svd_texture,0.1,0.02374889800622264,0.15276553340247379,34.930941675653,0.997481315240694,21.181681012309337,0.9660138906896839,0.9990814873761389,1.1444091796875e-05,1,4459.669183927668,4053.4394037656466,34.10136249228561,2248.866600446909,2574.7912038373156
coco_000000002532,images/coco_000000002532.png,svd_yolo,0.001,0.00024001828245452138,0.1555758693939126,59.52661012135354,0.9998344691207787,5.045195917406609,0.6110342378610623,0.523490224981165,0.3511085510253906,0,45.071655011580376,238.80326630931998,74.009345266025,22.72817453539007,26.022132153757852
coco_000000002532,images/coco_000000002532.png,svd_yolo,0.005,0.0012000914122726068,0.1555758693939126,59.52661012135354,0.9998344691207787,3.0729793037462363,0.35274730965325235,0.448531638136357,0.6555328369140625,0,225.35827505790184,238.80326630931998,60.02994517930462,113.64087267695035,130.11066076878924
coco_000000002532,images/coco_000000002532.png,svd_yolo,0.01,0.0024001828245452136,0.1555758693939126,58.831077351565845,0.9998191415384344,2.7401680026602984,0.3045508353303202,0.47676976521639436,0.6866111755371094,0,450.71655011580367,258.7121953059036,54.009345266024994,227.2817453539007,260.2213215375785
coco_000000002532,images/coco_000000002532.png,svd_yolo,0.02,0.004800365649090427,0.1555758693939126,50.97895136116894,0.9996974594642604,9.102195330131895,0.7802992323544545,0.9488413175519409,0.10228729248046875,1,901.4331002316073,638.8857487845538,47.98874535274537,454.5634907078014,520.442643075157
coco_000000002532,images/coco_000000002532.png,svd_yolo,0.05,0.012000914122726069,0.1555758693939126,41.45734400162327,0.9991139795201556,16.648381463055085,0.9309436067933256,0.9956792877373278,1.9073486328125e-05,1,2253.5827505790185,1912.069036410558,40.02994517930462,1136.4087267695036,1301.1066076878926
coco_000000002532,images/coco_000000002532.png,svd_yolo,0.1,0.024001828245452137,0.1555758693939126,34.83302116223709,0.9974298272963008,21.244483235190202,0.9662246537209183,0.9991047215479706,1.1444091796875e-05,1,4507.165501158037,4099.394467479313,34.009345266024994,2272.817453539007,2602.2132153757852
coco_000000002587,images/coco_000000002587.png,svd_only,0.001,0.001,1.0,68.23946173590254,0.9999644511636584,1.8878790591509818,0.17384169999013854,0.23253558209097397,0.6893730163574219,0,187.78425772678605,87.57853618324526,61.61423173914949,94.69351377304604,108.41729174813389
coco_000000002587,images/coco_000000002587.png,svd_only,0.005,0.005,1.0,51.430743190630096,0.9997043368798492,8.36555709171584,0.7554125262515514,0.9636811250679318,0.20034408569335938,1,938.9212886339302,606.5039158983229,47.63483165242911,473.46756886523013,542.0864587406695
coco_000000002587,images/coco_000000002587.png,svd_only,0.01,0.01,1.0,43.59788832219823,0.9990603872801915,13.626971227023674,0.8809487654054484,0.994441869583588,0.00011444091796875,1,1877.8425772678604,1494.4326682724786,41.61423173914949,946.9351377304603,1084.172917481339
coco_000000002587,images/coco_000000002587.png,svd_only,0.02,0.02,1.0,36.81132450077582,0.9971683517871289,16.97943634003697,0.8090233018102664,0.9943591525757267,6.103515625e-05,1,3755.685154535721,3264.408828562991,35.59363182586987,1893.8702754609205,2168.345834962678
coco_000000002587,images/coco_000000002587.png,svd_only,0.05,0.05,1.0,28.40371690605966,0.9848590700804776,18.411596125469444,0.7554080087311922,0.9900400915445875,4.9591064453125e-05,1,9389.212886339303,8593.79369079803,27.634831652429117,4734.675688652302,5420.864587406695
coco_000000002587,images/coco_000000002587.png,svd_only,0.1,0.1,1.0,22.279652708330303,0.9466325216254958,18.25512607590617,0.7435108702250024,0.987433943977262,4.9591064453125e-05,1,18778.425772678605,17393.54613067732,21.614231739149496,9469.351377304603,10841.72917481339
coco_000000002587,images/coco_000000002587.png,svd_texture,0.001,0.00019533855519523511,0.10593172799470565,68.29416236754427,0.9999644730780511,2.5768175692035893,0.26215606389977214,0.23408274729503542,0.5933074951171875,0,36.681505592760054,87.02873088813831,75.79847231568979,18.497294166786908,21.17807712826076
coco_000000002587,images/coco_000000002587.png,svd_texture,0.005,0.0009766927759761756,0.10593172799470565,68.25875617817604,0.9999644656641763,1.88820914221037,0.17311097902055825,0.22835251348353328,0.6893653869628906,0,183.40752796380028,87.38420909981392,61.81907222896942,92.48647083393455,105.89038564130381
coco_000000002587,images/coco_000000002587.png,svd_texture,0.01,0.001953385551952351,0.10593172799470565,64.72531883822174,0.9999588554595212,2.487278909103866,0.26292422864193804,0.5353317982765458,0.6895790100097656,0,366.81505592760055,131.25166665608478,55.79847231568979,184.9729416678691,211.78077128260762
coco_000000002587,images/coco_000000002587.png,svd_texture,0.02,0.003906771103904702,0.10593172799470565,53.75532132111722,0.9998617199238318,7.509536326948703,0.6910384198203277,0.9324144797947388,0.2758750915527344,1,733.6301118552011,464.0926631611407,49.777872402410175,369.9458833357382,423.56154256521523
coco_000000002587,images/coco_000000002587.png,svd_texture,0.05,0.009766927759761755,0.10593172799470565,43.835868415832174,0.9991007504939117,13.490688776853325,0.8799829333362178,0.9941992033519756,0.0001068115234375,1,1834.0752796380025,1454.0433281027083,41.81907222896942,924.8647083393454,1058.903856413038
coco_000000002587,images/coco_000000002587.png,svd_texture,0.1,0.01953385551952351,0.10593172799470565,37.034993613135015,0.997284891745965,16.902815739930308,0.8114545772583642,0.9944692369384004,6.103515625e-05,1,3668.150559276005,3181.420594640074,35.79847231568979,1849.7294166786908,2117.807712826076
coco_000000002587,images/coco_000000002587.png,svd_yolo,0.001,0.0006273903232364461,0.5859892480404957,68.29416236754427,0.9999644730780511,2.007894264110531,0.1837125643199685,0.2249016926959501,0.6885871887207031,0,117.8140261539244,87.02873088813831,65.66347542059282,59.40979421446621,68.01995971428181
coco_000000002587,images/coco_000000002587.png,svd_yolo,0.005,0.0031369516161822305,0.5859892480404957,55.82987093829604,0.9998325958665735,6.37707233536534,0.6311427918084528,0.9007078413532543,0.44193267822265625,1,589.070130769622,365.4914499683953,51.68407533387243,297.048971072331,340.099798571409
coco_000000002587,images/coco_000000002587.png,svd_yolo,0.01,0.006273903232364461,0.5859892480404957,48.33180254860225,0.9995217272267597,10.821306302573959,0.8283116770557252,0.9822111368426555,0.0363006591796875,1,1178.140261539244,866.5240908364868,45.6634754205928,594.097942144662,680.199597142818
coco_000000002587,images/coco_000000002587.png,svd_yolo,0.02,0.012547806464728922,0.5859892480404957,41.309489378617485,0.9986215181925381,14.999705324126014,0.8714371517059137,0.9956410739688892,8.7738037109375e-05,1,2356.280523078488,1944.8956270196095,39.642875507313185,1188.195884289324,1360.399194285636
coco_000000002587,images/coco_000000002587.png,svd_yolo,0.05,0.031369516161822306,0.5859892480404957,32.62525115011634,0.9936489268887542,18.009255845519544,0.7718004858372253,0.9920934417706662,5.340576171875e-05,1,5890.70130769622,5285.769385813195,31.684075333872435,2970.4897107233105,3400.99798571409
coco_000000002587,images/coco_000000002587.png,svd_yolo,0.1,0.06273903232364461,0.5859892480404957,26.38217607137804,0.9769370665144751,18.428986765845103,0.7506998471674189,0.9890989293105259,5.340576171875e-05,1,11781.40261539244,10845.809328952819,25.66347542059281,5940.979421446621,6801.99597142818
coco_000000002685,images/coco_000000002685.png,svd_only,0.001,0.001,1.0,62.24427459262532,0.9998706428748467,2.4204268322021414,0.26187173689000004,0.34221078629621676,0.6739273071289062,0,187.78425772678605,174.6453549339346,61.61423173914949,94.69351377304604,108.41729174813389
coco_000000002685,images/coco_000000002685.png,svd_only,0.005,0.005,1.0,50.76819090843172,0.9996571069374337,9.339578154125764,0.7835619632739598,0.9616351316782304,0.07476425170898438,1,938.9212886339302,654.5777264771541,47.63483165242911,473.46756886523013,542.0864587406695
coco_000000002685,images/coco_000000002685.png,svd_only,0.01,0.01,1.0,43.343664419884334,0.999285259028007,15.055955250160522,0.9117362385799024,0.9929521200711502,1.1444091796875e-05,1,1877.8425772678604,1538.8190276962396,41.61423173914949,946.9351377304603,1084.172917481339
coco_000000002685,images/coco_000000002685.png,svd_only,0.02,0.02,1.0,36.508812994755495,0.9979683805283383,20.47517064431993,0.9586601284728767,0.998472866524725,3.814697265625e-06,1,3755.685154535721,3380.104436256371,35.59363182586987,1893.8702754609205,2168.345834962678
coco_000000002685,images/coco_000000002685.png,svd_only,0.05,0.05,1.0,28.097661932354416,0.9890746447546223,25.50481919068797,0.9670114481488076,0.9994887038141559,7.62939453125e-06,1,9389.212886339303,8902.001685014444,27.634831652429117,4734.675688652302,5420.864587406695
coco_000000002685,images/coco_000000002685.png,svd_only,0.1,0.1,1.0,22.137565400444768,0.9592657735175201,23.44088670337112,0.8830287622515987,0.9981148134645953,2.288818359375e-05,1,18778.425772678605,17680.41679372972,21.614231739149496,9469.351377304603,10841.72917481339
coco_000000002685,images/coco_000000002685.png,svd_texture,0.001,0.00028441638456132366,0.20490709395702633,62.24427459262532,0.9998706428748467,3.4693988402132208,0.4186067697231044,0.3793874630374371,0.4699058532714844,0,53.408919660184296,174.6453549339346,72.5351395098369,26.932386828737656,30.835654142934473
coco_000000002685,images/coco_000000002685.png,svd_texture,0.005,0.0014220819228066184,0.20490709395702633,62.24427459262532,0.9998706428748467,2.197803694201616,0.23068096939887608,0.3410365706140456,0.6893768310546875,0,267.0445983009215,174.6453549339346,58.55573942311651,134.66193414368828,154.17827071467238
coco_000000002685,images/coco_000000002685.png,svd_texture,0.01,0.002844163845613237,0.20490709395702633,57.19127110745965,0.9997868561367579,4.2704466439291435,0.47151721115304973,0.710200789675126,0.6585311889648438,0,534.089196601843,312.4691984820264,52.53513950983689,269.32386828737657,308.35654142934476
coco_000000002685,images/coco_000000002685.png,svd_texture,0.02,0.005688327691226474,0.20490709395702633,49.2788295512538,0.9996148854966336,10.542681081063455,0.8228992925624246,0.9734716998257277,0.04273223876953125,1,1068.178393203686,777.014800373841,46.51453959655726,538.6477365747531,616.7130828586895
coco_000000002685,images/coco_000000002685.png,svd_texture,0.05,0.014220819228066185,0.20490709395702633,39.798263768520165,0.9988015259135862,17.909864995656978,0.9408360535325935,0.9968091026684928,7.62939453125e-06,1,2670.445983009215,2314.5021062854967,38.55573942311651,1346.6193414368831,1541.7827071467239
coco_000000002685,images/coco_000000002685.png,svd_texture,0.1,0.02844163845613237,0.20490709395702633,33.21305934702968,0.9962424540000411,22.842984903305826,0.9677688859012554,0.9991733144561332,3.814697265625e-06,1,5340.89196601843,4939.895950321221,32.53513950983689,2693.2386828737663,3083.5654142934477
coco_000000002685,images/coco_000000002685.png,svd_yolo,0.001,0.0009069668004756041,0.8966297783062268,62.24427459262532,0.9998706428748467,2.492621079023068,0.27240221860102704,0.34248627320339686,0.665130615234375,0,170.3140874101494,174.6453549339346,62.46240393916338,85.88387321253211,98.33088421303512
coco_000000002685,images/coco_000000002685.png,svd_yolo,0.005,0.00453483400237802,0.8966297783062268,51.8427141640234,0.9996956929482207,8.536297474432766,0.7523417730368459,0.9490534022295527,0.22064971923828125,1,851.5704370507468,578.409024825858,48.483003852443005,429.4193660626605,491.65442106517554
coco_000000002685,images/coco_000000002685.png,svd_yolo,0.01,0.00906966800475604,0.8966297783062268,44.33292428666489,0.9993790747890247,14.331851538376403,0.9015475688166505,0.9911615441597679,1.9073486328125e-05,1,1703.1408741014936,1373.1707832604072,42.46240393916338,858.838732125321,983.3088421303511
coco_000000002685,images/coco_000000002685.png,svd_yolo,0.02,0.01813933600951208,0.8966297783062268,37.44039162158649,0.9982661294962898,19.7581995468213,0.9549176188359612,0.9981478321984057,3.814697265625e-06,1,3406.2817482029873,3036.3455007623884,36.441804025883755,1717.677464250642,1966.6176842607022
coco_000000002685,images/coco_000000002685.png,svd_yolo,0.05,0.04534834002378021,0.8966297783062268,28.970133760433512,0.9909607124310833,25.19817104401468,0.9694412148894864,0.9994890899641893,7.62939453125e-06,1,8515.70437050747,8051.26424855128,28.483003852443,4294.193660626605,4916.544210651756
coco_000000002685,images/coco_000000002685.png,svd_yolo,0.1,0.09069668004756042,0.8966297783062268,22.947366177088906,0.9660189039237571,24.21754333603149,0.8993974938455321,0.9985844950219513,2.288818359375e-05,1,17031.40874101494,16106.547581651383,22.462403939163377,8588.38732125321,9833.088421303511
coco_000000002923,images/coco_000000002923.png,svd_only,0.001,0.001,1.0,62.530441642526775,0.9999525636648307,2.9285516924431643,0.33062202008756736,0.46362774015926017,0.6814651489257812,0,187.78425772678605,168.98520645310938,61.61423173914949,94.69351377304604,108.41729174813389
coco_000000002923,images/coco_000000002923.png,svd_only,0.005,0.005,1.0,50.61637427039682,0.9993929831842724,8.89867379028712,0.7766240368152669,0.9357339970137133,0.2185516357421875,1,938.9212886339302,666.1193586738041,47.63483165242911,473.46756886523013,542.0864587406695
coco_000000002923,images/coco_000000002923.png,svd_only,0.01,0.01,1.0,43.52607215930756,0.998799516614762,14.177899956162115,0.8922956065222669,0.9941452718065524,6.4849853515625e-05,1,1877.8425772678604,1506.8400711422562,41.61423173914949,946.9351377304603,1084.172917481339
coco_000000002923,images/coco_000000002923.png,svd_only,0.02,0.02,1.0,36.72226978862136,0.9966494824666916,17.809080549722154,0.8223638516996042,0.9930485867812078,3.814697265625e-06,1,3755.685154535721,3298.050333151391,35.59363182586987,1893.8702754609205,2168.345834962678
coco_000000002923,images/coco_000000002923.png,svd_only,0.05,0.05,1.0,28.36847517917233,0.9843908607373132,18.305716763390286,0.7071886458827482,0.9854409795131143,3.814697265625e-06,1,9389.212886339303,8628.732583641702,27.634831652429117,4734.675688652302,5420.864587406695
coco_000000002923,images/coco_000000002923.png,svd_only,0.1,0.1,1.0,22.30982087184314,0.9484981746599909,17.160262069021698,0.6834528467382414,0.9820511149712428,3.814697265625e-06,1,18778.425772678605,17333.238993333012,21.614231739149496,9469.351377304603,10841.72917481339
coco_000000002923,images/coco_000000002923.png,svd_texture,0.001,0.00019063760547977527,0.10070845053308361,62.58323056602423,0.9999527010152519,5.189053023517395,0.6110677696943437,0.5368635550309062,0.3322715759277344,0,35.79874123983148,167.9613050675661,76.0100602515686,18.052144720159614,20.668412891466446
coco_000000002923,images/coco_000000002923.png,svd_texture,0.005,0.0009531880273988763,0.10070845053308361,62.54979954040141,0.9999526235661427,2.960961813900906,0.33497554072875263,0.46297874077048035,0.6792182922363281,0,178.9937061991574,168.60901518009052,62.03066016484822,90.26072360079807,103.34206445733223
coco_000000002923,images/coco_000000002923.png,svd_texture,0.01,0.0019063760547977527,0.10070845053308361,61.24896905005032,0.999948300773402,3.0730517729856626,0.3419564023319565,0.5681217269271878,0.6895179748535156,0,357.9874123983148,195.8494319624134,56.010060251568596,180.52144720159615,206.68412891466446
coco_000000002923,images/coco_000000002923.png,svd_texture,0.02,0.0038127521095955054,0.10070845053308361,54.02511718287293,0.9995735410953547,5.837400930962994,0.6090856580681745,0.8102175295213988,0.5282516479492188,0,715.9748247966296,449.8988775269394,49.98946033828898,361.0428944031923,413.3682578293289
coco_000000002923,images/coco_000000002923.png,svd_texture,0.05,0.009531880273988763,0.10070845053308361,44.0063257161913,0.9988896854897065,13.900031312954095,0.890428243792761,0.9936167499253318,6.4849853515625e-05,1,1789.937061991574,1425.7864496480531,42.03066016484822,902.6072360079808,1033.4206445733223
coco_000000002923,images/coco_000000002923.png,svd_texture,0.1,0.019063760547977527,0.10070845053308361,37.17700696919808,0.9968900242219347,17.636083370264807,0.831286230566747,0.9933791409389682,7.62939453125e-06,1,3579.874123983148,3129.827631036572,36.0100602515686,1805.2144720159615,2066.8412891466446
coco_000000002923,images/coco_000000002923.png,svd_yolo,0.001,0.00020868406924664704,0.12076007694071893,62.58323056602423,0.9999527010152519,5.098169203579639,0.5999023804347764,0.5306043303842406,0.3558769226074219,0,39.187583042886835,167.9613050675661,75.22444580550197,19.761027785422662,22.62496161870151
coco_000000002923,images/coco_000000002923.png,svd_yolo,0.005,0.0010434203462332352,0.12076007694071893,62.50768857023027,0.9999525077833136,2.906936799765484,0.3275020283553971,0.465660442512891,0.6837882995605469,0,195.93791521443418,169.4284509756257,61.24504571878159,98.8051389271133,113.12480809350754
coco_000000002923,images/coco_000000002923.png,svd_yolo,0.01,0.0020868406924664704,0.12076007694071893,60.90693440827142,0.9999471900367273,3.078573324666019,0.3429084087387313,0.5725854141636476,0.68951416015625,0,391.87583042886837,203.71548787463362,55.22444580550197,197.6102778542266,226.24961618701508
coco_000000002923,images/coco_000000002923.png,svd_yolo,0.02,0.004173681384932941,0.12076007694071893,52.70978294773096,0.9994870616172898,6.886257018626631,0.6759539755158857,0.851754522217502,0.42156982421875,0,783.7516608577367,523.4577346835177,49.20384589222235,395.2205557084532,452.49923237403016
coco_000000002923,images/coco_000000002923.png,svd_yolo,0.05,0.010434203462332352,0.12076007694071893,43.0914672294069,0.9987172034241839,14.452518771377958,0.8930996932275214,0.9944843950282508,4.57763671875e-05,1,1959.3791521443418,1584.154032914729,41.2450457187816,988.0513892711332,1131.2480809350754
coco_000000002923,images/coco_000000002923.png,svd_yolo,0.1,0.020868406924664705,0.12076007694071893,36.32048930698867,0.9964232266424826,17.94207780726333,0.8134722950371308,0.9927209273251526,3.814697265625e-06,1,3918.7583042886836,3454.190643262181,35.22444580550197,1976.1027785422664,2262.496161870151
coco_000000003156,images/coco_000000003156.png,svd_only,0.001,0.001,1.0,59.40673498085266,0.9994299486967831,2.899491257762698,0.3360048152957957,0.3640974546472559,0.60595703125,0,187.78425772678605,242.12187013981202,61.61423173914949,94.69351377304604,108.41729174813389
coco_000000003156,images/coco_000000003156.png,svd_only,0.005,0.005,1.0,50.752013787902925,0.9992706265063345,9.46835769954041,0.793724283746946,0.9672905824312068,0.057704925537109375,1,938.9212886339302,655.7979871881279,47.63483165242911,473.46756886523013,542.0864587406695
coco_000000003156,images/coco_000000003156.png,svd_only,0.01,0.01,1.0,43.36328155212574,0.9987957360894111,14.737176285201297,0.9009545213201974,0.994355477608097,9.918212890625e-05,1,1877.8425772678604,1535.3475176649747,41.61423173914949,946.9351377304603,1084.172917481339
coco_000000003156,images/coco_000000003156.png,svd_only,0.02,0.02,1.0,36.75004358687342,0.9973784151307626,17.856137979053322,0.9324213948133565,0.9981340088938859,1.1444091796875e-05,1,3755.685154535721,3287.5214067744105,35.59363182586987,1893.8702754609205,2168.345834962678
coco_000000003156,images/coco_000000003156.png,svd_only,0.05,0.05,1.0,28.756810635810268,0.9880059327757081,17.072691414119426,0.8050019988460461,0.9959949534705564,1.1444091796875e-05,1,9389.212886339303,8251.449327239427,27.634831652429117,4734.675688652302,5420.864587406695
coco_000000003156,images/coco_000000003156.png,svd_only,0.1,0.1,1.0,23.31211196241357,0.9632051005977438,13.56466363609404,0.7076101934555216,0.9839888459823041,1.52587890625e-05,1,18778.425772678605,15444.191238132218,21.614231739149496,9469.351377304603,10841.72917481339
coco_000000003156,images/coco_000000003156.png,svd_texture,0.001,0.00022813942573018318,0.14237713970020352,59.40673498085266,0.9994299486967831,4.029124460412939,0.5158508180704797,0.43365422520248226,0.4129791259765625,0,42.84099271895768,242.12187013981202,74.4502248589139,21.603323852555913,24.734258678640995
coco_000000003156,images/coco_000000003156.png,svd_texture,0.005,0.0011406971286509159,0.14237713970020352,59.40673498085266,0.9994299486967831,2.7741510520120345,0.3175980971280063,0.36183738832986045,0.6275825500488281,0,214.2049635947884,242.12187013981202,60.470824772193524,108.01661926277956,123.67129339320496
coco_000000003156,images/coco_000000003156.png,svd_texture,0.01,0.0022813942573018317,0.14237713970020352,59.064125933366526,0.9994057624579681,2.4067820345085207,0.2618434462132124,0.37730075675155494,0.6800155639648438,0,428.4099271895768,251.863058029557,54.4502248589139,216.0332385255591,247.34258678640992
coco_000000003156,images/coco_000000003156.png,svd_texture,0.02,0.004562788514603663,0.14237713970020352,51.346824758540706,0.9993023750900173,9.459015196370245,0.7854430129380064,0.9660741253081574,0.06261444091796875,1,856.8198543791536,612.3920313002121,48.429624945634274,432.0664770511182,494.68517357281985
coco_000000003156,images/coco_000000003156.png,svd_texture,0.05,0.011406971286509159,0.14237713970020352,42.10967358312308,0.9986256196282962,15.304813430466975,0.9097738015801804,0.9951780467752582,6.4849853515625e-05,1,2142.049635947884,1773.7282768225803,40.47082477219352,1080.1661926277955,1236.7129339320497
coco_000000003156,images/coco_000000003156.png,svd_texture,0.1,0.022813942573018317,0.14237713970020352,35.55462420031607,0.9967702592041722,18.12147669072816,0.9299836982306108,0.9983269586777294,1.1444091796875e-05,1,4284.099271895768,3772.5895615611303,34.4502248589139,2160.332385255591,2473.4258678640995
coco_000000003156,images/coco_000000003156.png,svd_yolo,0.001,0.0009372354619421038,0.9302616243801154,59.40673498085266,0.9994299486967831,2.962846563262001,0.3450853144132295,0.3658566058562893,0.5938987731933594,0,175.9980655360194,242.12187013981202,62.17725748861494,88.75011912400177,101.61253051407411
coco_000000003156,images/coco_000000003156.png,svd_yolo,0.005,0.004686177309710519,0.9302616243801154,51.19427654635682,0.9992992384111247,9.446037781444582,0.7879788125894839,0.9668532082260594,0.06268692016601562,1,879.990327680097,623.2423284726415,48.19785740189457,443.7505956200088,508.0626525703706
coco_000000003156,images/coco_000000003156.png,svd_yolo,0.01,0.009372354619421038,0.9302616243801154,44.005091073044234,0.9988078452922845,14.35318524390749,0.9000722986407578,0.9937400777040754,0.000194549560546875,1,1759.980655360194,1425.9891303933562,42.17725748861494,887.5011912400176,1016.1253051407411
coco_000000003156,images/coco_000000003156.png,svd_yolo,0.02,0.018744709238842076,0.9302616243801154,37.35388140392916,0.9975822991643758,17.63608070433787,0.9333184182717408,0.9980009890979341,1.52587890625e-05,1,3519.961310720388,3066.738169456271,36.15665757533532,1775.0023824800353,2032.2506102814823
coco_000000003156,images/coco_000000003156.png,svd_yolo,0.05,0.046861773097105194,0.9302616243801154,29.298114707299206,0.9892700298109198,17.318563781032687,0.8182619778314274,0.9966529639021888,1.1444091796875e-05,1,8799.903276800971,7752.915193654578,28.197857401894566,4437.505956200089,5080.626525703706
coco_000000003156,images/coco_000000003156.png,svd_yolo,0.1,0.09372354619421039,0.9302616243801154,23.760550713618223,0.9666484502108804,14.000694777452987,0.7128880650166559,0.98491379085368,1.1444091796875e-05,1,17599.806553601942,14667.065555181785,22.17725748861494,8875.011912400178,10161.253051407411
coco_000000003255,images/coco_000000003255.png,svd_only,0.001,0.001,1.0,59.91029437440833,0.9999025829497995,3.2640653675595477,0.37426922663302337,0.4520096012311713,0.6371002197265625,0,187.78425772678605,228.4841351166422,61.61423173914949,94.69351377304604,108.41729174813389
coco_000000003255,images/coco_000000003255.png,svd_only,0.005,0.005,1.0,50.2898940397953,0.9995295251415731,9.980099374030427,0.798899864544676,0.9581863393334377,0.06821441650390625,1,938.9212886339302,691.6335735055088,47.63483165242911,473.46756886523013,542.0864587406695
coco_000000003255,images/coco_000000003255.png,svd_only,0.01,0.01,1.0,43.33998139215968,0.999028461422136,15.17394291048964,0.9135309206409433,0.9930240490208445,1.1444091796875e-05,1,1877.8425772678604,1539.4716626167562,41.61423173914949,946.9351377304603,1084.172917481339
coco_000000003255,images/coco_000000003255.png,svd_only,0.02,0.02,1.0,36.49143627348343,0.9973037094021203,20.84679096544722,0.9644704788195583,0.9986327036537022,0.0,1,3755.685154535721,3386.873336869863,35.59363182586987,1893.8702754609205,2168.345834962678
coco_000000003255,images/coco_000000003255.png,svd_only,0.05,0.05,1.0,28.065350544313212,0.9866012425059315,26.664529313878308,0.9690748035888265,0.9996871179355434,0.0,1,9389.212886339303,8935.178677564316,27.634831652429117,4734.675688652302,5420.864587406695
coco_000000003255,images/coco_000000003255.png,svd_only,0.1,0.1,1.0,22.087782105624264,0.952340086660569,24.395095746601513,0.8209279135579983,0.9988583119817933,3.0517578125e-05,1,18778.425772678605,17782.043302163,21.614231739149496,9469.351377304603,10841.72917481339
coco_000000003255,images/coco_000000003255.png,svd_texture,0.001,0.00029245289321758064,0.21383654801953403,59.91029437440833,0.9999025829497995,4.9068938425410895,0.5792189562890298,0.5145261833519033,0.3659324645996094,0,54.918049472914404,228.4841351166422,72.29311329579252,27.693392071866132,31.70695064655629
coco_000000003255,images/coco_000000003255.png,svd_texture,0.005,0.001462264466087903,0.21383654801953403,59.91029437440833,0.9999025829497995,2.780275229363976,0.308842364989844,0.45120643636030383,0.6861076354980469,0,274.590247364572,228.4841351166422,58.313713209072155,138.46696035933064,158.53475323278144
coco_000000003255,images/coco_000000003255.png,svd_texture,0.01,0.002924528932175806,0.21383654801953403,57.555135659793805,0.9998133663260238,3.315652688176204,0.37395351581564046,0.5947888919301243,0.6826400756835938,0,549.180494729144,299.64979559479093,52.29311329579253,276.9339207186613,317.0695064655629
coco_000000003255,images/coco_000000003255.png,svd_texture,0.02,0.005849057864351612,0.21383654801953403,48.97625866653314,0.9995586598217061,10.81210561313066,0.8286006160117673,0.9721403360808071,0.03814697265625,1,1098.360989458288,804.558885352713,46.272513382512905,553.8678414373226,634.1390129311258
coco_000000003255,images/coco_000000003255.png,svd_texture,0.05,0.014622644660879031,0.21383654801953403,39.52404746862054,0.9983108289158436,18.288212121469336,0.9461015739266094,0.9971295851642329,3.814697265625e-06,1,2745.90247364572,2388.7373233572584,38.313713209072155,1384.6696035933064,1585.3475323278144
coco_000000003255,images/coco_000000003255.png,svd_texture,0.1,0.029245289321758062,0.21383654801953403,32.927128844028076,0.994905485347962,23.743067288769296,0.975624818758943,0.9994151878609009,0.0,1,5491.80494729144,5105.218408648155,32.29311329579253,2769.339207186613,3170.695064655629
coco_000000003255,images/coco_000000003255.png,svd_yolo,0.001,0.00020452403539537,0.11613781710596663,59.91029437440833,0.9999025829497995,5.195866599887747,0.6148170734294726,0.5352747238548218,0.33362579345703125,0,38.40639417400647,228.4841351166422,75.39934467798402,19.367099562630422,22.17394201496549
coco_000000003255,images/coco_000000003255.png,svd_yolo,0.005,0.00102262017697685,0.11613781710596663,59.91029437440833,0.9999025829497995,3.232337743699929,0.3701468014443677,0.4519424801038879,0.6440811157226562,0,192.03197087003235,228.4841351166422,61.41994459126365,96.8354978131521,110.86971007482747
coco_000000003255,images/coco_000000003255.png,svd_yolo,0.01,0.0020452403539537,0.11613781710596663,59.84178964351542,0.999901197946612,2.4990820006022068,0.2708287510851512,0.4555255053147508,0.6895637512207031,0,384.0639417400647,230.2932912613826,55.399344677984026,193.6709956263042,221.73942014965493
coco_000000003255,images/coco_000000003255.png,svd_yolo,0.02,0.0040904807079074,0.11613781710596663,52.541832540351166,0.9994260021478617,7.151456094220111,0.6867188514446284,0.8628118963379982,0.3086585998535156,0,768.1278834801294,533.6778054219606,49.3787447647044,387.3419912526084,443.47884029930987
coco_000000003255,images/coco_000000003255.png,svd_yolo,0.05,0.0102262017697685,0.11613781710596663,43.12175026744707,0.9990098778014458,15.316009792053084,0.915698118923598,0.9933212272958007,1.1444091796875e-05,1,1920.3197087003236,1578.6405544011595,41.41994459126365,968.3549781315211,1108.6971007482746
coco_000000003255,images/coco_000000003255.png,svd_yolo,0.1,0.020452403539537,0.11613781710596663,36.279750096208964,0.9972045875222834,21.0116983132028,0.9654101509989098,0.9986993776133656,0.0,1,3840.6394174006473,3470.4298004714055,35.399344677984026,1936.7099562630422,2217.394201496549
coco_000000003501,images/coco_000000003501.png,svd_only,0.001,0.001,1.0,61.75198249189195,0.9998847885561327,2.5393737173301516,0.27613225665042446,0.31982209147183577,0.6446266174316406,0,187.78425772678605,184.82965130086677,61.61423173914949,94.69351377304604,108.41729174813389
coco_000000003501,images/coco_000000003501.png,svd_only,0.005,0.005,1.0,50.748712929826254,0.9996296221853488,9.475728118713695,0.7841118076413497,0.9569600450250813,0.07349777221679688,1,938.9212886339302,656.0472543955962,47.63483165242911,473.46756886523013,542.0864587406695
coco_000000003501,images/coco_000000003501.png,svd_only,0.01,0.01,1.0,43.52706879754149,0.9988727931331578,13.888090698247776,0.8933304516009777,0.9857936619984915,2.6702880859375e-05,1,1877.8425772678604,1506.667182890767,41.61423173914949,946.9351377304603,1084.172917481339
coco_000000003501,images/coco_000000003501.png,svd_only,0.02,0.02,1.0,36.8576962805739,0.9971989572525527,15.782322829409773,0.8822589514726152,0.974463134409768,0.0,1,3755.685154535721,3247.0274098011555,35.59363182586987,1893.8702754609205,2168.345834962678
coco_000000003501,images/coco_000000003501.png,svd_only,0.05,0.05,1.0,29.080931890480816,0.9860016514061641,14.025202191353173,0.7607152450122401,0.9574275110644603,3.814697265625e-06,1,9389.212886339303,7949.213734703578,27.634831652429117,4734.675688652302,5420.864587406695
coco_000000003501,images/coco_000000003501.png,svd_only,0.1,0.1,1.0,23.800981324238197,0.9527433308694383,11.090409688142193,0.6118321267430366,0.9322696230339461,0.02913665771484375,0,18778.425772678605,14598.952736412293,21.614231739149496,9469.351377304603,10841.72917481339
coco_000000003501,images/coco_000000003501.png,svd_texture,0.001,0.00026080563396955857,0.17867292663284282,61.75198249189195,0.9998847885561327,3.532993124102733,0.4299501801495569,0.37119042447503636,0.4653358459472656,0,48.97519238593741,184.82965130086677,73.28789236179676,24.696601892384393,28.27584050763465
coco_000000003501,images/coco_000000003501.png,svd_texture,0.005,0.001304028169847793,0.17867292663284282,61.75198249189195,0.9998847885561327,2.3524580963154182,0.24924022200523246,0.3191576808265124,0.6690521240234375,0,244.8759619296871,184.82965130086677,59.30849227507639,123.483009461922,141.37920253817327
coco_000000003501,images/coco_000000003501.png,svd_texture,0.01,0.002608056339695586,0.17867292663284282,58.87640883341974,0.9998008238545695,3.0611645111783394,0.3357484553047337,0.49505151630753275,0.6619720458984375,0,489.7519238593742,257.3654988532845,53.287892361796764,246.966018923844,282.75840507634655
coco_000000003501,images/coco_000000003501.png,svd_texture,0.02,0.005216112679391172,0.17867292663284282,50.3442337464961,0.9996143609873389,9.691333525371729,0.7922133990652811,0.9601677061660183,0.06810379028320312,1,979.5038477187484,687.320158295972,47.267292448517146,493.932037847688,565.5168101526931
coco_000000003501,images/coco_000000003501.png,svd_texture,0.05,0.013040281698477929,0.17867292663284282,40.92626001794017,0.9984426761436508,14.950602209816722,0.8915769211725735,0.9832185796112285,1.1444091796875e-05,1,2448.759619296871,2032.6273637831407,39.30849227507639,1234.8300946192198,1413.7920253817326
coco_000000003501,images/coco_000000003501.png,svd_texture,0.1,0.026080563396955858,0.17867292663284282,34.4527969503187,0.9956490890842584,15.765884480373229,0.8777738345823446,0.9693035137415652,0.0,1,4897.519238593742,4282.830839526586,33.287892361796764,2469.6601892384397,2827.5840507634653
coco_000000003501,images/coco_000000003501.png,svd_yolo,0.001,0.0008067823158571134,0.7853136842856815,61.75198249189195,0.9998847885561327,2.707097024833432,0.30045511906522776,0.3225054466247017,0.6173477172851562,0,151.50101833032548,184.82965130086677,63.4791043352919,76.39705233846554,87.46915371551577
coco_000000003501,images/coco_000000003501.png,svd_yolo,0.005,0.004033911579285567,0.7853136842856815,52.68021320222331,0.9996615697680236,8.190568254472645,0.7347853764351164,0.9266068550065261,0.23880767822265625,1,757.5050916516274,525.2428009977862,49.499704248571526,381.9852616923277,437.34576857757884
coco_000000003501,images/coco_000000003501.png,svd_yolo,0.01,0.008067823158571134,0.7853136842856815,45.73265404415381,0.9991846488539394,12.597700772640206,0.8778946918756968,0.9835409862961447,0.000377655029296875,1,1515.0101833032547,1168.7942504992056,43.4791043352919,763.9705233846554,874.6915371551577
coco_000000003501,images/coco_000000003501.png,svd_yolo,0.02,0.016135646317142267,0.7853136842856815,38.881241167662616,0.9979397066488289,15.49533658651471,0.8856721405873583,0.9792090049105794,7.62939453125e-06,1,3030.0203666065095,2572.223551715519,37.45850442201228,1527.9410467693108,1749.3830743103154
coco_000000003501,images/coco_000000003501.png,svd_yolo,0.05,0.04033911579285567,0.7853136842856815,30.77117259275427,0.9905698054577715,14.787659763075885,0.8117799880623493,0.9603751065204149,3.814697265625e-06,1,7575.050916516275,6543.530621919637,29.499704248571526,3819.852616923277,4373.457685775789
coco_000000003501,images/coco_000000003501.png,svd_yolo,0.1,0.08067823158571134,0.7853136842856815,25.449591838226297,0.9674288648017314,11.934443720662525,0.644029402528282,0.9446755496617264,0.01480865478515625,0,15150.10183303255,12075.11225620698,23.4791043352919,7639.705233846554,8746.915371551579
coco_000000003553,images/coco_000000003553.png,svd_only,0.001,0.001,1.0,59.79374232346454,0.9996180312890357,2.6735309643601903,0.2927419836064921,0.32734575173619146,0.628753662109375,0,187.78425772678605,231.57072353818822,61.61423173914949,94.69351377304604,108.41729174813389
coco_000000003553,images/coco_000000003553.png,svd_only,0.005,0.005,1.0,50.77769863657111,0.9992683285606466,8.607091894137888,0.7552640524415102,0.9449868383180415,0.2368316650390625,1,938.9212886339302,653.8616061522499,47.63483165242911,473.46756886523013,542.0864587406695
coco_000000003553,images/coco_000000003553.png,svd_only,0.01,0.01,1.0,43.76027236747859,0.9983980579984056,12.656253845892138,0.8705076679478424,0.9896596372881946,0.000141143798828125,1,1877.8425772678604,1466.7535580321596,41.61423173914949,946.9351377304603,1084.172917481339
coco_000000003553,images/coco_000000003553.png,svd_only,0.02,0.02,1.0,37.49893091181714,0.994921022259589,13.299274683035193,0.8603432625460736,0.9914335983879037,2.6702880859375e-05,1,3755.685154535721,3015.950596412348,35.59363182586987,1893.8702754609205,2168.345834962678
coco_000000003553,images/coco_000000003553.png,svd_only,0.05,0.05,1.0,30.110151685120833,0.9781311859814005,10.830238613766916,0.7865070034815256,0.981378758245017,0.009136199951171875,1,9389.212886339303,7060.950785836139,27.634831652429117,4734.675688652302,5420.864587406695
coco_000000003553,images/coco_000000003553.png,svd_only,0.1,0.1,1.0,24.992437155005575,0.9440737419741555,8.596871688848339,0.6864442869055338,0.962340716884874,0.07333755493164062,1,18778.425772678605,12727.670132431937,21.614231739149496,9469.351377304603,10841.72917481339
coco_000000003553,images/coco_000000003553.png,svd_texture,0.001,0.0002627812778956129,0.18086808655068098,59.79374232346454,0.9996180312890357,3.691494616368093,0.4468417476377467,0.3839660202352853,0.45024871826171875,0,49.34618721412396,231.57072353818822,73.2223433338958,24.883682557706855,28.49003447155611
coco_000000003553,images/coco_000000003553.png,svd_texture,0.005,0.0013139063894780645,0.18086808655068098,59.79374232346454,0.9996180312890357,2.460610628526162,0.2619342450573969,0.32477244936286526,0.6620025634765625,0,246.73093607061978,231.57072353818822,59.24294324717542,124.41841278853427,142.45017235778056
coco_000000003553,images/coco_000000003553.png,svd_texture,0.01,0.002627812778956129,0.18086808655068098,55.92775083571814,0.9994224350031363,5.19320327358029,0.5454149686594504,0.7259520117436111,0.587310791015625,0,493.46187214123955,361.3959047914074,53.22234333389579,248.83682557706854,284.9003447155611
coco_000000003553,images/coco_000000003553.png,svd_texture,0.02,0.005255625557912258,0.18086808655068098,49.97957580844879,0.9992053785674032,9.39804978133515,0.7817483758316587,0.9546556476469755,0.1228790283203125,1,986.9237442824791,716.7900668954613,47.20174342061617,497.6736511541371,569.8006894311222
coco_000000003553,images/coco_000000003553.png,svd_texture,0.05,0.013139063894780645,0.18086808655068098,41.17970902583928,0.9974680469788316,13.382678065743558,0.8754318382554671,0.9918205440363076,1.9073486328125e-05,1,2467.309360706198,1974.1734979479388,39.24294324717541,1244.1841278853428,1424.5017235778057
coco_000000003553,images/coco_000000003553.png,svd_texture,0.1,0.02627812778956129,0.18086808655068098,35.21849221459923,0.9920639799802856,12.752515637120265,0.8438704774952234,0.9897326518174194,3.814697265625e-06,1,4934.618721412396,3921.4452692852924,33.22234333389579,2488.3682557706857,2849.0034471556114
coco_000000003553,images/coco_000000003553.png,svd_yolo,0.001,0.0006220598572516114,0.580066508057346,59.79374232346454,0.9996180312890357,3.08033279069904,0.35156580833031703,0.3432588827909537,0.553253173828125,0,116.81304855562433,231.57072353818822,65.73758821178555,58.90503366031451,67.44204502845048
coco_000000003553,images/coco_000000003553.png,svd_yolo,0.005,0.003110299286258057,0.580066508057346,54.138324246349505,0.9994861861970751,7.7857954146753645,0.7183660949726455,0.9287108122263262,0.3448371887207031,1,584.0652427781217,444.0731921654357,51.758188125065175,294.52516830157253,337.2102251422524
coco_000000003553,images/coco_000000003553.png,svd_yolo,0.01,0.006220598572516114,0.580066508057346,48.16621323365281,0.999162038790366,10.998457517245102,0.8330285396990579,0.9780428403211796,0.011890411376953125,1,1168.1304855562435,883.2021286206233,45.73758821178555,589.0503366031451,674.4204502845048
coco_000000003553,images/coco_000000003553.png,svd_yolo,0.02,0.012441197145032229,0.580066508057346,41.68178082365322,0.9976796789721282,13.295839633276625,0.8755102875933796,0.9917162324329581,1.9073486328125e-05,1,2336.260971112487,1863.2954677130517,39.71698829850593,1178.1006732062901,1348.8409005690096
coco_000000003553,images/coco_000000003553.png,svd_yolo,0.05,0.031102992862580572,0.580066508057346,33.838777638590734,0.9894884848026845,12.320205604378994,0.8315088437557393,0.9881147660472757,0.001861572265625,1,5840.652427781217,4596.548922833304,31.758188125065182,2945.2516830157256,3372.102251422524
coco_000000003553,images/coco_000000003553.png,svd_yolo,0.1,0.062205985725161145,0.580066508057346,28.46964342098741,0.9703555764679296,10.09064852694564,0.7598375922803369,0.9768562534695104,0.01840972900390625,1,11681.304855562434,8528.81310617134,25.737588211785557,5890.503366031451,6744.204502845048
coco_000000003845,images/coco_000000003845.png,svd_only,0.001,0.001,1.0,60.92161007453348,0.999651501605164,2.6672167047953295,0.2778772522580452,0.31715007580247134,0.6615753173828125,0,187.78425772678605,203.37158110217857,61.61423173914949,94.69351377304604,108.41729174813389
coco_000000003845,images/coco_000000003845.png,svd_only,0.005,0.005,1.0,50.49860514178693,0.999492803219113,9.720108107005803,0.7945989374177881,0.9625536361263999,0.0680694580078125,1,938.9212886339302,675.2125591249026,47.63483165242911,473.46756886523013,542.0864587406695
coco_000000003845,images/coco_000000003845.png,svd_only,0.01,0.01,1.0,43.2487395168426,0.9989401779913839,15.327644046422215,0.9070398949559971,0.9935187089694012,1.1444091796875e-05,1,1877.8425772678604,1555.7284467412685,41.61423173914949,946.9351377304603,1084.172917481339
coco_000000003845,images/coco_000000003845.png,svd_only,0.02,0.02,1.0,36.5897107155183,0.9965477320068609,19.570191150975074,0.943262770334396,0.9982239614183761,7.62939453125e-06,1,3755.685154535721,3348.7693261853674,35.59363182586987,1893.8702754609205,2168.345834962678
coco_000000003845,images/coco_000000003845.png,svd_only,0.05,0.05,1.0,28.472078853520998,0.9811349447434807,19.735496914198325,0.8960142041329021,0.9965424467956749,3.814697265625e-05,1,9389.212886339303,8526.422051482086,27.634831652429117,4734.675688652302,5420.864587406695
coco_000000003845,images/coco_000000003845.png,svd_only,0.1,0.1,1.0,22.699226272895643,0.9394504442182651,16.997221270100965,0.8435160390256616,0.9918155193958844,8.0108642578125e-05,1,18778.425772678605,16573.31768234713,21.614231739149496,9469.351377304603,10841.72917481339
coco_000000003845,images/coco_000000003845.png,svd_texture,0.001,0.00034695065698140505,0.27438961886822777,60.92161007453348,0.999651501605164,3.610166138081868,0.4125446281157196,0.35209665089171743,0.4872550964355469,0,65.1518715890739,203.37158110217857,70.80887745511642,32.85397681543605,37.61545060015972
coco_000000003845,images/coco_000000003845.png,svd_texture,0.005,0.0017347532849070252,0.27438961886822777,60.455213340421416,0.9996455105595511,2.5442865441829636,0.2562022464037978,0.39760493952185944,0.6894912719726562,0,325.7593579453695,214.59030733003763,56.82947736839604,164.26988407718022,188.07725300079858
coco_000000003845,images/coco_000000003845.png,svd_texture,0.01,0.0034695065698140504,0.27438961886822777,54.20982343687645,0.9995566365887213,6.691166004517908,0.658940045429187,0.8835379016758566,0.442718505859375,0,651.518715890739,440.4327417438445,50.80887745511642,328.53976815436044,376.15450600159716
coco_000000003845,images/coco_000000003845.png,svd_texture,0.02,0.006939013139628101,0.27438961886822777,47.01479946522813,0.9993190775237125,12.373076909259646,0.8621208840343023,0.9837543078122299,0.0017242431640625,1,1303.037431781478,1008.3952598063916,44.7882775418368,657.0795363087209,752.3090120031943
coco_000000003845,images/coco_000000003845.png,svd_texture,0.05,0.017347532849070254,0.27438961886822777,37.912334547863765,0.9973517563783435,18.927481074175468,0.9407275874125642,0.9978780402839001,7.62939453125e-06,1,3257.5935794536954,2875.7692883818063,36.82947736839604,1642.6988407718025,1880.7725300079862
coco_000000003845,images/coco_000000003845.png,svd_texture,0.1,0.03469506569814051,0.27438961886822777,31.643353838855475,0.9903188126320934,20.40678154845263,0.9264469123761,0.9980028271684178,1.1444091796875e-05,1,6515.187158907391,5918.383140689693,30.80887745511642,3285.397681543605,3761.5450600159725
coco_000000003845,images/coco_000000003845.png,svd_yolo,0.001,0.000972862513783356,0.9698472375370623,60.92161007453348,0.999651501605164,2.691713911035198,0.2812534259932678,0.31742545292517227,0.6567497253417969,0,182.6882650210227,203.37158110217857,61.8532023484616,92.1237698482244,105.47511898767304
coco_000000003845,images/coco_000000003845.png,svd_yolo,0.005,0.00486431256891678,0.9698472375370623,50.78917211979395,0.9994984980927645,9.504459475156956,0.7875181701053813,0.9598743928861746,0.07769775390625,1,913.4413251051134,652.9984686046362,47.873802261741226,460.618849241122,527.3755949383652
coco_000000003845,images/coco_000000003845.png,svd_yolo,0.01,0.00972862513783356,0.9698472375370623,43.522250326553156,0.998969128110064,15.124052340634247,0.9039127717977143,0.9930267578529082,2.6702880859375e-05,1,1826.8826502102268,1507.5032338273772,41.8532023484616,921.237698482244,1054.7511898767305
coco_000000003845,images/coco_000000003845.png,svd_yolo,0.02,0.01945725027566712,0.9698472375370623,36.84437178421285,0.9967256055589742,19.461437135853778,0.9433770967292122,0.9981883813671184,7.62939453125e-06,1,3653.7653004204535,3252.0123000997396,35.83260243518198,1842.475396964488,2109.502379753461
coco_000000003845,images/coco_000000003845.png,svd_yolo,0.05,0.0486431256891678,0.9698472375370623,28.70787732368089,0.9820470540048111,19.807750850778252,0.8982658040795953,0.9966770377389785,3.4332275390625e-05,1,9134.413251051134,8298.066341021864,27.873802261741233,4606.18849241122,5273.7559493836525
coco_000000003845,images/coco_000000003845.png,svd_yolo,0.1,0.0972862513783356,0.9698472375370623,22.92202379068716,0.9420396873710226,17.12173777598112,0.8450357754120873,0.9919869771998849,8.0108642578125e-05,1,18268.826502102267,16153.609472808237,21.853202348461608,9212.37698482244,10547.511898767305
coco_000000003934,images/coco_000000003934.png,svd_only,0.001,0.001,1.0,62.88010366097662,0.9999058856895339,2.3407060447128365,0.24791605819663107,0.32072089807795406,0.6802139282226562,0,187.78425772678605,162.31758992789415,61.61423173914949,94.69351377304604,108.41729174813389
coco_000000003934,images/coco_000000003934.png,svd_only,0.005,0.005,1.0,51.062496380404774,0.9995441520340966,8.191161278607993,0.7381773045083321,0.9442256063328636,0.22873306274414062,1,938.9212886339302,632.7701004314284,47.63483165242911,473.46756886523013,542.0864587406695
coco_000000003934,images/coco_000000003934.png,svd_only,0.01,0.01,1.0,43.776567499221,0.998734623055039,13.046138385015935,0.8851453968970473,0.993050307926638,0.000102996826171875,1,1877.8425772678604,1464.004439883978,41.61423173914949,946.9351377304603,1084.172917481339
coco_000000003934,images/coco_000000003934.png,svd_only,0.02,0.02,1.0,37.04456628824122,0.9962362727667609,15.534595967950256,0.8156894509780038,0.9918880158360672,2.288818359375e-05,1,3755.685154535721,3177.916298457214,35.59363182586987,1893.8702754609205,2168.345834962678
coco_000000003934,images/coco_000000003934.png,svd_only,0.05,0.05,1.0,28.75292278377321,0.9837209208447385,15.742976344614226,0.7221189515124311,0.9811947438495062,1.9073486328125e-05,1,9389.212886339303,8255.143548115926,27.634831652429117,4734.675688652302,5420.864587406695
coco_000000003934,images/coco_000000003934.png,svd_only,0.1,0.1,1.0,22.748087018186276,0.9488046204624148,14.90532175210456,0.6876190315644594,0.9725479082083627,1.9073486328125e-05,1,18778.425772678605,16480.34951085686,21.614231739149496,9469.351377304603,10841.72917481339
coco_000000003934,images/coco_000000003934.png,svd_texture,0.001,0.00025542838516916255,0.1726982057435139,62.88010366097662,0.9999058856895339,3.3647726069945234,0.39904513333221253,0.3598073932535469,0.5057411193847656,0,47.96542971134279,162.31758992789415,73.46884858402011,24.187411309043,27.692853755639813
coco_000000003934,images/coco_000000003934.png,svd_texture,0.005,0.0012771419258458129,0.1726982057435139,62.87763181844332,0.999905871468453,2.1983026546440785,0.22832135501939968,0.32044009544977764,0.689453125,0,239.827148556714,162.36378906640482,59.48944849729973,120.937056545215,138.46426877819908
coco_000000003934,images/coco_000000003934.png,svd_texture,0.01,0.0025542838516916257,0.1726982057435139,58.855934777285405,0.9998495583593486,3.7430389177396317,0.4133447297553848,0.7359113263995064,0.6888885498046875,0,479.654297113428,257.9728667902886,53.46884858402011,241.87411309043,276.92853755639817
coco_000000003934,images/coco_000000003934.png,svd_texture,0.02,0.0051085677033832514,0.1726982057435139,50.810255185807165,0.9995280433859489,8.394192896387624,0.7466842677002347,0.9483194119935333,0.20907211303710938,1,959.308594226856,651.4153820719926,47.44824867074048,483.74822618086,553.8570751127963
coco_000000003934,images/coco_000000003934.png,svd_texture,0.05,0.012771419258458129,0.1726982057435139,41.31921114969412,0.9981005976032978,14.236278113743356,0.8817325098195207,0.9937233658882568,4.1961669921875e-05,1,2398.27148556714,1942.7200004117938,39.48944849729973,1209.37056545215,1384.6426877819908
coco_000000003934,images/coco_000000003934.png,svd_texture,0.1,0.025542838516916258,0.1726982057435139,34.780344665101374,0.9945111901102631,15.85012318581964,0.7809631511847694,0.9893395958387385,2.288818359375e-05,1,4796.54297113428,4124.331218512888,33.46884858402011,2418.7411309043,2769.2853755639817
coco_000000003934,images/coco_000000003934.png,svd_yolo,0.001,0.0006711364919639014,0.6345961021821126,62.88010366097662,0.9999058856895339,2.629337918934212,0.2891418660398528,0.3225905974774248,0.6376686096191406,0,126.02886797680033,162.31758992789415,65.07801466874865,63.55227264537749,72.76280085206942
coco_000000003934,images/coco_000000003934.png,svd_yolo,0.005,0.0033556824598195067,0.6345961021821126,56.05934074103936,0.9998126553667097,5.013038977055082,0.5448999570935497,0.83697622657286,0.6649703979492188,0,630.1443398840016,355.96207663176705,51.09861458202828,317.76136322688745,363.8140042603471
coco_000000003934,images/coco_000000003934.png,svd_yolo,0.01,0.006711364919639013,0.6345961021821126,47.737938744072196,0.9992473790877202,10.951379444916684,0.841067469515369,0.9821236174680198,0.00283050537109375,1,1260.2886797680032,927.8415813057744,45.07801466874866,635.5227264537749,727.6280085206942
coco_000000003934,images/coco_000000003934.png,svd_yolo,0.02,0.013422729839278027,0.6345961021821126,40.83685622483748,0.9979706456588328,14.428362802846681,0.8776926893097295,0.9938209008599552,4.1961669921875e-05,1,2520.5773595360065,2053.65722553692,39.05741475546903,1271.0454529075498,1455.2560170413883
coco_000000003934,images/coco_000000003934.png,svd_yolo,0.05,0.03355682459819507,0.6345961021821126,32.304334157908606,0.9915162040463965,15.936657641135687,0.7514138445845405,0.9861314421260379,1.9073486328125e-05,1,6301.443398840016,5484.714942455988,31.098614582028276,3177.6136322688744,3638.1400426034706
coco_000000003934,images/coco_000000003934.png,svd_yolo,0.1,0.06711364919639014,0.6345961021821126,26.17598957958601,0.9735462596812862,15.45252135234546,0.7061160952656133,0.9774633986536063,1.9073486328125e-05,1,12602.886797680032,11106.348319767394,25.07801466874865,6355.227264537749,7276.280085206941
coco_000000004134,images/coco_000000004134.png,svd_only,0.001,0.001,1.0,60.22910262913171,0.999177634990986,2.520084812612955,0.2708558494431071,0.30632628023607,0.6501731872558594,0,187.78425772678605,220.24985811573183,61.61423173914949,94.69351377304604,108.41729174813389
coco_000000004134,images/coco_000000004134.png,svd_only,0.005,0.005,1.0,50.072564476112504,0.9990205245043314,10.878441274279602,0.8376713806118499,0.9782990946488669,0.036693572998046875,1,938.9212886339302,709.157246314243,47.63483165242911,473.46756886523013,542.0864587406695
coco_000000004134,images/coco_000000004134.png,svd_only,0.01,0.01,1.0,43.11085650376225,0.998413329994294,15.714019344421676,0.9201603044258387,0.9951478703818445,0.0,1,1877.8425772678604,1580.6217131243009,41.61423173914949,946.9351377304603,1084.172917481339
coco_000000004134,images/coco_000000004134.png,svd_only,0.02,0.02,1.0,36.58122463181472,0.9959645506771698,19.19169913927969,0.9396473722322195,0.9982961093667541,3.814697265625e-06,1,3755.685154535721,3352.04266082638,35.59363182586987,1893.8702754609205,2168.345834962678
coco_000000004134,images/coco_000000004134.png,svd_only,0.05,0.05,1.0,28.784839697698207,0.9795564889375741,16.882926531035626,0.8149974974948164,0.990862882819731,3.814697265625e-06,1,9389.212886339303,8224.865105276804,27.634831652429117,4734.675688652302,5420.864587406695
coco_000000004134,images/coco_000000004134.png,svd_only,0.1,0.1,1.0,23.18543332705493,0.9340593357489331,13.749480364262253,0.7379111020320023,0.9743000161800451,1.9073486328125e-05,1,18778.425772678605,15671.086305677727,21.614231739149496,9469.351377304603,10841.72917481339
coco_000000004134,images/coco_000000004134.png,svd_texture,0.001,0.00024714632613253,0.16349591792503332,60.22910262913171,0.999177634990986,3.4380301403566738,0.41241422194845884,0.3533104613803625,0.49376678466796875,0,46.41018940269933,220.24985811573183,73.75514855931542,23.403154037588454,26.794935344789955
coco_000000004134,images/coco_000000004134.png,svd_texture,0.005,0.00123573163066265,0.16349591792503332,60.22597032115674,0.9991775519286143,2.3789130261336826,0.2504704955745274,0.30577311721660977,0.6663856506347656,0,232.05094701349665,220.32929900492127,59.77574847259504,117.01577018794228,133.97467672394978
coco_000000004134,images/coco_000000004134.png,svd_texture,0.01,0.0024714632613253,0.16349591792503332,56.557207475924486,0.9991189861792953,5.484042278359097,0.5732860598357873,0.8398496739499336,0.565185546875,0,464.1018940269933,336.1324143845696,53.755148559315415,234.03154037588456,267.94935344789957
coco_000000004134,images/coco_000000004134.png,svd_texture,0.02,0.0049429265226506,0.16349591792503332,50.18047633761575,0.9990237820223262,10.81493702986604,0.8359246787408009,0.9777656686490739,0.036769866943359375,1,928.2037880539866,700.4013135338911,47.73454864603579,468.0630807517691,535.8987068957991
coco_000000004134,images/coco_000000004134.png,svd_texture,0.05,0.0123573163066265,0.16349591792503332,41.06499180822924,0.9979950368840718,17.055102669990788,0.9302879135778728,0.9967410079651347,0.0,1,2320.5094701349667,2000.4199559092585,39.77574847259504,1170.1577018794228,1339.7467672394978
coco_000000004134,images/coco_000000004134.png,svd_texture,0.1,0.024714632613253,0.16349591792503332,34.68546233693584,0.994211194176537,19.51549243675536,0.9273954833162206,0.9981984006089109,3.814697265625e-06,1,4641.018940269933,4169.631278662419,33.755148559315415,2340.3154037588456,2679.4935344789956
coco_000000004134,images/coco_000000004134.png,svd_yolo,0.001,0.0009711123582673904,0.9679026202971003,60.22910262913171,0.999177634990986,2.541182958117625,0.27393634938169437,0.3065775945044501,0.6478042602539062,0,182.3596133665506,220.24985811573183,61.8688421203402,91.95804147276834,105.28537186649399
coco_000000004134,images/coco_000000004134.png,svd_yolo,0.005,0.004855561791336951,0.9679026202971003,50.346311904151115,0.9990293042154503,10.719560364164655,0.8332584774467566,0.9769135829582045,0.03693389892578125,1,911.798066832753,687.1557319851156,47.88944203361982,459.7902073638416,526.4268593324699
coco_000000004134,images/coco_000000004134.png,svd_yolo,0.01,0.009711123582673903,0.9679026202971003,43.396641567692754,0.9984579253383891,15.526422659613024,0.9189210897027872,0.9949419971655489,0.0,1,1823.596133665506,1529.46199691264,41.8688421203402,919.5804147276832,1052.8537186649398
coco_000000004134,images/coco_000000004134.png,svd_yolo,0.02,0.019422247165347805,0.9679026202971003,36.84932467509773,0.9961459327239751,19.097446116330154,0.9403488159818809,0.9982607050975367,3.814697265625e-06,1,3647.192267331012,3250.158457675564,35.84824220706057,1839.1608294553664,2105.7074373298797
coco_000000004134,images/coco_000000004134.png,svd_yolo,0.05,0.048555617913369514,0.9679026202971003,29.02045629714729,0.9805947478253961,17.05016062792428,0.8203053818892144,0.9914232027546781,3.814697265625e-06,1,9117.980668327531,8004.753337861199,27.88944203361982,4597.902073638416,5264.268593324699
coco_000000004134,images/coco_000000004134.png,svd_yolo,0.1,0.09711123582673903,0.9679026202971003,23.42318363633058,0.9370698069225242,13.850204611710756,0.7401866119830481,0.9750292477993419,1.52587890625e-05,1,18235.961336655062,15247.954485766279,21.868842120340197,9195.804147276833,10528.537186649399
coco_000000004395,images/coco_000000004395.png,svd_only,0.001,0.001,1.0,59.91578840178475,0.9989405325529556,2.739103347093637,0.29568538104966985,0.34130192064321613,0.6346321105957031,0,187.78425772678605,228.3396592797668,61.61423173914949,94.69351377304604,108.41729174813389
coco_000000004395,images/coco_000000004395.png,svd_only,0.005,0.005,1.0,51.10255252835999,0.9986451131133632,8.882671286854839,0.7796991987817021,0.9750322104807313,0.0839996337890625,1,938.9212886339302,629.8587143161552,47.63483165242911,473.46756886523013,542.0864587406695
coco_000000004395,images/coco_000000004395.png,svd_only,0.01,0.01,1.0,43.97813196386703,0.9973631232712875,12.061213629004996,0.8716980549830587,0.9936750860872502,0.000244140625,1,1877.8425772678604,1430.4219657150124,41.61423173914949,946.9351377304603,1084.172917481339
coco_000000004395,images/coco_000000004395.png,svd_only,0.02,0.02,1.0,38.14535724309111,0.9919147533314879,11.027182627337911,0.7801726002129632,0.9819047183433361,0.000148773193359375,1,3755.685154535721,2799.644620304513,35.59363182586987,1893.8702754609205,2168.345834962678
coco_000000004395,images/coco_000000004395.png,svd_only,0.05,0.05,1.0,31.02127220876983,0.9650789844998308,8.492762399840267,0.6550615449926568,0.9491081700100185,0.19736480712890625,1,9389.212886339303,6357.804337977066,27.634831652429117,4734.675688652302,5420.864587406695
coco_000000004395,images/coco_000000004395.png,svd_only,0.1,0.1,1.0,25.841237034789593,0.9171310088809458,6.938291820539645,0.5587157540697584,0.9085755172520164,0.5850830078125,1,18778.425772678605,11542.740099300512,21.614231739149496,9469.351377304603,10841.72917481339
coco_000000004395,images/coco_000000004395.png,svd_texture,0.001,0.0002063963063402154,0.11821811815579485,59.91578840178475,0.9989405325529556,4.087552432818667,0.481652989761973,0.41382577286353395,0.43080902099609375,0,38.75797718364769,228.3396592797668,75.32019332097782,19.544391477133015,22.37692856022435
coco_000000004395,images/coco_000000004395.png,svd_texture,0.005,0.001031981531701077,0.11821811815579485,59.91578840178475,0.9989405325529556,2.7104372740960967,0.2918300152464923,0.3408355891697435,0.6409568786621094,0,193.78988591823847,228.3396592797668,61.34079323425745,97.72195738566506,111.88464280112176
coco_000000004395,images/coco_000000004395.png,svd_texture,0.01,0.002063963063402154,0.11821811815579485,59.6698345355381,0.9989222108938348,2.351029232836673,0.24151280109085263,0.3567877586682007,0.68328857421875,0,387.57977183647694,234.89785013916156,55.32019332097782,195.44391477133013,223.7692856022435
coco_000000004395,images/coco_000000004395.png,svd_texture,0.02,0.004127926126804308,0.11821811815579485,52.3467540790595,0.9987592676704796,8.982155732831515,0.7681406602415577,0.9734895673388184,0.054927825927734375,1,775.1595436729539,545.7994137043388,49.2995934076982,390.88782954266026,447.538571204487
coco_000000004395,images/coco_000000004395.png,svd_texture,0.05,0.01031981531701077,0.11821811815579485,43.728014666297234,0.9972543792057106,12.008333299030802,0.869547110914319,0.9933969470712211,0.000247955322265625,1,1937.8988591823845,1472.2109223885006,41.34079323425745,977.2195738566506,1118.8464280112175
coco_000000004395,images/coco_000000004395.png,svd_texture,0.1,0.02063963063402154,0.11821811815579485,37.895920279069124,0.9914513041577361,10.936858225106993,0.7758229470963064,0.9810460854139205,0.000148773193359375,1,3875.797718364769,2881.208947646803,35.32019332097782,1954.4391477133013,2237.692856022435
coco_000000004395,images/coco_000000004395.png,svd_yolo,0.001,0.0009769374227405266,0.9743749141561406,59.91578840178475,0.9989405325529556,2.7602572481791823,0.2984923837918936,0.34168598802145067,0.6293106079101562,0,183.45346877484917,228.3396592797668,61.81689681746322,92.50963729568414,105.91690958092968
coco_000000004395,images/coco_000000004395.png,svd_yolo,0.005,0.004884687113702633,0.9743749141561406,51.33183083424402,0.9986724675919273,8.80262464803765,0.7762641580187033,0.9749549781738118,0.08902740478515625,1,917.2673438742459,613.4500794685742,47.83749673074284,462.5481864784207,529.5845479046484
coco_000000004395,images/coco_000000004395.png,svd_yolo,0.01,0.009769374227405266,0.9743749141561406,44.1646618925348,0.9974315996795532,12.096413503308504,0.8735200233619288,0.9938475584404651,0.00025177001953125,1,1834.5346877484917,1400.0310710837814,41.81689681746322,925.0963729568414,1059.1690958092968
coco_000000004395,images/coco_000000004395.png,svd_yolo,0.02,0.01953874845481053,0.9743749141561406,38.33178404006568,0.9922312838381865,11.09095006598729,0.7836411581885452,0.982508649981584,0.000148773193359375,1,3669.0693754969834,2740.1956134553607,35.7962969041836,1850.1927459136828,2118.3381916185936
coco_000000004395,images/coco_000000004395.png,svd_yolo,0.05,0.04884687113702633,0.9743749141561406,31.198651759297917,0.9661852242547035,8.554308205257339,0.6582899127919192,0.9501631342132545,0.18505859375,1,9172.673438742459,6229.284710141285,27.837496730742846,4625.481864784207,5295.845479046484
coco_000000004395,images/coco_000000004395.png,svd_yolo,0.1,0.09769374227405266,0.9743749141561406,26.011404481275754,0.919273024525285,6.98583824055579,0.5619543584461123,0.9102039806407598,0.5759658813476562,1,18345.346877484917,11318.804132946201,21.816896817463224,9250.963729568413,10591.690958092968
coco_000000004495,images/coco_000000004495.png,svd_only,0.001,0.001,1.0,58.79804657202682,0.9998306990610649,3.419315738132362,0.4018920954168568,0.43070889093974785,0.5314979553222656,0,187.78425772678605,259.69790141624173,61.61423173914949,94.69351377304604,108.41729174813389
coco_000000004495,images/coco_000000004495.png,svd_only,0.005,0.005,1.0,50.03271262195935,0.99942053074202,10.541162083434195,0.8132878836498141,0.9615600299065209,0.037593841552734375,1,938.9212886339302,712.4184163818338,47.63483165242911,473.46756886523013,542.0864587406695
coco_000000004495,images/coco_000000004495.png,svd_only,0.01,0.01,1.0,43.24413217493379,0.9987408073273483,15.51028198928945,0.912526995906734,0.9930054751472811,3.814697265625e-06,1,1877.8425772678604,1556.553885993029,41.61423173914949,946.9351377304603,1084.172917481339
coco_000000004495,images/coco_000000004495.png,svd_only,0.02,0.02,1.0,36.43847301535309,0.9964209778612516,21.31575478438609,0.9639429765415364,0.9985867696463981,0.0,1,3755.685154535721,3407.5882967283474,35.59363182586987,1893.8702754609205,2168.345834962678
coco_000000004495,images/coco_000000004495.png,svd_only,0.05,0.05,1.0,27.98642717458771,0.9823753864207377,28.733831159155624,0.9902420605713349,0.9998310320589764,0.0,1,9389.212886339303,9016.737159305465,27.634831652429117,4734.675688652302,5420.864587406695
coco_000000004495,images/coco_000000004495.png,svd_only,0.1,0.1,1.0,21.822037282601777,0.9418167959907263,32.374301809681775,0.9573190142541469,0.9998283771139773,0.0,1,18778.425772678605,18334.492984536006,21.614231739149496,9469.351377304603,10841.72917481339
coco_000000004495,images/coco_000000004495.png,svd_texture,0.001,0.00021706103833101824,0.13006782036779801,58.79869056277787,0.9998307031528513,5.023527704316798,0.6143736741570094,0.5211796611535157,0.32161712646484375,0,40.760645964395714,259.67864756271354,74.8825942158343,20.554272422789946,23.53316991988688
coco_000000004495,images/coco_000000004495.png,svd_texture,0.005,0.001085305191655091,0.13006782036779801,58.796758876935165,0.9998306944229953,3.3097262539659207,0.3878894366154242,0.4299491054754426,0.559051513671875,0,203.80322982197853,259.7364048415239,60.90319412911393,102.77136211394972,117.66584959943438
coco_000000004495,images/coco_000000004495.png,svd_texture,0.01,0.002170610383310182,0.13006782036779801,58.52097218989017,0.9998227451509408,2.728809578996226,0.30519908434557175,0.45605298954724593,0.6862144470214844,0,407.60645964395707,268.11564669000575,54.8825942158343,205.54272422789944,235.33169919886876
coco_000000004495,images/coco_000000004495.png,svd_texture,0.02,0.004341220766620364,0.13006782036779801,51.29822818976983,0.9993764932685609,8.884553907400342,0.7532326572598335,0.9107273937964185,0.07276153564453125,1,815.2129192879141,615.8278980364563,48.86199430255468,411.0854484557989,470.6633983977375
coco_000000004495,images/coco_000000004495.png,svd_texture,0.05,0.010853051916550912,0.13006782036779801,42.45407222395344,0.9986043644998013,16.000358011776424,0.9145810808000013,0.9936450329794375,0.0,1,2038.0322982197858,1704.7753517692588,40.90319412911392,1027.7136211394975,1176.6584959943439
coco_000000004495,images/coco_000000004495.png,svd_texture,0.1,0.021706103833101825,0.13006782036779801,35.66251769739449,0.995926674230391,22.012998416770646,0.9685199003178062,0.998833603782414,0.0,1,4076.0645964395717,3726.017444940375,34.8825942158343,2055.427242278995,2353.3169919886877
coco_000000004495,images/coco_000000004495.png,svd_yolo,0.001,0.0006390398464282464,0.5989331626980515,58.79869056277787,0.9998307031528513,4.024244162754599,0.47774988273865765,0.45192680283025455,0.4304351806640625,0,120.0016232193676,259.67864756271354,65.50367296269877,60.51292849927837,69.28296946889387
coco_000000004495,images/coco_000000004495.png,svd_yolo,0.005,0.003195199232141232,0.5989331626980515,55.63333786832096,0.9996345039083456,4.212269391011619,0.46956587372538955,0.6726779903616027,0.6208572387695312,0,600.008116096838,373.8555870921284,51.5242728759784,302.56464249639185,346.41484734446936
coco_000000004495,images/coco_000000004495.png,svd_yolo,0.01,0.006390398464282464,0.5989331626980515,48.064497568673524,0.9993459360942243,11.35881357549954,0.845442061651922,0.9764056585627667,0.037723541259765625,1,1200.016232193676,893.6056177083938,45.50367296269877,605.1292849927837,692.8296946889387
coco_000000004495,images/coco_000000004495.png,svd_yolo,0.02,0.012780796928564929,0.5989331626980515,40.774149829702175,0.9982246849673891,17.60838054357943,0.9401038027444165,0.9962151692601844,0.0,1,2400.032464387352,2068.5369225614513,39.483073049419154,1210.2585699855674,1385.6593893778775
coco_000000004495,images/coco_000000004495.png,svd_yolo,0.05,0.03195199232141232,0.5989331626980515,32.05980057604983,0.9920421159035658,25.204947477834207,0.9814550151553405,0.9995116451108564,0.0,1,6000.08116096838,5641.320058284231,31.524272875978404,3025.6464249639184,3464.1484734446935
coco_000000004495,images/coco_000000004495.png,svd_yolo,0.1,0.06390398464282464,0.5989331626980515,25.78730479636752,0.9728354754153078,30.444582944582844,0.99112297844898,0.9998901113883726,0.0,1,12000.16232193676,11614.634001982155,25.50367296269878,6051.292849927837,6928.296946889387
coco_000000004765,images/coco_000000004765.png,svd_only,0.001,0.001,1.0,60.97996227016104,0.9999402258926572,3.071924763473083,0.34848280696857903,0.4569188400787214,0.6432571411132812,0,187.78425772678605,202.00990074746338,61.61423173914949,94.69351377304604,108.41729174813389
coco_000000004765,images/coco_000000004765.png,svd_only,0.005,0.005,1.0,50.60899084435803,0.9996982011007033,9.413240683129303,0.7836135905946578,0.9539033448959088,0.075531005859375,1,938.9212886339302,666.6858330578204,47.63483165242911,473.46756886523013,542.0864587406695
coco_000000004765,images/coco_000000004765.png,svd_only,0.01,0.01,1.0,43.31191428642289,0.9991852639747791,15.278649886590953,0.9133952965692246,0.9924755237074079,0.0,1,1877.8425772678604,1544.4542725506637,41.61423173914949,946.9351377304603,1084.172917481339
coco_000000004765,images/coco_000000004765.png,svd_only,0.02,0.02,1.0,36.46772095894039,0.9976707517541882,21.088439834045882,0.9668762923230375,0.998467128212605,0.0,1,3755.685154535721,3396.133242380222,35.59363182586987,1893.8702754609205,2168.345834962678
coco_000000004765,images/coco_000000004765.png,svd_only,0.05,0.05,1.0,28.007657083055374,0.9883641011186782,28.214827624815722,0.9902659183387953,0.9997800620407007,0.0,1,9389.212886339303,8994.725509986394,27.634831652429117,4734.675688652302,5420.864587406695
coco_000000004765,images/coco_000000004765.png,svd_only,0.1,0.1,1.0,21.912450666394278,0.9591281063547575,29.307041378992796,0.9533246754411898,0.9996858541811802,0.0,1,18778.425772678605,18144.634964638997,21.614231739149496,9469.351377304603,10841.72917481339
coco_000000004765,images/coco_000000004765.png,svd_texture,0.001,0.000284025214223277,0.20447246024808552,60.97996227016104,0.9999402258926572,4.888285400908403,0.5665764662491709,0.5157189656475432,0.3702583312988281,0,53.335464028609465,202.00990074746338,72.54709381764806,26.89534553494423,30.79324451427125
coco_000000004765,images/coco_000000004765.png,svd_texture,0.005,0.001420126071116385,0.20447246024808552,60.97985584760644,0.9999402254692896,2.662088164208786,0.29291738928699435,0.45638384257544545,0.68756103515625,0,266.6773201430473,202.0123758585102,58.56769373092768,134.47672767472113,153.96622257135627
coco_000000004765,images/coco_000000004765.png,svd_texture,0.01,0.00284025214223277,0.20447246024808552,58.23946173590254,0.999832943460075,3.2418897387409107,0.36617393010763993,0.5803232104530732,0.6802749633789062,0,533.3546402860947,276.9476484825246,52.547093817648054,268.95345534944227,307.93244514271254
coco_000000004765,images/coco_000000004765.png,svd_texture,0.02,0.00568050428446554,0.20447246024808552,49.44884702777423,0.9996173679248305,10.114664481896485,0.8102746039215466,0.9667819056036927,0.042980194091796875,1,1066.7092805721893,761.9534106492339,46.52649390436843,537.9069106988845,615.8648902854251
coco_000000004765,images/coco_000000004765.png,svd_texture,0.05,0.01420126071116385,0.20447246024808552,39.78980569499108,0.9986518483930347,18.190591419257316,0.9454201096849553,0.9966726184084145,0.0,1,2666.7732014304734,2316.7570006368815,38.56769373092768,1344.7672767472116,1539.6622257135625
coco_000000004765,images/coco_000000004765.png,svd_texture,0.1,0.0284025214223277,0.20447246024808552,33.16878191824574,0.9957827231646231,23.977684385606658,0.9802387831962435,0.9992886799850007,0.0,1,5333.546402860947,4965.14199192732,32.547093817648054,2689.534553494423,3079.324451427125
coco_000000004765,images/coco_000000004765.png,svd_yolo,0.001,0.0004413825250407313,0.3793139167119236,60.97996227016104,0.9999402258926572,4.319827467404667,0.4967020245160727,0.48067648456625817,0.4313850402832031,0,82.88468983834828,202.00990074746338,68.71792904250152,41.79606221412632,47.853497989868984
coco_000000004765,images/coco_000000004765.png,svd_yolo,0.005,0.0022069126252036563,0.3793139167119236,60.48749318830663,0.9999316738461461,2.5090715661296397,0.27311811602888414,0.4667479835662272,0.6895637512207031,0,414.4234491917414,213.7942936563088,54.73852895578115,208.9803110706316,239.26748994934488
coco_000000004765,images/coco_000000004765.png,svd_yolo,0.01,0.004413825250407313,0.3793139167119236,51.77767461808237,0.9996887419209436,8.378473497279884,0.7430889355810258,0.9231839938646905,0.20962905883789062,1,828.8468983834828,582.7563813464423,48.717929042501524,417.9606221412632,478.53497989868976
coco_000000004765,images/coco_000000004765.png,svd_yolo,0.02,0.008827650500814625,0.3793139167119236,44.61827818037504,0.9992915205205167,14.146310527283843,0.8986500482897383,0.9894309948880767,3.814697265625e-06,1,1657.6937967669655,1328.7915562645633,42.6973291292219,835.9212442825263,957.0699597973795
coco_000000004765,images/coco_000000004765.png,svd_yolo,0.05,0.022069126252036567,0.3793139167119236,35.54137644916795,0.9972591811126277,21.82529012495481,0.9708340647437885,0.9987525399219062,0.0,1,4144.234491917415,3778.34791939546,34.73852895578114,2089.803110706316,2392.674899493449
coco_000000004765,images/coco_000000004765.png,svd_yolo,0.1,0.04413825250407313,0.3793139167119236,29.1323090398348,0.990715206679034,27.36053107256456,0.9892332787650799,0.9997182637280243,0.0,1,8288.46898383483,7902.332820123435,28.717929042501517,4179.606221412632,4785.349798986898
coco_000000004795,images/coco_000000004795.png,svd_only,0.001,0.001,1.0,60.093808439533056,0.9999520641985309,2.94533417628182,0.343592057566714,0.3848678872335452,0.6210136413574219,0,187.78425772678605,223.70739817896055,61.61423173914949,94.69351377304604,108.41729174813389
coco_000000004795,images/coco_000000004795.png,svd_only,0.005,0.005,1.0,50.40024900150517,0.9997348731419485,9.940935604902318,0.7993705093552887,0.9641776128867585,0.06298065185546875,1,938.9212886339302,682.9018963218656,47.63483165242911,473.46756886523013,542.0864587406695
coco_000000004795,images/coco_000000004795.png,svd_only,0.01,0.01,1.0,43.554567324313766,0.999228766966802,14.026694261396031,0.9071575097425552,0.9923856013076526,9.1552734375e-05,1,1877.8425772678604,1501.904790590935,41.61423173914949,946.9351377304603,1084.172917481339
coco_000000004795,images/coco_000000004795.png,svd_only,0.02,0.02,1.0,36.82547302087754,0.9974892632783675,17.27844220348431,0.8863910626014725,0.9958605022889078,2.288818359375e-05,1,3755.685154535721,3259.095733481912,35.59363182586987,1893.8702754609205,2168.345834962678
coco_000000004795,images/coco_000000004795.png,svd_only,0.05,0.05,1.0,28.578262701340623,0.9862686412347675,17.83676128298062,0.7814830076939375,0.991688478170937,4.57763671875e-05,1,9389.212886339303,8422.822211111903,27.634831652429117,4734.675688652302,5420.864587406695
coco_000000004795,images/coco_000000004795.png,svd_only,0.1,0.1,1.0,22.83264266497502,0.954230934712637,15.390419603795618,0.700809949764252,0.9823923693723352,8.392333984375e-05,1,18778.425772678605,16320.694501154048,21.614231739149496,9469.351377304603,10841.72917481339
coco_000000004795,images/coco_000000004795.png,svd_texture,0.001,0.00029741911637260946,0.21935457374734382,60.093808439533056,0.9999520641985309,4.099555795878997,0.5201186403433293,0.4426356419733812,0.4124259948730469,0,55.850628001787065,223.70739817896055,72.14685415897308,28.163661192596873,32.24537511124139
coco_000000004795,images/coco_000000004795.png,svd_texture,0.005,0.0014870955818630472,0.21935457374734382,60.09354810495499,0.9999520632657509,2.5605734599858163,0.2864813165589368,0.38319541054922157,0.6707649230957031,0,279.2531400089353,223.714103265753,58.1674540722527,140.81830596298437,161.22687555620692
coco_000000004795,images/coco_000000004795.png,svd_texture,0.01,0.0029741911637260945,0.21935457374734382,57.20901053603179,0.9998542266403992,3.4468655659165295,0.3883273736124506,0.5773323032609385,0.6526565551757812,0,558.5062800178706,311.83168536888616,52.14685415897308,281.63661192596874,322.45375111241384
coco_000000004795,images/coco_000000004795.png,svd_texture,0.02,0.005948382327452189,0.21935457374734382,49.062154648958234,0.9997066940087911,10.341263715102173,0.8278986103926167,0.9733113657769014,0.042812347412109375,1,1117.0125600357412,796.6417011429919,46.12625424569345,563.2732238519375,644.9075022248277
coco_000000004795,images/coco_000000004795.png,svd_texture,0.05,0.014870955818630472,0.21935457374734382,39.63816431502917,0.9984878236891893,16.157205999756023,0.9119317257512218,0.9957222248542252,4.57763671875e-05,1,2792.531400089353,2357.5589070052947,38.16745407225271,1408.1830596298437,1612.2687555620691
coco_000000004795,images/coco_000000004795.png,svd_texture,0.1,0.029741911637260945,0.21935457374734382,33.17686433442482,0.9947976588025226,18.04235755223971,0.8449183830059627,0.9945199576157537,2.288818359375e-05,1,5585.062800178706,4960.523964260227,32.146854158973085,2816.3661192596874,3224.5375111241383
coco_000000004795,images/coco_000000004795.png,svd_yolo,0.001,0.0009726415951287677,0.9696017723652974,60.093808439533056,0.9999520641985309,2.9755382344440524,0.3479841291817933,0.3853398724488572,0.6164283752441406,0,182.6467799754528,223.70739817896055,61.85517497350229,92.10285028456342,105.45116758544593
coco_000000004795,images/coco_000000004795.png,svd_yolo,0.005,0.004863207975643839,0.9696017723652974,50.6122556065538,0.9997302748505481,9.799371957837156,0.7912209501446957,0.9599469155017307,0.06804275512695312,1,913.2338998772641,666.4352931830666,47.87577488678191,460.51425142281715,527.2558379272297
coco_000000004795,images/coco_000000004795.png,svd_yolo,0.01,0.009726415951287678,0.9696017723652974,43.80780730595822,0.9992606303223796,13.942693991871586,0.9059175820358364,0.9920455100387375,9.5367431640625e-05,1,1826.4677997545282,1458.7484361602585,41.85517497350229,921.0285028456343,1054.5116758544593
coco_000000004795,images/coco_000000004795.png,svd_yolo,0.02,0.019452831902575355,0.9696017723652974,37.084018349984376,0.9976121705344895,17.199001764229575,0.889035194300777,0.9958876113137132,1.9073486328125e-05,1,3652.9355995090564,3163.5146593622735,35.83457506022266,1842.0570056912686,2109.0233517089187
coco_000000004795,images/coco_000000004795.png,svd_yolo,0.05,0.048632079756438386,0.9696017723652974,28.819176657714603,0.9869551740718762,17.877557909029175,0.7853228928215769,0.9918712148293712,4.1961669921875e-05,1,9132.33899877264,8192.414845453079,27.87577488678191,4605.142514228171,5272.558379272297
coco_000000004795,images/coco_000000004795.png,svd_yolo,0.1,0.09726415951287677,0.9696017723652974,23.051371558025107,0.9563160380304275,15.528301265590894,0.7041254797668616,0.9830391317931277,8.0108642578125e-05,1,18264.67799754528,15914.83685119015,21.855174973502287,9210.285028456343,10545.116758544595
coco_000000005037,images/coco_000000005037.png,svd_only,0.001,0.001,1.0,58.78576464374476,0.9996664708327385,3.076952410445654,0.3591461570677407,0.3895491430092213,0.5960426330566406,0,187.78425772678605,260.06537639601316,61.61423173914949,94.69351377304604,108.41729174813389
coco_000000005037,images/coco_000000005037.png,svd_only,0.005,0.005,1.0,50.85558430390761,0.9994886434404991,8.895439014192986,0.7789142575777047,0.9534133864855182,0.12657928466796875,1,938.9212886339302,648.0246908876235,47.63483165242911,473.46756886523013,542.0864587406695
coco_000000005037,images/coco_000000005037.png,svd_only,0.01,0.01,1.0,43.187201154665104,0.9989367394754581,15.654505903743539,0.9259294624906204,0.9946886242682942,7.62939453125e-06,1,1877.8425772678604,1566.7897114801335,41.61423173914949,946.9351377304603,1084.172917481339
coco_000000005037,images/coco_000000005037.png,svd_only,0.02,0.02,1.0,36.547227698769845,0.9974975636337833,20.00406938847449,0.9655868481106746,0.9983103263622863,0.0,1,3755.685154535721,3365.188404829661,35.59363182586987,1893.8702754609205,2168.345834962678
coco_000000005037,images/coco_000000005037.png,svd_only,0.05,0.05,1.0,28.450790610745138,0.9881336788967503,19.19261652619873,0.9149124765545897,0.9892235307621481,0.0,1,9389.212886339303,8547.345084878696,27.634831652429117,4734.675688652302,5420.864587406695
coco_000000005037,images/coco_000000005037.png,svd_only,0.1,0.1,1.0,23.151945283542545,0.9634802600140192,14.179572639269152,0.8117633467632653,0.9676753326200204,7.62939453125e-06,1,18778.425772678605,15731.62207148392,21.614231739149496,9469.351377304603,10841.72917481339
coco_000000005037,images/coco_000000005037.png,svd_texture,0.001,0.00029302342764398685,0.2144704751599854,58.78576464374476,0.9996664708327385,4.210436030056118,0.5329752164654399,0.45207145179196406,0.40317535400390625,0,55.02518685668467,260.06537639601316,72.27618485495032,27.747417981431024,31.768806443916326
coco_000000005037,images/coco_000000005037.png,svd_texture,0.005,0.0014651171382199344,0.2144704751599854,58.78576464374476,0.9996664708327385,2.6790339367234917,0.3013153165331118,0.38666327687655055,0.66436767578125,0,275.12593428342336,260.06537639601316,58.29678476822995,138.73708990715514,158.84403221958163
coco_000000005037,images/coco_000000005037.png,svd_texture,0.01,0.0029302342764398687,0.2144704751599854,56.00247549086858,0.9993907245644822,3.909715930585303,0.43674431267164965,0.6299215180176293,0.6422233581542969,0,550.2518685668467,358.3001535026185,52.27618485495032,277.4741798143103,317.68806443916327
coco_000000005037,images/coco_000000005037.png,svd_texture,0.02,0.005860468552879737,0.2144704751599854,49.03550028949923,0.999230540307391,10.211779936815514,0.8186707684993496,0.9644364509952554,0.042652130126953125,1,1100.5037371336934,799.0901075598421,46.2555849416707,554.9483596286206,635.3761288783265
coco_000000005037,images/coco_000000005037.png,svd_texture,0.05,0.014651171382199344,0.2144704751599854,39.51845918915736,0.9984082840093623,18.05413089010836,0.9538607857127831,0.9975830252517474,3.814697265625e-06,1,2751.259342834234,2390.2746704092397,38.29678476822994,1387.3708990715513,1588.4403221958164
coco_000000005037,images/coco_000000005037.png,svd_texture,0.1,0.02930234276439869,0.2144704751599854,33.046719619595216,0.995358140872606,21.16417285020183,0.9545221080256662,0.9971872721909812,0.0,1,5502.518685668468,5035.40941731653,32.276184854950316,2774.7417981431026,3176.880644391633
coco_000000005037,images/coco_000000005037.png,svd_yolo,0.001,0.0009699211279582003,0.966579031064667,58.78576464374476,0.9996664708327385,3.1112104025668637,0.36397826905556935,0.39024972678136793,0.5900917053222656,0,182.13591906715772,260.06537639601316,61.879503344241364,91.84523968907818,105.15622190252331
coco_000000005037,images/coco_000000005037.png,svd_yolo,0.005,0.004849605639791001,0.966579031064667,51.07534686550049,0.9995064115028102,8.831786793714363,0.776301417696792,0.9524910864508205,0.13655471801757812,1,910.6795953357886,631.8346302633308,47.90010325752099,459.2261984453909,525.7811095126166
coco_000000005037,images/coco_000000005037.png,svd_yolo,0.01,0.009699211279582003,0.966579031064667,43.52075806749011,0.9989202624581229,15.265102531503924,0.9201470486798554,0.9936871683341739,3.4332275390625e-05,1,1821.3591906715772,1507.7622491626457,41.879503344241364,918.4523968907818,1051.5622190252332
coco_000000005037,images/coco_000000005037.png,svd_yolo,0.02,0.019398422559164005,0.966579031064667,36.832773475359176,0.9976045601857785,19.852049924602554,0.9653540419033115,0.9983147383800703,0.0,1,3642.7183813431543,3256.357627779848,35.85890343096174,1836.9047937815635,2103.1244380504663
coco_000000005037,images/coco_000000005037.png,svd_yolo,0.05,0.04849605639791002,0.966579031064667,28.70135612774623,0.9887612467233793,19.409610686163163,0.9191498334232588,0.9899953472810576,0.0,1,9106.795953357887,8304.298706091924,27.90010325752099,4592.2619844539095,5257.811095126166
coco_000000005037,images/coco_000000005037.png,svd_yolo,0.1,0.09699211279582004,0.966579031064667,23.368428095589625,0.9650855676767067,14.386253419874407,0.815502165889681,0.9684474043181084,3.814697265625e-06,1,18213.591906715774,15344.380665246805,21.879503344241364,9184.523968907819,10515.622190252332
coco_000000005193,images/coco_000000005193.png,svd_only,0.001,0.001,1.0,59.718114598649436,0.9997793379667138,2.906807020962028,0.33363967622159296,0.38715888579066043,0.6227798461914062,0,187.78425772678605,233.59580475684916,61.61423173914949,94.69351377304604,108.41729174813389
coco_000000005193,images/coco_000000005193.png,svd_only,0.005,0.005,1.0,50.415296149118845,0.9994923750053104,9.878234777574788,0.8008302312584629,0.959177298580206,0.06787109375,1,938.9212886339302,681.7198838232606,47.63483165242911,473.46756886523013,542.0864587406695
coco_000000005193,images/coco_000000005193.png,svd_only,0.01,0.01,1.0,43.345585086232504,0.9989518005582441,15.051432361663418,0.910887719123873,0.9931261135726962,5.7220458984375e-05,1,1877.8425772678604,1538.4787941339978,41.61423173914949,946.9351377304603,1084.172917481339
coco_000000005193,images/coco_000000005193.png,svd_only,0.02,0.02,1.0,36.50074212619571,0.9972705739798827,20.606211094528714,0.9565600922157081,0.9986163774759964,0.0,1,3755.685154535721,3383.246665556622,35.59363182586987,1893.8702754609205,2168.345834962678
coco_000000005193,images/coco_000000005193.png,svd_only,0.05,0.05,1.0,28.042147972553487,0.9861422520319977,26.596064109839368,0.9479330837001738,0.9993768052667148,0.0,1,9389.212886339303,8959.07908213785,27.634831652429117,4734.675688652302,5420.864587406695
coco_000000005193,images/coco_000000005193.png,svd_only,0.1,0.1,1.0,21.87066807874826,0.9509088682315938,28.9599145285695,0.9129867628417724,0.9992251074549985,0.0,1,18778.425772678605,18232.128153345126,21.614231739149496,9469.351377304603,10841.72917481339
coco_000000005193,images/coco_000000005193.png,svd_texture,0.001,0.0002245411068566443,0.13837900761849367,59.718114598649436,0.9997793379667138,4.261649159357447,0.5444037810247978,0.4548032043380662,0.3915214538574219,0,42.1652850802259,233.59580475684916,74.58831455648044,21.26258639474465,24.344138691525714
coco_000000005193,images/coco_000000005193.png,svd_texture,0.005,0.0011227055342832215,0.13837900761849367,59.71668222897318,0.9997793356059655,2.7895613399746204,0.3164371421971754,0.38685423617621845,0.6485061645507812,0,210.82642540112948,233.63432966925043,60.60891446976007,106.31293197372324,121.72069345762857
coco_000000005193,images/coco_000000005193.png,svd_texture,0.01,0.002245411068566443,0.13837900761849367,59.363758167140965,0.9997702264217376,2.420341631378076,0.26181591922123604,0.40973625368154026,0.6883277893066406,0,421.65285080225897,243.3228308235789,54.58831455648045,212.62586394744648,243.44138691525714
coco_000000005193,images/coco_000000005193.png,svd_texture,0.02,0.004490822137132886,0.13837900761849367,51.214662076270876,0.9994639614059936,9.317838294091,0.7758635519830713,0.9442189465313842,0.10175323486328125,1,843.3057016045179,621.7813120382439,48.56771464320082,425.25172789489295,486.8827738305143
coco_000000005193,images/coco_000000005193.png,svd_texture,0.05,0.011227055342832215,0.13837900761849367,42.14415625870746,0.9988292239824199,16.11220480820631,0.9234260353583911,0.9951271330346235,0.0,1,2108.264254011295,1766.7005971584433,40.60891446976007,1063.1293197372324,1217.2069345762857
coco_000000005193,images/coco_000000005193.png,svd_texture,0.1,0.02245411068566443,0.13837900761849367,35.40375629227748,0.9966968742095629,21.476359111878867,0.959470201192732,0.9988740988423933,0.0,1,4216.52850802259,3838.6892294115187,34.58831455648045,2126.258639474465,2434.4138691525714
coco_000000005193,images/coco_000000005193.png,svd_yolo,0.001,0.0008756386566231523,0.8618207295812803,59.718114598649436,0.9997793379667138,3.051438432632133,0.35455453973999324,0.38884450569804163,0.5982322692871094,0,164.43115517085874,233.59580475684916,62.76773321874777,82.917301191156,94.93437170105634
coco_000000005193,images/coco_000000005193.png,svd_yolo,0.005,0.004378193283115762,0.8618207295812803,51.425740164466056,0.9994596827478417,9.108772547999436,0.767482240466682,0.9395554652475153,0.13674163818359375,1,822.1557758542938,606.8533595523716,48.7883331320274,414.58650595577996,474.6718585052817
coco_000000005193,images/coco_000000005193.png,svd_yolo,0.01,0.008756386566231523,0.8618207295812803,44.72143066002828,0.9991295936486974,13.966304698243913,0.895757151195162,0.9905065541616455,9.918212890625e-05,1,1644.3115517085876,1313.1043370577984,42.76773321874777,829.1730119115599,949.3437170105634
coco_000000005193,images/coco_000000005193.png,svd_yolo,0.02,0.017512773132463046,0.8618207295812803,37.77366210987327,0.9977825004774968,19.58024163107491,0.9509884157993763,0.998174504740855,0.0,1,3288.623103417175,2922.050136462412,36.74713330546815,1658.3460238231198,1898.6874340211268
coco_000000005193,images/coco_000000005193.png,svd_yolo,0.05,0.04378193283115762,0.8618207295812803,29.242297363657265,0.9891594889034848,25.891771150899764,0.9532070033052843,0.9993861310533835,0.0,1,8221.557758542938,7802.89747465645,28.788333132027397,4145.8650595578,4746.718585052818
coco_000000005193,images/coco_000000005193.png,svd_yolo,0.1,0.08756386566231524,0.8618207295812803,23.040261241433356,0.9612553300153032,28.757152604813815,0.9201316067327574,0.9992578814854592,0.0,1,16443.115517085876,15935.206901700398,22.76773321874777,8291.7301191156,9493.437170105635
coco_000000005477,images/coco_000000005477.png,svd_only,0.001,0.001,1.0,60.219980483080214,0.9998604825952877,3.4610779053343066,0.39416922342459776,0.48568145723502537,0.63067626953125,0,187.78425772678605,220.4812917233569,61.61423173914949,94.69351377304604,108.41729174813389
coco_000000005477,images/coco_000000005477.png,svd_only,0.005,0.005,1.0,50.1722950245741,0.9992155220459963,9.754872500195205,0.7902272301177998,0.944248255103218,0.09893417358398438,1,938.9212886339302,701.0613382579302,47.63483165242911,473.46756886523013,542.0864587406695
coco_000000005477,images/coco_000000005477.png,svd_only,0.01,0.01,1.0,43.32130823610167,0.998566132117567,15.242023771883977,0.9143053591285838,0.9937153830671485,4.57763671875e-05,1,1877.8425772678604,1542.7848197334586,41.61423173914949,946.9351377304603,1084.172917481339
coco_000000005477,images/coco_000000005477.png,svd_only,0.02,0.02,1.0,36.53604237660754,0.9965051702222175,20.46202340350032,0.9636963028932595,0.9990468962570854,3.814697265625e-06,1,3755.685154535721,3369.5247439364502,35.59363182586987,1893.8702754609205,2168.345834962678
coco_000000005477,images/coco_000000005477.png,svd_only,0.05,0.05,1.0,28.113205816367035,0.9855407194469533,25.259794002424627,0.8721147550007003,0.9993161871976273,1.1444091796875e-05,1,9389.212886339303,8886.08530231395,27.634831652429117,4734.675688652302,5420.864587406695
coco_000000005477,images/coco_000000005477.png,svd_only,0.1,0.1,1.0,22.0809954637891,0.9545197255746926,22.79228482440469,0.7831125426629164,0.9972087991602488,1.1444091796875e-05,1,18778.425772678605,17795.942571271687,21.614231739149496,9469.351377304603,10841.72917481339
coco_000000005477,images/coco_000000005477.png,svd_texture,0.001,0.00021436189457231118,0.1270687717470124,60.219980483080214,0.9998604825952877,5.733886941109461,0.6482153221197176,0.5759462750965365,0.2889823913574219,0,40.253789257169025,220.4812917233569,74.9912800037889,20.29868101609939,23.24053606352898
coco_000000005477,images/coco_000000005477.png,svd_texture,0.005,0.0010718094728615559,0.1270687717470124,60.21944448248477,0.9998604818514449,3.3505444627159915,0.38047319847679173,0.4855212642840172,0.6516876220703125,0,201.2689462858451,220.4948979001555,61.01187991706852,101.49340508049694,116.2026803176449
coco_000000005477,images/coco_000000005477.png,svd_texture,0.01,0.0021436189457231117,0.1270687717470124,59.655297665443925,0.9998543206477217,2.9009488747763417,0.3231343723857992,0.5191502393469218,0.6895599365234375,0,402.5378925716902,235.29130880676405,54.991280003788894,202.98681016099388,232.4053606352898
coco_000000005477,images/coco_000000005477.png,svd_texture,0.02,0.004287237891446223,0.1270687717470124,52.33395828887791,0.9992633374864809,6.8714374989290175,0.6721946031758077,0.8624959250642956,0.36803436279296875,0,805.0757851433804,546.6040614558219,48.97068009050927,405.97362032198777,464.8107212705796
coco_000000005477,images/coco_000000005477.png,svd_texture,0.05,0.01071809472861556,0.1270687717470124,42.67095881303564,0.9985041517037958,15.613270864943383,0.9214781564495086,0.9950422923754543,1.52587890625e-05,1,2012.6894628584512,1662.7341940310243,41.01187991706852,1014.9340508049695,1162.026803176449
coco_000000005477,images/coco_000000005477.png,svd_texture,0.1,0.02143618945723112,0.1270687717470124,35.872492555261125,0.9961257320273013,21.021386452275316,0.9662235996912777,0.9992066652483956,0.0,1,4025.3789257169024,3637.0237832601533,34.991280003788894,2029.868101609939,2324.053606352898
coco_000000005477,images/coco_000000005477.png,svd_yolo,0.001,0.0007065267232913593,0.6739185814348436,60.219980483080214,0.9998604825952877,4.080075283052784,0.4642629865765738,0.49321936012329176,0.4851531982421875,0,132.67459629740625,220.4812917233569,64.6316598787704,66.90349800301541,76.59971388693236
coco_000000005477,images/coco_000000005477.png,svd_yolo,0.005,0.003532633616456796,0.6739185814348436,55.690103882203765,0.9996423988749025,4.301151037124451,0.48123335131696915,0.7091774425726773,0.65618896484375,0,663.3729814870312,371.4202471594676,50.65225979205003,334.517490015077,382.9985694346618
coco_000000005477,images/coco_000000005477.png,svd_yolo,0.01,0.007065267232913592,0.6739185814348436,47.18513268737864,0.999134603978733,11.827956109693744,0.8574497117601102,0.982942066947725,0.001827239990234375,1,1326.7459629740624,988.812924672812,44.63165987877041,669.034980030154,765.9971388693236
coco_000000005477,images/coco_000000005477.png,svd_yolo,0.02,0.014130534465827184,0.6739185814348436,39.88893300357322,0.9977875662530185,17.850902572254704,0.9439200468857168,0.997515634589512,7.62939453125e-06,1,2653.491925948125,2290.4674195456264,38.61105996549078,1338.069960060308,1531.9942777386473
coco_000000005477,images/coco_000000005477.png,svd_yolo,0.05,0.03532633616456796,0.6739185814348436,31.23727153633853,0.9918017636577265,24.221174454081883,0.9533110414678198,0.9996286316922719,3.814697265625e-06,1,6633.729814870313,6201.6491355122635,30.652259792050028,3345.1749001507706,3829.9856943466184
coco_000000005477,images/coco_000000005477.png,svd_yolo,0.1,0.07065267232913593,0.6739185814348436,25.070069173033808,0.9743240297775726,24.66478390329919,0.8120796588364021,0.9985780081327224,1.1444091796875e-05,1,13267.459629740626,12614.420676352918,24.631659878770403,6690.349800301541,7659.971388693237
coco_000000005503,images/coco_000000005503.png,svd_only,0.001,0.001,1.0,59.54813937190809,0.9996488489361428,2.984236211282969,0.3467526055765944,0.38115283038702075,0.5999717712402344,0,187.78425772678605,238.2120903732638,61.61423173914949,94.69351377304604,108.41729174813389
coco_000000005503,images/coco_000000005503.png,svd_only,0.005,0.005,1.0,50.15211560329041,0.9991662361964903,10.185266826570466,0.7928892077035649,0.9588384443994485,0.057582855224609375,1,938.9212886339302,702.6919666539528,47.63483165242911,473.46756886523013,542.0864587406695
coco_000000005503,images/coco_000000005503.png,svd_only,0.01,0.01,1.0,43.17559694162125,0.9985636518962199,15.768848565220999,0.9121711218539965,0.9932059285773219,1.1444091796875e-05,1,1877.8425772678604,1568.8843169590293,41.61423173914949,946.9351377304603,1084.172917481339
coco_000000005503,images/coco_000000005503.png,svd_only,0.02,0.02,1.0,36.443224868045135,0.9960795224033573,21.295993667304675,0.9666195843654436,0.9985954420541121,0.0,1,3755.685154535721,3405.7245925059765,35.59363182586987,1893.8702754609205,2168.345834962678
coco_000000005503,images/coco_000000005503.png,svd_only,0.05,0.05,1.0,27.978436665955357,0.9806968753386885,28.974042925435405,0.9904213910726147,0.9998242072487293,0.0,1,9389.212886339303,9025.035844804164,27.634831652429117,4734.675688652302,5420.864587406695
coco_000000005503,images/coco_000000005503.png,svd_only,0.1,0.1,1.0,21.80145263037946,0.9367071292558852,33.78241340070213,0.9922674953238865,0.999951971344824,0.0,1,18778.425772678605,18377.995347697746,21.614231739149496,9469.351377304603,10841.72917481339
coco_000000005503,images/coco_000000005503.png,svd_texture,0.001,0.0002505605110148236,0.1672894566831373,59.54813937190809,0.9996488489361428,4.21734368915581,0.5388321926283374,0.4529038744026667,0.40456390380859375,0,47.05131957656285,238.2120903732638,73.63597921681827,23.72645520076365,27.165092023255646
coco_000000005503,images/coco_000000005503.png,svd_texture,0.005,0.0012528025550741179,0.1672894566831373,59.54813937190809,0.9996488489361428,2.7543319556930754,0.3135791813266382,0.380232868925813,0.6435127258300781,0,235.25659788281422,238.2120903732638,59.65657913009789,118.63227600381823,135.8254601162782
coco_000000005503,images/coco_000000005503.png,svd_texture,0.01,0.0025056051101482357,0.1672894566831373,57.916563468986666,0.999605610153167,3.151300068713694,0.35958860686485833,0.4971552240252852,0.6530723571777344,0,470.51319576562844,287.43694960808364,53.635979216818264,237.26455200763647,271.6509202325564
coco_000000005503,images/coco_000000005503.png,svd_texture,0.02,0.0050112102202964715,0.1672894566831373,50.12877395057024,0.9991665305881087,10.210051178392836,0.7936814116931613,0.9590887897344279,0.05261993408203125,1,941.0263915312569,704.5828553122763,47.61537930353864,474.52910401527294,543.3018404651128
coco_000000005503,images/coco_000000005503.png,svd_texture,0.05,0.01252802555074118,0.1672894566831373,40.9706771431398,0.9980790353583903,17.431551716598594,0.9375109544329798,0.995982582314908,0.0,1,2352.5659788281423,2022.2596272486874,39.65657913009788,1186.3227600381824,1358.2546011627824
coco_000000005503,images/coco_000000005503.png,svd_texture,0.1,0.02505605110148236,0.1672894566831373,34.31048910036886,0.9942979657136709,23.289843219475266,0.9763481623994817,0.9991712260953368,0.0,1,4705.131957656285,4353.577838973366,33.635979216818264,2372.645520076365,2716.5092023255647
coco_000000005503,images/coco_000000005503.png,svd_yolo,0.001,0.0005058988452922848,0.4509987169914276,59.54813937190809,0.9996488489361428,3.7000329796862093,0.44884937040606837,0.41373400945436656,0.4762306213378906,0,94.99983914804987,238.2120903732638,67.53295797638876,47.905339274453056,54.8481827050977
coco_000000005503,images/coco_000000005503.png,svd_yolo,0.005,0.002529494226461424,0.4509987169914276,57.85331710189982,0.9996036063377677,3.180364450210597,0.3632984326888851,0.5018426857810268,0.6512184143066406,0,474.9991957402494,289.53756233000234,53.55355788966838,239.52669637226526,274.24091352548845
coco_000000005503,images/coco_000000005503.png,svd_yolo,0.01,0.005058988452922848,0.4509987169914276,50.03317471656668,0.9991696202198872,10.316982755866032,0.7957501125827097,0.9598616734575568,0.047672271728515625,1,949.9983914804988,712.3805162972945,47.53295797638876,479.0533927445305,548.4818270509769
coco_000000005503,images/coco_000000005503.png,svd_yolo,0.02,0.010117976905845696,0.4509987169914276,43.07160595214483,0.9985530669063367,15.811299019173237,0.912704612796797,0.9932876910764867,3.814697265625e-06,1,1899.9967829609975,1587.780526395257,41.51235806310913,958.106785489061,1096.9636541019538
coco_000000005503,images/coco_000000005503.png,svd_yolo,0.05,0.02529494226461424,0.4509987169914276,34.220628574945835,0.994201164851248,23.352725319921813,0.9763998380835783,0.9991692986766308,0.0,1,4749.991957402493,4398.851895665504,33.553557889668376,2395.2669637226527,2742.409135254885
coco_000000005503,images/coco_000000005503.png,svd_yolo,0.1,0.05058988452922848,0.4509987169914276,27.87199516298196,0.9802836251349172,29.07024733813639,0.9904320347820833,0.9998243070912565,0.0,1,9499.983914804987,9136.313862822359,27.53295797638875,4790.533927445305,5484.81827050977
coco_000000005586,images/coco_000000005586.png,svd_only,0.001,0.001,1.0,58.24535447061805,0.9997872675897715,3.0717402136580603,0.35427811620034766,0.3827269820981619,0.6036720275878906,0,187.78425772678605,276.75982367388514,61.61423173914949,94.69351377304604,108.41729174813389
coco_000000005586,images/coco_000000005586.png,svd_only,0.005,0.005,1.0,50.048511603103094,0.9991976478564247,9.802884164567855,0.7736663965103127,0.947504251243285,0.09668731689453125,1,938.9212886339302,711.123758568085,47.63483165242911,473.46756886523013,542.0864587406695
coco_000000005586,images/coco_000000005586.png,svd_only,0.01,0.01,1.0,43.497574615984824,0.9984923176893991,13.708861451787628,0.8766346865993899,0.9861564213814082,0.00017547607421875,1,1877.8425772678604,1511.7919830452865,41.61423173914949,946.9351377304603,1084.172917481339
coco_000000005586,images/coco_000000005586.png,svd_only,0.02,0.02,1.0,36.87339362269843,0.996026716523447,16.0611980658919,0.8432972201895965,0.9849412542735356,8.392333984375e-05,1,3755.685154535721,3241.1646055083347,35.59363182586987,1893.8702754609205,2168.345834962678
coco_000000005586,images/coco_000000005586.png,svd_only,0.05,0.05,1.0,28.58996537241543,0.9824878020137428,16.23234759103543,0.7878777618595064,0.9731639031479322,8.7738037109375e-05,1,9389.212886339303,8411.481617408434,27.634831652429117,4734.675688652302,5420.864587406695
coco_000000005586,images/coco_000000005586.png,svd_only,0.1,0.1,1.0,22.62254565754965,0.9436286639417176,15.273975715244088,0.713569970804631,0.9665553040206184,0.00012969970703125,1,18778.425772678605,16720.277689081602,21.614231739149496,9469.351377304603,10841.72917481339
coco_000000005586,images/coco_000000005586.png,svd_texture,0.001,0.00024207469670765888,0.15786077411962096,58.24535447061805,0.9997872675897715,4.293958714472376,0.5307132426300956,0.4546016043654877,0.40776824951171875,0,45.45781723568458,276.75982367388514,73.93524381107852,22.922903626792635,26.24508301779528
coco_000000005586,images/coco_000000005586.png,svd_texture,0.005,0.0012103734835382945,0.15786077411962096,58.24535447061805,0.9997872675897715,2.867861429977272,0.3260362720690353,0.38081701158917797,0.6419601440429688,0,227.28908617842293,276.75982367388514,59.95584372435815,114.61451813396319,131.2254150889764
coco_000000005586,images/coco_000000005586.png,svd_texture,0.01,0.002420746967076589,0.15786077411962096,56.91637213597768,0.9997489825358526,3.5465141926038433,0.4026457890414985,0.5738382993845852,0.6451759338378906,0,454.57817235684587,322.5166662360257,53.93524381107852,229.22903626792638,262.4508301779528
coco_000000005586,images/coco_000000005586.png,svd_texture,0.02,0.004841493934153178,0.15786077411962096,50.35240497982271,0.9991899486007947,9.443934976557495,0.7592215287626706,0.9393478688393222,0.12263107299804688,1,909.1563447136917,686.6738672761619,47.914643897798896,458.45807253585275,524.9016603559056
coco_000000005586,images/coco_000000005586.png,svd_texture,0.05,0.012103734835382945,0.15786077411962096,41.680048679550964,0.9980789654155874,14.483792646774278,0.8834693200543485,0.9887150877204376,0.00011444091796875,1,2272.8908617842294,1863.6670840040074,39.95584372435815,1146.1451813396318,1312.254150889764
coco_000000005586,images/coco_000000005586.png,svd_texture,0.1,0.02420746967076589,0.15786077411962096,35.10322635704424,0.9946618107576904,16.32346615358336,0.8249359382695386,0.9826527532819193,8.392333984375e-05,1,4545.781723568459,3973.8315263735076,33.93524381107852,2292.2903626792636,2624.508301779528
coco_000000005586,images/coco_000000005586.png,svd_yolo,0.001,0.0003087624272489423,0.2319582524988248,58.24535447061805,0.9997872675897715,4.154221224797795,0.5090030758307852,0.4438533214005726,0.42263031005859375,0,57.98072321486341,276.75982367388514,71.82174281204432,29.23779915729684,33.47518615591054
coco_000000005586,images/coco_000000005586.png,svd_yolo,0.005,0.0015438121362447116,0.2319582524988248,58.21450643251574,0.9997851726720867,2.677073494470423,0.2982127358030249,0.38766764129179254,0.6664466857910156,0,289.90361607431703,277.74448689397957,57.842342725323945,146.1889957864842,167.37593077955273
coco_000000005586,images/coco_000000005586.png,svd_yolo,0.01,0.003087624272489423,0.2319582524988248,55.65842356241082,0.9996653630873221,4.232940406767981,0.47391265658290477,0.6836407748162577,0.6346168518066406,0,579.8072321486341,372.7774134788748,51.82174281204432,292.3779915729684,334.75186155910546
coco_000000005586,images/coco_000000005586.png,svd_yolo,0.02,0.006175248544978846,0.2319582524988248,48.30359933781278,0.9992016440200379,11.011856752401588,0.8381780538818505,0.9748055491110016,0.0117645263671875,1,1159.6144642972681,869.342280117561,45.801142898764695,584.7559831459369,669.5037231182109
coco_000000005586,images/coco_000000005586.png,svd_yolo,0.05,0.015438121362447117,0.2319582524988248,39.321261315502724,0.9972852940486558,15.40238941215806,0.8706268216390635,0.9870983559498889,8.392333984375e-05,1,2899.0361607431705,2445.1623667969375,37.842342725323945,1461.889957864842,1673.7593077955273
coco_000000005586,images/coco_000000005586.png,svd_yolo,0.1,0.030876242724894233,0.2319582524988248,32.88422075275653,0.992127873553947,16.454063697190755,0.8113811158474394,0.9795684975375294,9.1552734375e-05,1,5798.072321486341,5130.500462917824,31.82174281204432,2923.779915729684,3347.5186155910546
coco_000000005992,images/coco_000000005992.png,svd_only,0.001,0.001,1.0,59.82699309999809,0.9997106133068682,2.615644116965967,0.28860734675078353,0.34271269281141287,0.6433677673339844,0,187.78425772678605,230.68593368473944,61.61423173914949,94.69351377304604,108.41729174813389
coco_000000005992,images/coco_000000005992.png,svd_only,0.005,0.005,1.0,50.73401574039106,0.9994129993002402,8.53749453416219,0.7557923065421974,0.9548771953284642,0.1912078857421875,1,938.9212886339302,657.1582762166204,47.63483165242911,473.46756886523013,542.0864587406695
coco_000000005992,images/coco_000000005992.png,svd_only,0.01,0.01,1.0,43.90922561955064,0.9987420956115023,11.722404657755137,0.8536985842780102,0.9849153986413784,0.0002288818359375,1,1877.8425772678604,1441.8148286101098,41.61423173914949,946.9351377304603,1084.172917481339
coco_000000005992,images/coco_000000005992.png,svd_only,0.02,0.02,1.0,37.49223970995773,0.9964631947421045,12.847156730851585,0.861752404912124,0.98956669402802,0.0,1,3755.685154535721,3018.274838380362,35.59363182586987,1893.8702754609205,2168.345834962678
coco_000000005992,images/coco_000000005992.png,svd_only,0.05,0.05,1.0,29.505309308150807,0.983738262862893,12.348949885762657,0.7846645843263843,0.9875055159556317,0.000598907470703125,1,9389.212886339303,7570.164265060567,27.634831652429117,4734.675688652302,5420.864587406695
coco_000000005992,images/coco_000000005992.png,svd_only,0.1,0.1,1.0,23.733578062373223,0.9494695225377665,11.334073778084289,0.7249672272487663,0.9830839459403948,0.00115203857421875,1,18778.425772678605,14712.682590200877,21.614231739149496,9469.351377304603,10841.72917481339
coco_000000005992,images/coco_000000005992.png,svd_texture,0.001,0.0002540993922910285,0.1712215469900317,59.82699309999809,0.9997106133068682,3.728856029204717,0.4513472726141023,0.39842266885150923,0.4560890197753906,0,47.715865770198214,230.68593368473944,73.51415921145723,24.061564303633133,27.548767947039966
coco_000000005992,images/coco_000000005992.png,svd_texture,0.005,0.0012704969614551426,0.1712215469900317,59.82079518317933,0.9997105129553985,2.4379294274436885,0.2630880064947089,0.343384577434107,0.6696243286132812,0,238.57932885099106,230.8506010388537,59.534759124736844,120.30782151816567,137.74383973519983
coco_000000005992,images/coco_000000005992.png,svd_texture,0.01,0.002540993922910285,0.1712215469900317,56.56860012553071,0.9996321946526706,5.065783769344857,0.5439808217037255,0.8089446763212251,0.6024017333984375,0,477.1586577019821,335.6918229567113,53.514159211457226,240.61564303633133,275.48767947039966
coco_000000005992,images/coco_000000005992.png,svd_texture,0.02,0.00508198784582057,0.1712215469900317,50.57612837934126,0.9994038162899268,8.623781167455782,0.7597720152313346,0.9562690123658677,0.16262435913085938,1,954.3173154039642,669.2129705855976,47.4935592981776,481.23128607266267,550.9753589407993
coco_000000005992,images/coco_000000005992.png,svd_texture,0.05,0.012704969614551427,0.1712215469900317,41.643646335388866,0.9982496112478708,12.31911999237167,0.8644914591840953,0.9875259724948918,4.9591064453125e-05,1,2385.793288509911,1871.4940555609573,39.534759124736844,1203.0782151816568,1377.4383973519982
coco_000000005992,images/coco_000000005992.png,svd_texture,0.1,0.025409939229102854,0.1712215469900317,35.361908824201855,0.9947631006397911,12.869277402139602,0.8468650192038726,0.989687778833229,3.814697265625e-06,1,4771.586577019822,3857.2281498506154,33.51415921145722,2406.1564303633136,2754.8767947039964
coco_000000005992,images/coco_000000005992.png,svd_yolo,0.001,0.0007947508694684239,0.7719454105204709,59.82699309999809,0.9997106133068682,2.8152382711164696,0.31691754063807714,0.34473736090522544,0.6110382080078125,0,149.2417021008458,230.68593368473944,63.6096115049249,75.2577524041485,86.16473688224119
coco_000000005992,images/coco_000000005992.png,svd_yolo,0.005,0.00397375434734212,0.7719454105204709,52.99439190511471,0.999524504327777,7.254325389907659,0.695988070473471,0.9226824470048319,0.4105644226074219,1,746.2085105042291,506.5836554805139,49.630211418204524,376.2887620207425,430.823684411206
coco_000000005992,images/coco_000000005992.png,svd_yolo,0.01,0.00794750869468424,0.7719454105204709,46.11324217553209,0.9990461743825251,10.962140656459953,0.8365152746438124,0.9810979793711875,0.00196075439453125,1,1492.4170210084583,1118.6871770070488,43.6096115049249,752.577524041485,861.647368822412
coco_000000005992,images/coco_000000005992.png,svd_yolo,0.02,0.01589501738936848,0.7719454105204709,39.5711521381155,0.9975320025820632,12.672925252886456,0.8677779114194147,0.988834809059552,0.0,1,2984.8340420169166,2375.817964407206,37.589011591645274,1505.15504808297,1723.294737644824
coco_000000005992,images/coco_000000005992.png,svd_yolo,0.05,0.0397375434734212,0.7719454105204709,31.46837022641108,0.9889328255757471,12.59756818408167,0.8066726719751639,0.9886243238331249,0.000598907470703125,1,7462.085105042291,6038.8224017601315,29.630211418204524,3762.8876202074257,4308.23684411206
coco_000000005992,images/coco_000000005992.png,svd_yolo,0.1,0.0794750869468424,0.7719454105204709,25.620135694467557,0.9650450901124749,11.701315042123426,0.7433343957815067,0.9845692526425222,0.000606536865234375,1,14924.170210084581,11840.33483479247,23.6096115049249,7525.775240414851,8616.47368822412
coco_000000006040,images/coco_000000006040.png,svd_only,0.001,0.001,1.0,60.60918627003502,0.999603711474934,2.5783391507267117,0.2798406709700305,0.3203223543646022,0.6482620239257812,0,187.78425772678605,210.81982828946616,61.61423173914949,94.69351377304604,108.41729174813389
coco_000000006040,images/coco_000000006040.png,svd_only,0.005,0.005,1.0,50.29195543423648,0.9993188215826901,9.92468324579287,0.8041516646721799,0.967621269135367,0.042263031005859375,1,938.9212886339302,691.4694497951446,47.63483165242911,473.46756886523013,542.0864587406695
coco_000000006040,images/coco_000000006040.png,svd_only,0.01,0.01,1.0,43.36865346604,0.9988684602246293,14.652931538674778,0.9094493208655958,0.9937949752040257,0.00022125244140625,1,1877.8425772678604,1534.3982533879528,41.61423173914949,946.9351377304603,1084.172917481339
coco_000000006040,images/coco_000000006040.png,svd_only,0.02,0.02,1.0,36.77556054888542,0.9968367333976421,17.818197196215543,0.9377734194608527,0.9969290103126703,5.7220458984375e-05,1,3755.685154535721,3277.877667027859,35.59363182586987,1893.8702754609205,2168.345834962678
coco_000000006040,images/coco_000000006040.png,svd_only,0.05,0.05,1.0,28.98845001631505,0.9853568450053745,15.22913152597283,0.7745950210391438,0.9820401046121277,8.7738037109375e-05,1,9389.212886339303,8034.30413912742,27.634831652429117,4734.675688652302,5420.864587406695
coco_000000006040,images/coco_000000006040.png,svd_only,0.1,0.1,1.0,23.286202059011437,0.9535886697269959,12.930902466071332,0.6946356919962366,0.9677660000596955,0.00070953369140625,1,18778.425772678605,15490.329854460815,21.614231739149496,9469.351377304603,10841.72917481339
coco_000000006040,images/coco_000000006040.png,svd_texture,0.001,0.0002542414154029721,0.1713793504477468,60.60918627003502,0.999603711474934,3.611104075743305,0.4333151993082794,0.3801769553560528,0.46521759033203125,0,47.742535474854584,210.81982828946616,73.50930578600004,24.075012971140055,27.56416570820253
coco_000000006040,images/coco_000000006040.png,svd_texture,0.005,0.0012712070770148607,0.1713793504477468,60.60918627003502,0.999603711474934,2.4041009060076473,0.2553499070493726,0.31884331945990596,0.6753044128417969,0,238.71267737427297,210.81982828946616,59.52990569927966,120.3750648557003,137.82082854101267
coco_000000006040,images/coco_000000006040.png,svd_texture,0.01,0.0025424141540297215,0.1713793504477468,57.42707804963846,0.9995717930271045,4.156221845210787,0.45972081067463294,0.6733393728858192,0.6315345764160156,0,477.42535474854594,304.1003123970773,53.509305786000034,240.7501297114006,275.64165708202535
coco_000000006040,images/coco_000000006040.png,svd_texture,0.02,0.005084828308059443,0.1713793504477468,50.14678887438619,0.9993210271042446,10.032281949555626,0.8081022263339134,0.9692628406772552,0.0420379638671875,1,954.8507094970919,703.1230333305829,47.488705872720416,481.5002594228012,551.2833141640507
coco_000000006040,images/coco_000000006040.png,svd_texture,0.05,0.012712070770148607,0.1713793504477468,40.975880705268146,0.9984664917864189,16.288298531288298,0.9303848906592534,0.996261380937963,0.000102996826171875,1,2387.1267737427297,2021.0484902643973,39.52990569927967,1203.750648557003,1378.2082854101266
coco_000000006040,images/coco_000000006040.png,svd_texture,0.1,0.025424141540297214,0.1713793504477468,34.667244859547345,0.995287288798267,17.597108639797177,0.8984194173034487,0.9943288844827277,6.103515625e-05,1,4774.253547485459,4178.385693063769,33.50930578600004,2407.501297114006,2756.416570820253
coco_000000006040,images/coco_000000006040.png,svd_yolo,0.001,0.000852816243474737,0.8364624927497077,60.60918627003502,0.999603711474934,2.7038592989414614,0.2976573141694951,0.3243016823830555,0.6274070739746094,0,160.14546525824952,210.81982828946616,62.99712246496807,80.75616669735238,92.46002747634815
coco_000000006040,images/coco_000000006040.png,svd_yolo,0.005,0.0042640812173736845,0.8364624927497077,51.98089307363703,0.9993338270276131,8.221974009833112,0.7359432174204725,0.9305014771579461,0.3288459777832031,1,800.7273262912476,569.280247329907,49.0177223782477,403.7808334867619,462.3001373817407
coco_000000006040,images/coco_000000006040.png,svd_yolo,0.01,0.008528162434747369,0.8364624927497077,44.97147163405927,0.9990739723032512,13.585422604444545,0.8909061193030379,0.9903506173755541,0.00043487548828125,1,1601.454652582495,1275.842858662461,42.99712246496807,807.5616669735238,924.6002747634814
coco_000000006040,images/coco_000000006040.png,svd_yolo,0.02,0.017056324869494738,0.8364624927497077,38.21913547306815,0.9975805846973972,17.530803473337528,0.9446381633244716,0.9973584424857126,7.2479248046875e-05,1,3202.90930516499,2775.9650574169696,36.976522551688454,1615.1233339470475,1849.2005495269627
coco_000000006040,images/coco_000000006040.png,svd_yolo,0.05,0.04264081217373685,0.8364624927497077,30.30279584028316,0.9888139095649814,15.849411166264177,0.8041478928720643,0.9851005957936295,7.62939453125e-05,1,8007.273262912477,6906.070011229252,29.017722378247697,4037.808334867619,4623.0013738174075
coco_000000006040,images/coco_000000006040.png,svd_yolo,0.1,0.0852816243474737,0.8364624927497077,24.598493984036985,0.9642217109608073,13.37643032529918,0.708483493044536,0.9709459961871844,0.00011444091796875,1,16014.546525824953,13318.216472185755,22.99712246496808,8075.616669735238,9246.002747634815
coco_000000006213,images/coco_000000006213.png,svd_only,0.001,0.001,1.0,59.803147027776504,0.9998491257180545,3.151991480453968,0.36991122923306863,0.40150212437030597,0.5783805847167969,0,187.78425772678605,231.32012450281968,61.61423173914949,94.69351377304604,108.41729174813389
coco_000000006213,images/coco_000000006213.png,svd_only,0.005,0.005,1.0,50.32070786120215,0.9992102023257043,9.481277966793684,0.7885849116345139,0.9464369533372596,0.08192825317382812,1,938.9212886339302,689.1843004596086,47.63483165242911,473.46756886523013,542.0864587406695
coco_000000006213,images/coco_000000006213.png,svd_only,0.01,0.01,1.0,43.542771612483605,0.9985487063349284,14.135533579764346,0.9027716322891757,0.9924245692859568,0.0,1,1877.8425772678604,1503.945810193971,41.61423173914949,946.9351377304603,1084.172917481339
coco_000000006213,images/coco_000000006213.png,svd_only,0.02,0.02,1.0,36.68531386532245,0.9961096410372945,18.639421776643523,0.9420166895414046,0.9980070120843708,0.0,1,3755.685154535721,3312.112467897188,35.59363182586987,1893.8702754609205,2168.345834962678
coco_000000006213,images/coco_000000006213.png,svd_only,0.05,0.05,1.0,28.271958279007563,0.9819391882571865,21.557649407418783,0.8667613941974515,0.9970855836890958,0.0,1,9389.212886339303,8725.149053168088,27.634831652429117,4734.675688652302,5420.864587406695
coco_000000006213,images/coco_000000006213.png,svd_only,0.1,0.1,1.0,22.229543828652783,0.9432064820897722,20.506755224793576,0.7967620619674597,0.9937777996734065,0.0,1,18778.425772678605,17494.17946060918,21.614231739149496,9469.351377304603,10841.72917481339
coco_000000006213,images/coco_000000006213.png,svd_texture,0.001,0.0001979863330623507,0.10887370340261188,59.803147027776504,0.9998491257180545,4.590515326669621,0.5868593981532331,0.48435225747235644,0.3697967529296875,0,37.17871659416176,231.32012450281968,75.681527497602,18.748021556714583,21.46514203376408
coco_000000006213,images/coco_000000006213.png,svd_texture,0.005,0.0009899316653117535,0.10887370340261188,59.803147027776504,0.9998491257180545,3.1643488447764216,0.3715778624328953,0.4017240740397061,0.5755233764648438,0,185.89358297080884,231.32012450281968,61.70212741088163,93.74010778357292,107.32571016882042
coco_000000006213,images/coco_000000006213.png,svd_texture,0.01,0.001979863330623507,0.10887370340261188,59.468212129290656,0.9998383009463062,2.7078054309628232,0.30411717617133954,0.42742924355570056,0.6713294982910156,0,371.7871659416177,240.4142258686037,55.681527497602005,187.48021556714585,214.65142033764084
coco_000000006213,images/coco_000000006213.png,svd_texture,0.02,0.003959726661247014,0.10887370340261188,53.38624619290904,0.9994023916124185,5.912845960114314,0.6187609101513504,0.8065834738426167,0.4767417907714844,0,743.5743318832353,484.23754501277574,49.66092758432238,374.9604311342917,429.3028406752817
coco_000000006213,images/coco_000000006213.png,svd_texture,0.05,0.009899316653117536,0.10887370340261188,43.64873287925059,0.9985750672546937,14.057242753355252,0.9019819355453004,0.9921930407871344,0.0,1,1858.9358297080885,1485.7102678517101,41.70212741088163,937.4010778357292,1073.2571016882043
coco_000000006213,images/coco_000000006213.png,svd_texture,0.1,0.01979863330623507,0.10887370340261188,36.781635510786714,0.996174351857177,18.585325163270735,0.9418190487023179,0.9979974312280775,0.0,1,3717.871659416177,3275.5859017891744,35.681527497602,1874.8021556714584,2146.5142033764087
coco_000000006213,images/coco_000000006213.png,svd_yolo,0.001,0.00018725242313967594,0.09694713682186212,59.803147027776504,0.9998491257180545,4.6180646039950615,0.5909914022242218,0.48657669517593866,0.3641014099121094,0,35.1630572868261,231.32012450281968,76.16568281125147,17.731589909613145,20.301400590079265
coco_000000006213,images/coco_000000006213.png,svd_yolo,0.005,0.0009362621156983797,0.09694713682186212,59.803147027776504,0.9998491257180545,3.2311193489347714,0.3807629895386156,0.40279735796304045,0.5614395141601562,0,175.8152864341305,231.32012450281968,62.1862827245311,88.65794954806573,101.50700295039633
coco_000000006213,images/coco_000000006213.png,svd_yolo,0.01,0.0018725242313967594,0.09694713682186212,59.554496377813194,0.9998415086100105,2.7042004200163787,0.3039702983218546,0.42129613957209866,0.6700935363769531,0,351.630572868261,238.0378121223601,56.16568281125147,177.31589909613146,203.01400590079265
coco_000000006213,images/coco_000000006213.png,svd_yolo,0.02,0.0037450484627935187,0.09694713682186212,54.30729155132181,0.9994772808077639,5.139267821761308,0.5584071618929655,0.7580692108812318,0.5518646240234375,0,703.261145736522,435.51808228820994,50.14508289797185,354.6317981922629,406.0280118015853
coco_000000006213,images/coco_000000006213.png,svd_yolo,0.05,0.009362621156983797,0.09694713682186212,44.21992567705641,0.9987142850005943,13.674348479040617,0.8966481346950056,0.9907804943091352,1.52587890625e-05,1,1758.152864341305,1391.1516811620506,42.1862827245311,886.5794954806573,1015.0700295039633
coco_000000006213,images/coco_000000006213.png,svd_yolo,0.1,0.018725242313967595,0.09694713682186212,37.30168643190436,0.9965217043181821,18.359175198583443,0.9426473550070226,0.9979311981330871,0.0,1,3516.30572868261,3085.2221962121303,36.16568281125147,1773.1589909613147,2030.1400590079265
coco_000000006471,images/coco_000000006471.png,svd_only,0.001,0.001,1.0,58.36119158513946,0.9994409433902608,3.16706072088432,0.3653436619413624,0.4160724031061888,0.5822372436523438,0,187.78425772678605,273.09339061939966,61.61423173914949,94.69351377304604,108.41729174813389
coco_000000006471,images/coco_000000006471.png,svd_only,0.005,0.005,1.0,50.02911168040722,0.9992442512820693,10.400566532196528,0.808010962797869,0.9602820543466731,0.0370635986328125,1,938.9212886339302,712.7138275633496,47.63483165242911,473.46756886523013,542.0864587406695
coco_000000006471,images/coco_000000006471.png,svd_only,0.01,0.01,1.0,43.25306615007496,0.9988035288627365,15.198438192209982,0.9081233603993972,0.9939577517751477,7.2479248046875e-05,1,1877.8425772678604,1554.9536970598192,41.61423173914949,946.9351377304603,1084.172917481339
coco_000000006471,images/coco_000000006471.png,svd_only,0.02,0.02,1.0,36.549427245559734,0.9969069993291053,19.546765062076467,0.9395286434258399,0.9978284258874248,2.288818359375e-05,1,3755.685154535721,3364.33633871526,35.59363182586987,1893.8702754609205,2168.345834962678
coco_000000006471,images/coco_000000006471.png,svd_only,0.05,0.05,1.0,28.26108189150938,0.9850577671592203,21.37432802999846,0.8805125983863742,0.9956148913558036,3.0517578125e-05,1,9389.212886339303,8736.081444217425,27.634831652429117,4734.675688652302,5420.864587406695
coco_000000006471,images/coco_000000006471.png,svd_only,0.1,0.1,1.0,22.28778474922089,0.9510881092109381,19.751212116242286,0.7924471471688571,0.9917810249526561,4.57763671875e-05,1,18778.425772678605,17377.269290656688,21.614231739149496,9469.351377304603,10841.72917481339
coco_000000006471,images/coco_000000006471.png,svd_texture,0.001,0.00021694614583946253,0.12994016204384723,58.36119158513946,0.9994409433902608,4.742099085499546,0.5760278593133562,0.49845373698222745,0.35163116455078125,0,40.739070963150546,273.09339061939966,74.88719295779805,20.543392849058396,23.52071358711021
coco_000000006471,images/coco_000000006471.png,svd_texture,0.005,0.0010847307291973127,0.12994016204384723,58.36119158513946,0.9994409433902608,3.0656369456258936,0.3516283340159861,0.4154510269979369,0.6019401550292969,0,203.69535481575272,273.09339061939966,60.907792871077675,102.71696424529199,117.60356793555107
coco_000000006471,images/coco_000000006471.png,svd_texture,0.01,0.0021694614583946253,0.12994016204384723,57.57151482415008,0.9994231895138559,3.105493413529838,0.34660629697030826,0.5213946748707152,0.6782913208007812,0,407.39070963150544,299.08527212151387,54.88719295779806,205.43392849058398,235.20713587110214
coco_000000006471,images/coco_000000006471.png,svd_texture,0.02,0.004338922916789251,0.12994016204384723,51.276786582164206,0.9992607522580149,9.240212155923373,0.7652122499431117,0.9387910176083125,0.09258270263671875,1,814.7814192630109,617.3499817769496,48.86659304451843,410.86785698116796,470.4142717422043
coco_000000006471,images/coco_000000006471.png,svd_texture,0.05,0.010847307291973127,0.12994016204384723,42.4094318310291,0.998691070251489,15.929370300857528,0.9171005671434292,0.9952212974809991,5.340576171875e-05,1,2036.9535481575272,1713.5594533018107,40.907792871077675,1027.1696424529198,1176.0356793555106
coco_000000006471,images/coco_000000006471.png,svd_texture,0.1,0.021694614583946253,0.12994016204384723,35.790539005841964,0.9964650479928251,19.924185755951825,0.9379329771668955,0.9977741704843552,1.52587890625e-05,1,4073.9070963150543,3671.5024172673507,34.88719295779805,2054.3392849058396,2352.0713587110213
coco_000000006471,images/coco_000000006471.png,svd_yolo,0.001,0.000691539156257837,0.6572657291753745,58.36119158513946,0.9994409433902608,3.643104678207022,0.4263945899438714,0.4258902072682555,0.48486328125,0,129.86016714688583,273.09339061939966,64.81789622478335,65.48427261770212,74.97480245926427
coco_000000006471,images/coco_000000006471.png,svd_yolo,0.005,0.003457695781289185,0.6572657291753745,53.792358607494926,0.9992869872806008,6.186925326934496,0.6249064570668049,0.8193380512484342,0.4343528747558594,0,649.3008357344291,462.1179503113897,50.83849613806298,327.4213630885106,374.8740122963213
coco_000000006471,images/coco_000000006471.png,svd_yolo,0.01,0.00691539156257837,0.6572657291753745,46.953055680298384,0.9991027797947258,12.54886419015891,0.8625910870159258,0.9840808417426147,0.0016632080078125,1,1298.6016714688583,1015.5889916693662,44.817896224783354,654.8427261770212,749.7480245926427
coco_000000006471,images/coco_000000006471.png,svd_yolo,0.02,0.01383078312515674,0.6572657291753745,40.05845504289283,0.9982341781498664,17.43284939533736,0.9336346122501427,0.9968592627373898,1.9073486328125e-05,1,2597.2033429377166,2246.197898672332,38.79729631150373,1309.6854523540424,1499.4960491852853
coco_000000006471,images/coco_000000006471.png,svd_yolo,0.05,0.03457695781289185,0.6572657291753745,31.537417730591805,0.9921948738384113,21.29623419378416,0.9215343962593577,0.9970020156534426,2.288818359375e-05,1,6493.008357344292,5991.007761637436,30.83849613806298,3274.213630885106,3748.7401229632133
coco_000000006471,images/coco_000000006471.png,svd_yolo,0.1,0.0691539156257837,0.6572657291753745,25.43752745536515,0.9736769590716275,20.829649421586556,0.8320290370382789,0.9939971532493167,3.814697265625e-05,1,12986.016714688583,12091.895798426316,24.817896224783354,6548.427261770212,7497.4802459264265
coco_000000006614,images/coco_000000006614.png,svd_only,0.001,0.001,1.0,59.12660054292032,0.9999655956661226,3.5543865119170177,0.4229358793149222,0.45367296768791243,0.5371665954589844,0,187.78425772678605,250.05799327356044,61.61423173914949,94.69351377304604,108.41729174813389
coco_000000006614,images/coco_000000006614.png,svd_only,0.005,0.005,1.0,52.07352227358087,0.999469076206409,5.639223359157038,0.5829480574260995,0.8699359209292511,0.5941734313964844,0,938.9212886339302,563.2415112542753,47.63483165242911,473.46756886523013,542.0864587406695
coco_000000006614,images/coco_000000006614.png,svd_only,0.01,0.01,1.0,47.11174744319805,0.9985204379891236,5.611558547908344,0.5966739651497078,0.9559127154844289,0.6684951782226562,0,1877.8425772678604,997.2025872409276,41.61423173914949,946.9351377304603,1084.172917481339
coco_000000006614,images/coco_000000006614.png,svd_only,0.02,0.02,1.0,41.39720591686155,0.9955778077291115,5.177548349635902,0.4933926232394286,0.9425559511052073,0.6801071166992188,0,3755.685154535721,1925.3534740405462,35.59363182586987,1893.8702754609205,2168.345834962678
coco_000000006614,images/coco_000000006614.png,svd_only,0.05,0.05,1.0,33.962103498763554,0.9804226354215988,4.513205875477829,0.3714499449848505,0.8804925645299573,0.6865463256835938,0,9389.212886339303,4531.746352125194,27.634831652429117,4734.675688652302,5420.864587406695
coco_000000006614,images/coco_000000006614.png,svd_only,0.1,0.1,1.0,28.664882469994314,0.9455222337798516,4.036351472919215,0.31543695357539553,0.8383913137301379,0.6881446838378906,0,18778.425772678605,8339.243310996508,21.614231739149496,9469.351377304603,10841.72917481339
coco_000000006614,images/coco_000000006614.png,svd_texture,0.001,0.00029394521691073925,0.21549468545637698,59.12660054292032,0.9999655956661226,4.901340365192118,0.610917873154348,0.511398329924663,0.3522186279296875,0,55.19828436992229,250.05799327356044,72.24890378466878,27.834705446058088,31.86874433978012
coco_000000006614,images/coco_000000006614.png,svd_texture,0.005,0.0014697260845536965,0.21549468545637698,59.12660054292032,0.9999655956661226,3.004243898243002,0.3472556331142742,0.45225682591751065,0.6558036804199219,0,275.99142184961147,250.05799327356044,58.2695036979484,139.17352723029046,159.34372169890062
coco_000000006614,images/coco_000000006614.png,svd_texture,0.01,0.002939452169107393,0.21549468545637698,58.771468822337596,0.9999280338846565,2.447814228730904,0.2675258726602276,0.46164351016388305,0.6895599365234375,0,551.9828436992229,260.493761921471,52.24890378466878,278.3470544605809,318.68744339780125
coco_000000006614,images/coco_000000006614.png,svd_texture,0.02,0.005878904338214786,0.21549468545637698,51.25847897411184,0.9994310935964293,5.653017447237614,0.5891449984948852,0.9127722846191354,0.6466255187988281,1,1103.9656873984459,618.6525680864826,46.22830387138916,556.6941089211618,637.3748867956025
coco_000000006614,images/coco_000000006614.png,svd_texture,0.05,0.014697260845536964,0.21549468545637698,43.95709133075562,0.9972921469824557,5.390155529641982,0.546889857065136,0.9553216753645741,0.6755714416503906,0,2759.9142184961147,1433.8912092624043,38.26950369794841,1391.7352723029046,1593.437216989006
coco_000000006614,images/coco_000000006614.png,svd_texture,0.1,0.029394521691073927,0.21549468545637698,38.23306188409346,0.991739530286632,4.892410738828168,0.43238015693530446,0.9186354454570477,0.6852264404296875,0,5519.828436992229,2771.5178152052354,32.248903784668784,2783.470544605809,3186.874433978012
coco_000000006614,images/coco_000000006614.png,svd_yolo,0.001,0.0003391210738246271,0.2656900820273634,59.12660054292032,0.9999655956661226,4.8142212134041165,0.595114207298989,0.5047459978042508,0.3634910583496094,0,63.68159912766821,250.05799327356044,71.00713616409082,32.112566074942485,36.766588398785046
coco_000000006614,images/coco_000000006614.png,svd_yolo,0.005,0.0016956053691231355,0.2656900820273634,59.12660054292032,0.9999655956661226,2.8312684278502798,0.3221349068552438,0.4521239546776522,0.6787261962890625,0,318.40799563834105,250.05799327356044,57.02773607737045,160.56283037471243,183.83294199392523
coco_000000006614,images/coco_000000006614.png,svd_yolo,0.01,0.003391210738246271,0.2656900820273634,57.50091663923578,0.9998018926656368,2.743685214951899,0.3066562097602422,0.5045825436880574,0.6878128051757812,0,636.8159912766821,301.5261182717013,51.007136164090824,321.12566074942487,367.66588398785046
coco_000000006614,images/coco_000000006614.png,svd_yolo,0.02,0.006782421476492542,0.2656900820273634,50.45008582935064,0.9993138966208424,5.533963200969547,0.5868582907654843,0.9303843709745953,0.6717262268066406,1,1273.6319825533642,678.9948453412588,44.9865362508112,642.2513214988497,735.3317679757009
coco_000000006614,images/coco_000000006614.png,svd_yolo,0.05,0.016956053691231356,0.2656900820273634,42.76269806771565,0.9965878017023813,5.296506973893393,0.521851425198662,0.9504451855880072,0.6787605285644531,0,3184.0799563834107,1645.2650242438147,37.02773607737045,1605.6283037471244,1838.3294199392526
coco_000000006614,images/coco_000000006614.png,svd_yolo,0.1,0.03391210738246271,0.2656900820273634,37.06927721223569,0.9895380666741987,4.789270386987052,0.4141445776294404,0.9083773211860261,0.6852989196777344,0,6368.159912766821,3168.8881330839054,31.007136164090827,3211.256607494249,3676.658839878505
coco_000000006763,images/coco_000000006763.png,svd_only,0.001,0.001,1.0,64.92918982384862,0.9999180753760962,2.1868052488699274,0.21737968657393267,0.3016803820233886,0.6859855651855469,0,187.78425772678605,128.20686409081225,61.61423173914949,94.69351377304604,108.41729174813389
coco_000000006763,images/coco_000000006763.png,svd_only,0.005,0.005,1.0,51.33692319355923,0.9995097525580944,8.00135164517759,0.7305261271783524,0.9587364843423826,0.2619361877441406,1,938.9212886339302,613.0905316509137,47.63483165242911,473.46756886523013,542.0864587406695
coco_000000006763,images/coco_000000006763.png,svd_only,0.01,0.01,1.0,44.06465819289713,0.9984508880861004,11.522457738581974,0.8146739387591037,0.9855368589620117,0.00026702880859375,1,1877.8425772678604,1416.243270063445,41.61423173914949,946.9351377304603,1084.172917481339
coco_000000006763,images/coco_000000006763.png,svd_only,0.02,0.02,1.0,37.36433009004331,0.9954909560102249,13.32660675832948,0.7688906480279128,0.9830185536123611,3.4332275390625e-05,1,3755.685154535721,3063.0512565087774,35.59363182586987,1893.8702754609205,2168.345834962678
coco_000000006763,images/coco_000000006763.png,svd_only,0.05,0.05,1.0,29.019587741849307,0.9783816847468217,13.924477031963221,0.7126525388754978,0.9754296697317453,0.000629425048828125,1,9389.212886339303,8005.553822191192,27.634831652429117,4734.675688652302,5420.864587406695
coco_000000006763,images/coco_000000006763.png,svd_only,0.1,0.1,1.0,22.913843603838615,0.9289778207793309,13.947198296310308,0.6980502678898669,0.9720703538748986,2.6702880859375e-05,1,18778.425772678605,16168.829765941628,21.614231739149496,9469.351377304603,10841.72917481339
coco_000000006763,images/coco_000000006763.png,svd_texture,0.001,0.00021285597390247667,0.12539552655830738,64.96420734397259,0.9999182084306458,3.249823279403883,0.3597098845663391,0.3320138119769207,0.5259780883789062,0,39.97100106198872,127.69103335786738,75.05251487190976,20.1560800964093,23.077268222917986
coco_000000006763,images/coco_000000006763.png,svd_texture,0.005,0.0010642798695123833,0.12539552655830738,64.89026061683734,0.9999179135643583,2.1774552373693745,0.21621987791665184,0.3059660945421065,0.6871261596679688,0,199.8550053099436,128.78276282173792,61.07311478518939,100.7804004820465,115.38634111458994
coco_000000006763,images/coco_000000006763.png,svd_texture,0.01,0.0021285597390247666,0.12539552655830738,61.681743296965394,0.9998784547845642,3.044629702183339,0.33449407860604535,0.6701792522138507,0.6889610290527344,0,399.7100106198872,186.33035179486996,55.052514871909764,201.560800964093,230.77268222917988
coco_000000006763,images/coco_000000006763.png,svd_texture,0.02,0.004257119478049533,0.12539552655830738,53.090470534717085,0.9996136057802278,7.051198921601335,0.6815851012210526,0.9373007774004581,0.41480255126953125,1,799.4200212397744,501.01097792363794,49.03191495863014,403.121601928186,461.54536445835976
coco_000000006763,images/coco_000000006763.png,svd_texture,0.05,0.010642798695123834,0.12539552655830738,43.444985032896916,0.9982827792921919,11.753239835764486,0.8131549306660263,0.9857548225964967,0.000179290771484375,1,1998.5500530994361,1520.9730438110992,41.07311478518939,1007.804004820465,1153.8634111458994
coco_000000006763,images/coco_000000006763.png,svd_texture,0.1,0.021285597390247667,0.12539552655830738,36.78602865682191,0.9950159185539281,13.402441275758076,0.7630497214564628,0.9824292017008439,3.0517578125e-05,1,3997.1001061988723,3273.9295960664763,35.052514871909764,2015.60800964093,2307.7268222917987
coco_000000006763,images/coco_000000006763.png,svd_yolo,0.001,0.0007809747611323118,0.7566386234803465,64.96420734397259,0.9999182084306458,2.300425333777652,0.23222799809742345,0.297923003781341,0.6739501953125,0,146.6547658225852,127.69103335786738,63.76149176014587,73.9532442996839,84.67116852561104
coco_000000006763,images/coco_000000006763.png,svd_yolo,0.005,0.003904873805661559,0.7566386234803465,54.03844049421831,0.9996515510572651,6.5117721101931325,0.648838834312892,0.919299267550756,0.4729194641113281,1,733.273829112926,449.2093053354973,49.7820916734255,369.7662214984195,423.35584262805514
coco_000000006763,images/coco_000000006763.png,svd_yolo,0.01,0.007809747611323118,0.7566386234803465,46.56943265221624,0.9989545250076457,10.447984023561025,0.8105534394712155,0.9817469629784443,0.01589202880859375,1,1466.547658225852,1061.4490096090344,43.76149176014587,739.532442996839,846.7116852561103
coco_000000006763,images/coco_000000006763.png,svd_yolo,0.02,0.015619495222646235,0.7566386234803465,39.70766358917876,0.9969603886707925,12.865080168324756,0.7897101340308786,0.984790296108287,4.9591064453125e-05,1,2933.095316451704,2338.7704034385247,37.740891846866255,1479.064885993678,1693.4233705122206
coco_000000006763,images/coco_000000006763.png,svd_yolo,0.05,0.039048738056615594,0.7566386234803465,31.23349161208584,0.9860017849085249,13.865262441235744,0.7221711413689533,0.9771753725614553,3.4332275390625e-05,1,7332.738291129262,6204.348555650303,29.7820916734255,3697.662214984195,4233.558426280551
coco_000000006763,images/coco_000000006763.png,svd_yolo,0.1,0.07809747611323119,0.7566386234803465,25.075938518130137,0.9530573442792054,13.95368709212625,0.7014168135065093,0.972877686133171,0.000621795654296875,1,14665.476582258523,12605.89957123251,23.761491760145876,7395.32442996839,8467.116852561103
coco_000000006818,images/coco_000000006818.png,svd_only,0.001,0.001,1.0,59.8844162820744,0.9996301450082719,3.154611816118478,0.3676286149031207,0.4011046930208452,0.5831527709960938,0,187.78425772678605,229.16587878652442,61.61423173914949,94.69351377304604,108.41729174813389
coco_000000006818,images/coco_000000006818.png,svd_only,0.005,0.005,1.0,50.292981955821205,0.9992216552005125,10.247416265810465,0.8216786132612371,0.9696116059917214,0.043010711669921875,1,938.9212886339302,691.3877349215851,47.63483165242911,473.46756886523013,542.0864587406695
coco_000000006818,images/coco_000000006818.png,svd_only,0.01,0.01,1.0,43.333475441245504,0.9982533507117995,15.059949607255092,0.9158787208645777,0.9930485042653039,0.0,1,1877.8425772678604,1540.62519776875,41.61423173914949,946.9351377304603,1084.172917481339
coco_000000006818,images/coco_000000006818.png,svd_only,0.02,0.02,1.0,36.52092080722817,0.9947194279268304,20.170148387118868,0.9564841564397525,0.9978535242055131,0.0,1,3755.685154535721,3375.3959767707256,35.59363182586987,1893.8702754609205,2168.345834962678
coco_000000006818,images/coco_000000006818.png,svd_only,0.05,0.05,1.0,28.179407972896268,0.9763235128609837,22.921232646508262,0.921149985628955,0.9964635467279176,0.0,1,9389.212886339303,8818.614743824564,27.634831652429117,4734.675688652302,5420.864587406695
coco_000000006818,images/coco_000000006818.png,svd_only,0.1,0.1,1.0,22.204061335913046,0.9296791454785452,20.73232265615204,0.8219101758159697,0.9910571966059123,0.0,1,18778.425772678605,17545.578901820252,21.614231739149496,9469.351377304603,10841.72917481339
coco_000000006818,images/coco_000000006818.png,svd_texture,0.001,0.00020012775501114822,0.11125306112349802,59.8844162820744,0.9996301450082719,4.662393739450571,0.5845643322839721,0.4899104687537819,0.3710899353027344,0,37.58084192529655,229.16587878652442,75.58808526754517,18.950800325516944,21.697309201942723
coco_000000006818,images/coco_000000006818.png,svd_texture,0.005,0.001000638775055741,0.11125306112349802,59.8844162820744,0.9996301450082719,3.1539944557425237,0.3675458319937341,0.401110101217721,0.5831871032714844,0,187.90420962648275,229.16587878652442,61.60868518082479,94.75400162758471,108.4865460097136
coco_000000006818,images/coco_000000006818.png,svd_texture,0.01,0.002001277550111482,0.11125306112349802,59.589974943791034,0.9996228789394163,2.6508244446071334,0.295277252680731,0.42016675971506584,0.6775093078613281,0,375.8084192529655,237.06750093591486,55.588085267545175,189.50800325516943,216.9730920194272
coco_000000006818,images/coco_000000006818.png,svd_texture,0.02,0.004002555100222964,0.11125306112349802,52.456671662433465,0.9992180182826216,7.9571084015699975,0.7358815150937655,0.9233138862832423,0.2956962585449219,1,751.616838505931,538.9359887778882,49.56748535426555,379.01600651033885,433.9461840388544
coco_000000006818,images/coco_000000006818.png,svd_texture,0.05,0.010006387750557412,0.11125306112349802,43.327088843923846,0.998251523005341,15.063090957587715,0.9158898257318038,0.9930480556224259,0.0,1,1879.042096264828,1541.7584116845285,41.60868518082479,947.5400162758473,1084.865460097136
coco_000000006818,images/coco_000000006818.png,svd_texture,0.1,0.020012775501114823,0.11125306112349802,36.51492472838277,0.9947133742470422,20.172399276930648,0.9563893772705496,0.9978516255281435,0.0,1,3758.084192529656,3377.7268983741124,35.58808526754517,1895.0800325516946,2169.730920194272
coco_000000006818,images/coco_000000006818.png,svd_yolo,0.001,0.0002196364119301006,0.13292934658900066,59.8844162820744,0.9996301450082719,4.60999030020249,0.5773576751351103,0.4857762048748928,0.3726959228515625,0,41.244260584068556,229.16587878652442,74.78014493347521,20.798143598165392,23.812384950739034
coco_000000006818,images/coco_000000006818.png,svd_yolo,0.005,0.001098182059650503,0.13292934658900066,59.8844162820744,0.9996301450082719,3.0445336878541465,0.35251086476670074,0.3994305749591248,0.6016349792480469,0,206.22130292034277,229.16587878652442,60.800744846754846,103.99071799082695,119.06192475369515
coco_000000006818,images/coco_000000006818.png,svd_yolo,0.01,0.002196364119301006,0.13292934658900066,59.30995817949189,0.9996119704809049,2.72085621570753,0.3040711400940623,0.44138102994496564,0.6769599914550781,0,412.44260584068553,244.83463807231198,54.78014493347522,207.9814359816539,238.1238495073903
coco_000000006818,images/coco_000000006818.png,svd_yolo,0.02,0.004392728238602012,0.13292934658900066,51.4367213361532,0.9992383732613721,9.230902348713318,0.7865002460171574,0.9534881374801756,0.0979766845703125,1,824.8852116813711,606.0866274716841,48.759545020195596,415.9628719633078,476.2476990147806
coco_000000006818,images/coco_000000006818.png,svd_yolo,0.05,0.01098182059650503,0.13292934658900066,42.36034223306456,0.9979677348186135,15.870318193399353,0.9233080158205551,0.9942605769931904,0.0,1,2062.2130292034276,1723.2713077168087,40.800744846754846,1039.9071799082694,1190.6192475369517
coco_000000006818,images/coco_000000006818.png,svd_yolo,0.1,0.02196364119301006,0.13292934658900066,35.64250056119127,0.9938863989941019,20.725479618648016,0.9565666831097248,0.9979752923902705,0.0,1,4124.426058406855,3734.6141701653733,34.78014493347522,2079.814359816539,2381.2384950739033
coco_000000006894,images/coco_000000006894.png,svd_only,0.001,0.001,1.0,58.55609372173323,0.9998575451627362,3.3848241491972635,0.38982342320644575,0.45982710713637437,0.5905990600585938,0,187.78425772678605,267.033705737684,61.61423173914949,94.69351377304604,108.41729174813389
coco_000000006894,images/coco_000000006894.png,svd_only,0.005,0.005,1.0,50.636377365392704,0.999477690064095,8.334552843366218,0.7397068972509976,0.928043686191872,0.22381591796875,1,938.9212886339302,664.5870898535421,47.63483165242911,473.46756886523013,542.0864587406695
coco_000000006894,images/coco_000000006894.png,svd_only,0.01,0.01,1.0,43.9024308216422,0.9990338642585824,11.81376924047785,0.842751899467007,0.9830309031486623,0.003021240234375,1,1877.8425772678604,1442.9431728242107,41.61423173914949,946.9351377304603,1084.172917481339
coco_000000006894,images/coco_000000006894.png,svd_only,0.02,0.02,1.0,37.167057704215104,0.9973809240192518,14.258986625386145,0.8719122857388285,0.992060318259816,0.00025177001953125,1,3755.685154535721,3133.414750715264,35.59363182586987,1893.8702754609205,2168.345834962678
coco_000000006894,images/coco_000000006894.png,svd_only,0.05,0.05,1.0,28.814333349778764,0.9872227335688591,15.666267888484455,0.8705829022841688,0.9942778774524984,0.0001983642578125,1,9389.212886339303,8196.984262519967,27.634831652429117,4734.675688652302,5420.864587406695
coco_000000006894,images/coco_000000006894.png,svd_only,0.1,0.1,1.0,22.766648130831122,0.9564888874818226,15.653587302551212,0.8526128310475265,0.994096858501334,0.000202178955078125,1,18778.425772678605,16445.16980757572,21.614231739149496,9469.351377304603,10841.72917481339
coco_000000006894,images/coco_000000006894.png,svd_texture,0.001,0.00023969494528621499,0.1552166058735722,58.55609372173323,0.9998575451627362,5.225946533281032,0.6142454438774464,0.5383437565887363,0.3167572021484375,0,45.01093738143447,267.033705737684,74.02105422555618,22.697556602789714,25.98707681364856
coco_000000006894,images/coco_000000006894.png,svd_texture,0.005,0.001198474726431075,0.1552166058735722,58.55609372173323,0.9998575451627362,3.122665595186131,0.355604370864714,0.4595448611046951,0.6424598693847656,0,225.05468690717237,267.033705737684,60.0416541388358,113.48778301394856,129.9353840682428
coco_000000006894,images/coco_000000006894.png,svd_texture,0.01,0.00239694945286215,0.1552166058735722,57.8250716341273,0.9998366415672367,2.8901346993882666,0.3229278197664482,0.5073527281369332,0.6873245239257812,0,450.10937381434474,290.48063618768117,54.02105422555618,226.97556602789712,259.8707681364856
coco_000000006894,images/coco_000000006894.png,svd_texture,0.02,0.0047938989057243,0.1552166058735722,51.045619413243216,0.999491978598214,7.979753180032248,0.7265569074299599,0.9174773360969715,0.2811088562011719,1,900.2187476286895,634.0007886430426,48.00045431227655,453.95113205579423,519.7415362729712
coco_000000006894,images/coco_000000006894.png,svd_texture,0.05,0.01198474726431075,0.1552166058735722,42.1114256850059,0.9988090881004901,12.548898929123576,0.853732634572872,0.9867188475155853,0.001018524169921875,1,2250.546869071724,1773.3705196602316,40.0416541388358,1134.8778301394857,1299.3538406824282
coco_000000006894,images/coco_000000006894.png,svd_texture,0.1,0.0239694945286215,0.1552166058735722,35.47544411379798,0.9964777357841218,14.69138438782992,0.8751303824637683,0.9929771305514553,0.0001983642578125,1,4501.093738143448,3807.137507366919,34.02105422555618,2269.7556602789714,2598.7076813648564
coco_000000006894,images/coco_000000006894.png,svd_yolo,0.001,0.0008447348568937262,0.8274831743263624,58.55609372173323,0.9998575451627362,3.6494322265322365,0.42227289879399127,0.4610509708059578,0.5273170471191406,0,158.6279080777312,267.033705737684,63.07982343607505,79.99091180583812,91.58386542966525
coco_000000006894,images/coco_000000006894.png,svd_yolo,0.005,0.004223674284468631,0.8274831743263624,52.4187095272779,0.9995675794822164,6.654665954474421,0.6625101926999665,0.863041915711014,0.4171180725097656,0,793.1395403886561,541.2965915281566,49.10042334935468,399.95455902919065,457.91932714832626
coco_000000006894,images/coco_000000006894.png,svd_yolo,0.01,0.008447348568937262,0.8274831743263624,45.64189745707161,0.9992437171957042,10.961516574861639,0.8264079364973727,0.9774200505280646,0.036685943603515625,1,1586.2790807773122,1181.0707006779908,43.07982343607505,799.9091180583813,915.8386542966525
coco_000000006894,images/coco_000000006894.png,svd_yolo,0.02,0.016894697137874524,0.8274831743263624,38.76393279635624,0.9980052607815884,13.79005507410086,0.8679235560075417,0.9908871358747678,0.000362396240234375,1,3172.5581615546243,2607.198688247599,37.05922352279543,1599.8182361167626,1831.677308593305
coco_000000006894,images/coco_000000006894.png,svd_yolo,0.05,0.042236742844686315,0.8274831743263624,30.318874149107753,0.9905497490426886,15.536734734860818,0.8733065748775052,0.9941798931009815,0.000202178955078125,1,7931.395403886561,6893.29812208931,29.10042334935467,3999.5455902919066,4579.193271483263
coco_000000006894,images/coco_000000006894.png,svd_yolo,0.1,0.08447348568937263,0.8274831743263624,24.21503937327852,0.967571403608115,15.755052491059393,0.8578951858598168,0.9942592499061995,0.00019073486328125,1,15862.790807773123,13919.345027694371,23.079823436075046,7999.091180583813,9158.386542966526
coco_000000007088,images/coco_000000007088.png,svd_only,0.001,0.001,1.0,59.12576716420459,0.9998482517863558,2.996088994585203,0.34625134849963307,0.40141912882089253,0.6165771484375,0,187.78425772678605,250.08198655640913,61.61423173914949,94.69351377304604,108.41729174813389
coco_000000007088,images/coco_000000007088.png,svd_only,0.005,0.005,1.0,50.412428226955925,0.9997279843606007,9.877663657775882,0.803885362271706,0.9652681931070839,0.06803131103515625,1,938.9212886339302,681.9450124460183,47.63483165242911,473.46756886523013,542.0864587406695
coco_000000007088,images/coco_000000007088.png,svd_only,0.01,0.01,1.0,43.56289647385877,0.9991457420945461,13.77285385589034,0.8915804530065271,0.98871557915374,0.000446319580078125,1,1877.8425772678604,1500.4652611773456,41.61423173914949,946.9351377304603,1084.172917481339
coco_000000007088,images/coco_000000007088.png,svd_only,0.02,0.02,1.0,37.06069353197239,0.9976311487954534,15.139276790613714,0.9226741243437239,0.9808919793863184,0.000244140625,1,3755.685154535721,3172.021279878179,35.59363182586987,1893.8702754609205,2168.345834962678
coco_000000007088,images/coco_000000007088.png,svd_only,0.05,0.05,1.0,29.75273593057767,0.9867069627556121,12.326564713917865,0.7880868238406542,0.9858014707854778,0.000873565673828125,1,9389.212886339303,7357.562707853736,27.634831652429117,4734.675688652302,5420.864587406695
coco_000000007088,images/coco_000000007088.png,svd_only,0.1,0.1,1.0,24.343310393512777,0.9536459195856128,10.077716378534955,0.6711305396177062,0.9823080084572325,0.003551483154296875,0,18778.425772678605,13715.298028114446,21.614231739149496,9469.351377304603,10841.72917481339
coco_000000007088,images/coco_000000007088.png,svd_texture,0.001,0.0003183887697126898,0.24265418856965534,59.12576716420459,0.9998482517863558,4.203329962882375,0.5211927324953277,0.4532634133757123,0.4080619812011719,0,59.78839878904208,250.08198655640913,71.55507692327805,30.149351349971774,34.51884813527011
coco_000000007088,images/coco_000000007088.png,svd_texture,0.005,0.001591943848563449,0.24265418856965534,59.11273173291292,0.9998480503735249,2.544512069517591,0.2807659902450094,0.4008440299033984,0.6832160949707031,0,298.94199394521036,250.45758123881976,57.57567683655768,150.74675674985886,172.59424067635055
coco_000000007088,images/coco_000000007088.png,svd_texture,0.01,0.003183887697126898,0.24265418856965534,55.350920744612395,0.9996687956144155,4.597091003906718,0.5022848340286613,0.7142997548845174,0.5892753601074219,0,597.8839878904207,386.211082181752,51.55507692327806,301.4935134997177,345.1884813527011
coco_000000007088,images/coco_000000007088.png,svd_texture,0.02,0.006367775394253796,0.24265418856965534,48.318185411985006,0.999555172338772,10.631090081612998,0.8235750238114291,0.9732906183651456,0.03751373291015625,1,1195.7679757808414,867.8836327526865,45.53447700999843,602.9870269994354,690.3769627054022
coco_000000007088,images/coco_000000007088.png,svd_texture,0.05,0.015919438485634492,0.24265418856965534,39.14398930686073,0.9983705120588237,15.056008192862063,0.9194612180364027,0.9846936138705578,0.00022125244140625,1,2989.4199394521042,2495.578890758615,37.57567683655768,1507.4675674985888,1725.9424067635055
coco_000000007088,images/coco_000000007088.png,svd_texture,0.1,0.031838876971268984,0.24265418856965534,33.21409098820199,0.9942583878165383,14.12676919590126,0.8717780486293067,0.9805728640757475,0.00035858154296875,1,5978.8398789042085,4939.309263449698,31.555076923278058,3014.9351349971776,3451.884813527011
coco_000000007088,images/coco_000000007088.png,svd_yolo,0.001,0.00040733562539003575,0.3414840282111508,59.12576716420459,0.9998482517863558,4.005919836164489,0.48764680032211455,0.43876028533129635,0.4366722106933594,0,76.49121805954405,250.08198655640913,69.41518384021838,38.57204165312367,44.16222533732008
coco_000000007088,images/coco_000000007088.png,svd_yolo,0.005,0.0020366781269501788,0.3414840282111508,58.94820451471461,0.9998450692814574,2.4724187968618203,0.27012590639800615,0.4075882055310836,0.6877861022949219,0,382.45609029772027,255.24693925686944,55.435783753498,192.86020826561833,220.8111266866004
coco_000000007088,images/coco_000000007088.png,svd_yolo,0.01,0.0040733562539003575,0.3414840282111508,51.97409077594667,0.9997117405308366,8.652065430703281,0.7547374452142462,0.9326961992816696,0.20044708251953125,1,764.9121805954405,569.7262500534796,49.415183840218376,385.72041653123665,441.6222533732008
coco_000000007088,images/coco_000000007088.png,svd_yolo,0.02,0.008146712507800715,0.3414840282111508,45.504499256744715,0.9994091118270583,12.928777171834728,0.8734720402362557,0.9864187025827528,0.00116729736328125,1,1529.824361190881,1199.9020793381433,43.39458392693875,771.4408330624733,883.2445067464016
coco_000000007088,images/coco_000000007088.png,svd_yolo,0.05,0.02036678126950179,0.3414840282111508,36.89730404802122,0.9975547788235503,15.13588558800231,0.9231690599795269,0.9805812100674134,0.0002288818359375,1,3824.5609029772027,3232.2546310586363,35.435783753498,1928.6020826561835,2208.1112668660044
coco_000000007088,images/coco_000000007088.png,svd_yolo,0.1,0.04073356253900358,0.3414840282111508,31.33810279347578,0.9909062025855923,13.11719162996364,0.8263239443375553,0.9840006796755623,0.000576019287109375,1,7649.121805954405,6130.072756501345,29.415183840218376,3857.204165312367,4416.222533732009
coco_000000007108,images/coco_000000007108.png,svd_only,0.001,0.001,1.0,58.5863467685261,0.9994515415278932,3.0310417871099213,0.34926426436977387,0.3838090028317852,0.606109619140625,0,187.78425772678605,266.10524233844023,61.61423173914949,94.69351377304604,108.41729174813389
coco_000000007108,images/coco_000000007108.png,svd_only,0.005,0.005,1.0,50.00360584135269,0.9991487542345787,10.149138495190002,0.8011169380567252,0.9564424582637365,0.06801223754882812,1,938.9212886339302,714.8097649025228,47.63483165242911,473.46756886523013,542.0864587406695
coco_000000007108,images/coco_000000007108.png,svd_only,0.01,0.01,1.0,43.206255872658005,0.998547829120766,15.327831431176225,0.9081897139345373,0.9930737803794663,3.814697265625e-06,1,1877.8425772678604,1563.3563253462085,41.61423173914949,946.9351377304603,1084.172917481339
coco_000000007108,images/coco_000000007108.png,svd_only,0.02,0.02,1.0,36.66006353782179,0.9963087152179226,18.741960534824468,0.9479423765890332,0.996539278576996,0.0,1,3755.685154535721,3321.754957849841,35.59363182586987,1893.8702754609205,2168.345834962678
coco_000000007108,images/coco_000000007108.png,svd_only,0.05,0.05,1.0,29.01311774373579,0.9840648346022774,14.555551895059523,0.8721871005946297,0.9627105704333767,0.0,1,9389.212886339303,8011.519269152387,27.634831652429117,4734.675688652302,5420.864587406695
coco_000000007108,images/coco_000000007108.png,svd_only,0.1,0.1,1.0,23.60926815672204,0.9522502468100705,11.591056150641815,0.7807129464438088,0.9288783202580762,3.814697265625e-06,1,18778.425772678605,14924.760165577201,21.614231739149496,9469.351377304603,10841.72917481339
coco_000000007108,images/coco_000000007108.png,svd_texture,0.001,0.00026628845721121425,0.18476495245690472,58.5863467685261,0.9994515415278932,4.281830909558074,0.5221345321331504,0.45751969897232775,0.41512298583984375,0,50.004780278618895,266.10524233844023,73.10718490891534,25.215789690533295,28.870273354628686
coco_000000007108,images/coco_000000007108.png,svd_texture,0.005,0.0013314422860560714,0.18476495245690472,58.58242338069761,0.999451361973203,2.7412307643460276,0.30843210023218703,0.3791461620968343,0.65869140625,0,250.0239013930945,266.22546835342405,59.12778482219497,126.07894845266648,144.35136677314344
coco_000000007108,images/coco_000000007108.png,svd_texture,0.01,0.0026628845721121427,0.18476495245690472,55.63952570713353,0.9993413984751168,4.990346766218928,0.5297391816935707,0.707229812800421,0.6232109069824219,0,500.047802786189,373.5893467431854,53.10718490891534,252.15789690533296,288.7027335462869
coco_000000007108,images/coco_000000007108.png,svd_texture,0.02,0.0053257691442242855,0.18476495245690472,49.376731686499625,0.9991428440849367,10.72393510541821,0.8154872810401469,0.9639867125070322,0.04804229736328125,1,1000.095605572378,768.3059286508208,47.08658499563572,504.3157938106659,577.4054670925738
coco_000000007108,images/coco_000000007108.png,svd_texture,0.05,0.013314422860560712,0.18476495245690472,40.4380806210927,0.9979891892539459,17.195686651039257,0.9316722853509951,0.9963454733905053,3.814697265625e-06,1,2500.2390139309446,2150.139995442157,39.12778482219497,1260.7894845266646,1443.5136677314342
coco_000000007108,images/coco_000000007108.png,svd_texture,0.1,0.026628845721121425,0.18476495245690472,34.19160365804232,0.994225134985108,17.955391338266104,0.9393228862510811,0.991048876097439,0.0,1,5000.478027861889,4413.575761216748,33.10718490891534,2521.5789690533293,2887.0273354628685
coco_000000007108,images/coco_000000007108.png,svd_yolo,0.001,0.00082602854178271,0.8066983797585667,58.5863467685261,0.9994515415278932,3.242220650806159,0.37792492130837246,0.3903538827340215,0.5564231872558594,0,155.11515657980567,266.10524233844023,63.27433066381738,78.21954509823017,89.55577740674168
coco_000000007108,images/coco_000000007108.png,svd_yolo,0.005,0.00413014270891355,0.8066983797585667,52.34765805124751,0.9992555358199823,7.858150969022746,0.7246635935600655,0.9254537201333203,0.2920951843261719,1,775.5757828990284,545.742613326099,49.294930577097006,391.09772549115087,447.77888703370843
coco_000000007108,images/coco_000000007108.png,svd_yolo,0.01,0.0082602854178271,0.8066983797585667,45.11413830000787,0.9987997336731196,13.876191334291672,0.8859893721269522,0.9889828007136973,8.0108642578125e-05,1,1551.1515657980567,1255.0581659827565,43.27433066381738,782.1954509823017,895.5577740674169
coco_000000007108,images/coco_000000007108.png,svd_yolo,0.02,0.0165205708356542,0.8066983797585667,38.390267285703814,0.9972621144826707,18.363409708725573,0.9443845604009912,0.9972133980350921,0.0,1,3102.3031315961134,2721.807487681669,37.253730750537756,1564.3909019646035,1791.1155481348337
coco_000000007108,images/coco_000000007108.png,svd_yolo,0.05,0.041301427089135506,0.8066983797585667,30.54758063689155,0.9883016655866218,15.5906917211151,0.9077784771746543,0.9727934829439836,0.0,1,7755.757828990285,6714.16078151246,29.294930577097006,3910.977254911509,4477.7888703370845
coco_000000007108,images/coco_000000007108.png,svd_yolo,0.1,0.08260285417827101,0.8066983797585667,25.0848676219583,0.964495084856308,12.27851641637817,0.8012492211329362,0.936616176416138,3.814697265625e-06,1,15511.51565798057,12592.947351593271,23.274330663817384,7821.954509823018,8955.577740674169
coco_000000007281,images/coco_000000007281.png,svd_only,0.001,0.001,1.0,59.375584105998335,0.9999507971376961,4.012957153789119,0.45646696584534424,0.5145960564324973,0.5125999450683594,0,187.78425772678605,242.99176940793694,61.61423173914949,94.69351377304604,108.41729174813389
coco_000000007281,images/coco_000000007281.png,svd_only,0.005,0.005,1.0,49.72672672638755,0.9994541331480428,11.025587440380122,0.8214879261868845,0.9571849346635724,0.0380859375,1,938.9212886339302,737.962736186591,47.63483165242911,473.46756886523013,542.0864587406695
coco_000000007281,images/coco_000000007281.png,svd_only,0.01,0.01,1.0,43.137788107830055,0.9990192133729119,15.99248450446941,0.919411478019236,0.9931569493536943,0.0,1,1877.8425772678604,1575.7284029933585,41.61423173914949,946.9351377304603,1084.172917481339
coco_000000007281,images/coco_000000007281.png,svd_only,0.02,0.02,1.0,36.45746136352767,0.9973952773340115,21.199316828046946,0.9657407026583168,0.9985388966978663,0.0,1,3755.685154535721,3400.147055643329,35.59363182586987,1893.8702754609205,2168.345834962678
coco_000000007281,images/coco_000000007281.png,svd_only,0.05,0.05,1.0,27.996297426962688,0.9869364715585576,28.522786388315986,0.9904731942815834,0.9998231501558648,0.0,1,9389.212886339303,9006.496766223812,27.634831652429117,4734.675688652302,5420.864587406695
coco_000000007281,images/coco_000000007281.png,svd_only,0.1,0.1,1.0,21.847782207868907,0.9555950886615006,31.559244216599804,0.9555292867559814,0.9998565495208266,0.0,1,18778.425772678605,18280.230113431287,21.614231739149496,9469.351377304603,10841.72917481339
coco_000000007281,images/coco_000000007281.png,svd_texture,0.001,0.00024455245738877555,0.16061384154308392,59.375584105998335,0.9999507971376961,6.1565337942708975,0.6753867698323344,0.6049463042037246,0.26601409912109375,0,45.92310168601269,242.99176940793694,73.84679111528189,23.15753149197627,26.51371512044196
coco_000000007281,images/coco_000000007281.png,svd_texture,0.005,0.0012227622869438778,0.16061384154308392,59.375584105998335,0.9999507971376961,3.6229738697774128,0.4128025707073948,0.5134426282251688,0.5929222106933594,0,229.61550843006347,242.99176940793694,59.86739102856152,115.78765745988134,132.56857560220982
coco_000000007281,images/coco_000000007281.png,svd_texture,0.01,0.0024455245738877556,0.16061384154308392,58.79412029501428,0.9999392744156431,2.949639671905495,0.3308457429790243,0.5319078920997813,0.6884613037109375,0,459.23101686012694,259.81531902487967,53.846791115281896,231.5753149197627,265.13715120441964
coco_000000007281,images/coco_000000007281.png,svd_texture,0.02,0.004891049147775511,0.16061384154308392,49.97047324096002,0.9994109971454695,10.553607418774805,0.8061716170490131,0.9486169189507611,0.05805206298828125,1,918.4620337202539,717.5416364225842,47.82619120200227,463.1506298395254,530.2743024088393
coco_000000007281,images/coco_000000007281.png,svd_texture,0.05,0.012227622869438778,0.16061384154308392,41.385718776979594,0.9987927663218286,16.381756209166106,0.9253213373727546,0.9942083996933805,0.0,1,2296.155084300635,1927.9014497634469,39.86739102856152,1157.8765745988135,1325.685756022098
coco_000000007281,images/coco_000000007281.png,svd_texture,0.1,0.024455245738877557,0.16061384154308392,34.56328725709666,0.9963195119856172,22.793446234847522,0.9734141163871465,0.9990290436233608,0.0,1,4592.31016860127,4228.69542530554,33.846791115281896,2315.753149197627,2651.371512044196
coco_000000007281,images/coco_000000007281.png,svd_yolo,0.001,0.00039563474906369867,0.32848305451522075,59.375584105998335,0.9999507971376961,5.662405739925745,0.6248244415506073,0.5742642922649331,0.2998847961425781,0,74.29397768384992,242.99176940793694,69.66834315527498,37.46404455955896,42.89364801493876
coco_000000007281,images/coco_000000007281.png,svd_yolo,0.005,0.0019781737453184933,0.32848305451522075,59.240529380378135,0.9999490182758497,2.9843332560539766,0.3336036773769708,0.5199550677871054,0.6854934692382812,0,371.46988841924957,246.79951377585814,55.68894306855461,187.3202227977948,214.4682400746938
coco_000000007281,images/coco_000000007281.png,svd_yolo,0.01,0.003956347490636987,0.32848305451522075,53.719657043389944,0.9995653481782049,5.340034616821362,0.5719620464118494,0.7722606441949913,0.5019798278808594,0,742.9397768384991,466.0021459178058,49.66834315527498,374.6404455955896,428.9364801493876
coco_000000007281,images/coco_000000007281.png,svd_yolo,0.02,0.007912694981273973,0.32848305451522075,46.10977326152444,0.9993289644950393,12.137529673083252,0.8581276601670965,0.9790724109712149,0.034008026123046875,1,1485.8795536769983,1119.1340402293195,43.647743241995364,749.2808911911792,857.8729602987752
coco_000000007281,images/coco_000000007281.png,svd_yolo,0.05,0.019781737453184935,0.32848305451522075,36.55767145029366,0.9974302764425462,21.144172729071226,0.9651594689120976,0.9985112478292472,0.0,1,3714.698884192496,3361.1445967110667,35.68894306855461,1873.202227977948,2144.682400746938
coco_000000007281,images/coco_000000007281.png,svd_yolo,0.1,0.03956347490636987,0.32848305451522075,30.11924988095047,0.9914449024498181,26.697282051940995,0.9865633892071631,0.999679415860583,0.0,1,7429.397768384992,7053.558534527094,29.668343155274982,3746.404455955896,4289.364801493876
coco_000000007386,images/coco_000000007386.png,svd_only,0.001,0.001,1.0,66.89666808361336,0.9998198011335399,1.8780363027538052,0.18596413954425875,0.2698933907216696,0.6893424987792969,0,187.78425772678605,102.22035022440492,61.61423173914949,94.69351377304604,108.41729174813389
coco_000000007386,images/coco_000000007386.png,svd_only,0.005,0.005,1.0,50.91162522805867,0.9996965386889233,9.29250578016544,0.7981439452984166,0.9686642796248323,0.0630035400390625,1,938.9212886339302,643.8571270087798,47.63483165242911,473.46756886523013,542.0864587406695
coco_000000007386,images/coco_000000007386.png,svd_only,0.01,0.01,1.0,43.47201621741878,0.9993901606943404,14.36975621656293,0.9084686278309402,0.9948035290769283,0.000213623046875,1,1877.8425772678604,1516.2470115386873,41.61423173914949,946.9351377304603,1084.172917481339
coco_000000007386,images/coco_000000007386.png,svd_only,0.02,0.02,1.0,36.69987929015637,0.9973314081281375,18.39716281175174,0.9445329751257466,0.9988080324949962,0.00012969970703125,1,3755.685154535721,3306.563019208919,35.59363182586987,1893.8702754609205,2168.345834962678
coco_000000007386,images/coco_000000007386.png,svd_only,0.05,0.05,1.0,28.42137727883785,0.9823973770950403,19.542592212404106,0.7936979641846964,0.9959718599745263,0.000110626220703125,1,9389.212886339303,8576.338321218444,27.634831652429117,4734.675688652302,5420.864587406695
coco_000000007386,images/coco_000000007386.png,svd_only,0.1,0.1,1.0,22.482379215126095,0.942149694128889,17.487799682995472,0.7394047052072722,0.9894178244036542,0.000125885009765625,1,18778.425772678605,16992.285955691776,21.614231739149496,9469.351377304603,10841.72917481339
coco_000000007386,images/coco_000000007386.png,svd_texture,0.001,0.00031510492777756877,0.23900547530840974,66.89666808361336,0.9998198011335399,2.3657913593604647,0.2444074065751993,0.27711066446999116,0.6468658447265625,0,59.17174496876328,102.22035022440492,71.64512784006989,29.83839281845988,34.16282288613533
coco_000000007386,images/coco_000000007386.png,svd_texture,0.005,0.001575524638887844,0.23900547530840974,66.87386824457812,0.9998197579780292,1.7858184213430355,0.17889353884396095,0.2678676269134142,0.6894760131835938,0,295.8587248438164,102.48902380255166,57.66572775334951,149.1919640922994,170.81411443067668
coco_000000007386,images/coco_000000007386.png,svd_texture,0.01,0.003151049277775688,0.23900547530840974,56.597213190026714,0.9997851559533762,5.346065520343956,0.5736132510614196,0.8698529130577874,0.6283988952636719,0,591.7174496876328,334.5878061137315,51.64512784006988,298.3839281845988,341.62822886135336
coco_000000007386,images/coco_000000007386.png,svd_texture,0.02,0.006302098555551376,0.23900547530840974,48.34427323745765,0.9996646863017565,11.054288631518503,0.8500266174364798,0.9825326211085346,0.025104522705078125,1,1183.4348993752656,865.2808792525119,45.62452792679026,596.7678563691976,683.2564577227067
coco_000000007386,images/coco_000000007386.png,svd_texture,0.05,0.01575524638887844,0.23900547530840974,38.96832628625732,0.9984528792816857,17.19776432854616,0.9399204858052551,0.9982421154241686,0.000148773193359375,1,2958.5872484381644,2546.5631741623847,37.66572775334951,1491.9196409229942,1708.1411443067668
coco_000000007386,images/coco_000000007386.png,svd_texture,0.1,0.03151049277775688,0.23900547530840974,32.521212280739896,0.9928953205825874,19.718498498288238,0.8686429404649715,0.998297179595357,0.000125885009765625,1,5917.174496876329,5349.4625898308705,31.64512784006988,2983.8392818459884,3416.2822886135336
coco_000000007386,images/coco_000000007386.png,svd_yolo,0.001,0.00023896613594340566,0.15440681771489517,66.89666808361336,0.9998198011335399,2.537049349184128,0.2683823897024964,0.2823222502491388,0.6060142517089844,0,44.87407845997068,102.22035022440492,74.04750451641539,22.628543085248474,25.908061278500437
coco_000000007386,images/coco_000000007386.png,svd_yolo,0.005,0.0011948306797170283,0.15440681771489517,66.89666808361336,0.9998198011335399,1.835685743713769,0.18261447175074164,0.26857299238997107,0.6894111633300781,0,224.3703922998534,102.22035022440492,60.068104429695,113.14271542624238,129.5403063925022
coco_000000007386,images/coco_000000007386.png,svd_yolo,0.01,0.0023896613594340567,0.15440681771489517,61.149461380236254,0.9998042979208474,3.134042084084096,0.3414496753915894,0.6960838032736855,0.6894645690917969,0,448.7407845997068,198.10603221507415,54.04750451641539,226.28543085248475,259.0806127850044
coco_000000007386,images/coco_000000007386.png,svd_yolo,0.02,0.004779322718868113,0.15440681771489517,51.41349294149954,0.9996928566460187,8.938331683135834,0.7853818616997857,0.9639007452782751,0.09195709228515625,1,897.4815691994136,607.7096346117938,48.02690460313576,452.5708617049695,518.1612255700088
coco_000000007386,images/coco_000000007386.png,svd_yolo,0.05,0.011948306797170283,0.15440681771489517,41.68601466450215,0.999147753454399,15.500435438481414,0.9230250948765265,0.9966658579964651,0.000179290771484375,1,2243.703922998534,1862.387446263532,40.068104429695,1131.4271542624238,1295.4030639250218
coco_000000007386,images/coco_000000007386.png,svd_yolo,0.1,0.023896613594340567,0.15440681771489517,35.04357909600373,0.9960309048671573,19.07672639792784,0.9290298634599873,0.9988190910863974,0.000133514404296875,1,4487.407845997068,4001.2143156796787,34.04750451641538,2262.8543085248475,2590.8061278500436
coco_000000007574,images/coco_000000007574.png,svd_only,0.001,0.001,1.0,60.10519162858067,0.9998082333147426,2.8372445399084727,0.3230137371475958,0.35177667623603687,0.6093521118164062,0,187.78425772678605,223.4144131429304,61.61423173914949,94.69351377304604,108.41729174813389
coco_000000007574,images/coco_000000007574.png,svd_only,0.005,0.005,1.0,50.71807540022057,0.9994828903742605,8.920307662336032,0.7718917027201756,0.9521300638588271,0.15094375610351562,1,938.9212886339302,658.3654000629134,47.63483165242911,473.46756886523013,542.0864587406695
coco_000000007574,images/coco_000000007574.png,svd_only,0.01,0.01,1.0,43.57727587696167,0.9988575160393066,13.8168588438111,0.9078414637582232,0.9939408118699814,6.866455078125e-05,1,1877.8425772678604,1497.983310988477,41.61423173914949,946.9351377304603,1084.172917481339
coco_000000007574,images/coco_000000007574.png,svd_only,0.02,0.02,1.0,36.85427540061732,0.9968478172246034,16.963830413520924,0.864795889505313,0.9957689142784318,7.62939453125e-06,1,3755.685154535721,3248.3064818455787,35.59363182586987,1893.8702754609205,2168.345834962678
coco_000000007574,images/coco_000000007574.png,svd_only,0.05,0.05,1.0,28.60896690680614,0.9853386315276099,17.218989223480946,0.7476862500913249,0.9889184232328916,7.62939453125e-06,1,9389.212886339303,8393.10049981531,27.634831652429117,4734.675688652302,5420.864587406695
coco_000000007574,images/coco_000000007574.png,svd_only,0.1,0.1,1.0,22.703625157681493,0.952589002765519,15.780155592046288,0.709636521123798,0.982757042244119,1.1444091796875e-05,1,18778.425772678605,16564.9264109443,21.614231739149496,9469.351377304603,10841.72917481339
coco_000000007574,images/coco_000000007574.png,svd_texture,0.001,0.0002512011313959592,0.16800125710662134,60.10519162858067,0.9998082333147426,3.931845538501577,0.4893842933548241,0.41624443633720737,0.4271697998046875,0,47.171617999319054,223.4144131429304,73.61379991699319,23.787117795648008,27.234546350017027
coco_000000007574,images/coco_000000007574.png,svd_texture,0.005,0.0012560056569797962,0.16800125710662134,60.10519162858067,0.9998082333147426,2.6332875637228357,0.29355748979255974,0.3490289180103537,0.6454696655273438,0,235.85808999659528,223.4144131429304,59.63439983027281,118.93558897824006,136.17273175008515
coco_000000007574,images/coco_000000007574.png,svd_texture,0.01,0.0025120113139595925,0.16800125710662134,57.98837997845594,0.9997505051100871,3.353567340716891,0.38044466089964396,0.568818161018815,0.6696586608886719,0,471.71617999319056,285.07016680108774,53.61379991699319,237.87117795648012,272.3454635001703
coco_000000007574,images/coco_000000007574.png,svd_texture,0.02,0.005024022627919185,0.16800125710662134,50.66841274023023,0.9994795763256547,8.959927659908786,0.773263484017647,0.9529934415352511,0.15076065063476562,1,943.4323599863811,662.1404684808201,47.59320000371356,475.74235591296025,544.6909270003406
coco_000000007574,images/coco_000000007574.png,svd_texture,0.05,0.012560056569797962,0.16800125710662134,41.267042103389066,0.9985030513849037,15.316286625138886,0.9152974558624054,0.9964102683217093,1.9073486328125e-05,1,2358.580899965953,1954.4234443947914,39.63439983027281,1189.3558897824005,1361.7273175008515
coco_000000007574,images/coco_000000007574.png,svd_texture,0.1,0.025120113139595925,0.16800125710662134,34.75130865636514,0.9954404421767306,17.38025810428246,0.8221138989534399,0.9944537127777218,7.62939453125e-06,1,4717.161799931906,4138.1414910561,33.61379991699319,2378.711779564801,2723.454635001703
coco_000000007574,images/coco_000000007574.png,svd_yolo,0.001,0.00039528722840500696,0.3280969204500077,60.10519162858067,0.9998082333147426,3.6582355317889856,0.44260012216222905,0.39572533342020644,0.4637718200683594,0,74.22871877491276,223.4144131429304,69.67597608587644,37.43113660727872,42.85597076629688
coco_000000007574,images/coco_000000007574.png,svd_yolo,0.005,0.0019764361420250348,0.3280969204500077,59.79479528620918,0.9997992776008008,2.4786740122117417,0.26965207245780803,0.3789070044104098,0.6789894104003906,0,371.14359387456386,231.54265265820897,55.696575999156074,187.15568303639358,214.2798538314844
coco_000000007574,images/coco_000000007574.png,svd_yolo,0.01,0.0039528722840500696,0.3280969204500077,53.06641863132272,0.9995998863920904,7.138593382448858,0.6906022974911542,0.9032374281706195,0.3663291931152344,1,742.2871877491277,502.4002388534464,49.67597608587645,374.31136607278717,428.5597076629688
coco_000000007574,images/coco_000000007574.png,svd_yolo,0.02,0.007905744568100139,0.3280969204500077,45.93910126419493,0.9991933212395606,12.406782879867395,0.8809026258063222,0.9892980174168704,0.000308990478515625,1,1484.5743754982554,1141.3417542524237,43.655376172596824,748.6227321455743,857.1194153259376
coco_000000007574,images/coco_000000007574.png,svd_yolo,0.05,0.01976436142025035,0.3280969204500077,36.9648872653636,0.9969114346075226,16.92488193354113,0.8668183295665939,0.9958156750000652,7.62939453125e-06,1,3711.435938745639,3207.202675229615,35.696575999156074,1871.556830363936,2142.7985383148443
coco_000000007574,images/coco_000000007574.png,svd_yolo,0.1,0.0395287228405007,0.3280969204500077,30.670127751046394,0.9902127839268952,17.47496573967061,0.7657048328920469,0.9908721581576316,7.62939453125e-06,1,7422.871877491278,6620.097431307186,29.67597608587645,3743.113660727872,4285.597076629689
coco_000000007888,images/coco_000000007888.png,svd_only,0.001,0.001,1.0,59.68860787413453,0.9998988306427528,3.797588520338166,0.44185967903187345,0.47964509568767266,0.5222625732421875,0,187.78425772678605,234.3906994741899,61.61423173914949,94.69351377304604,108.41729174813389
coco_000000007888,images/coco_000000007888.png,svd_only,0.005,0.005,1.0,49.78595023937284,0.99929718582279,10.354603201287185,0.7966347231628322,0.9478819646864624,0.05799102783203125,1,938.9212886339302,732.9481564203569,47.63483165242911,473.46756886523013,542.0864587406695
coco_000000007888,images/coco_000000007888.png,svd_only,0.01,0.01,1.0,43.234066487252974,0.9988879621084955,15.498703846897259,0.9068601983284236,0.9925572703816006,0.0,1,1877.8425772678604,1558.3587520208562,41.61423173914949,946.9351377304603,1084.172917481339
coco_000000007888,images/coco_000000007888.png,svd_only,0.02,0.02,1.0,36.492554059422886,0.9971152037843763,20.838570929145952,0.9599054534342765,0.998568354051823,0.0,1,3755.685154535721,3386.4375086512373,35.59363182586987,1893.8702754609205,2168.345834962678
coco_000000007888,images/coco_000000007888.png,svd_only,0.05,0.05,1.0,28.02901560986558,0.9864573591127178,27.404650119705206,0.9683324937143128,0.9995690132928232,0.0,1,9389.212886339303,8972.63473011133,27.634831652429117,4734.675688652302,5420.864587406695
coco_000000007888,images/coco_000000007888.png,svd_only,0.1,0.1,1.0,22.238272560801576,0.9600245469120695,22.700222225199997,0.8378646072940121,0.9982384104785204,0.0,1,18778.425772678605,17476.60782303019,21.614231739149496,9469.351377304603,10841.72917481339
coco_000000007888,images/coco_000000007888.png,svd_texture,0.001,0.0001907574301165396,0.10084158901837736,59.692166595607894,0.9998988366711443,5.798575492990437,0.669925075597098,0.5795937814615173,0.2833061218261719,0,35.821242420303655,234.2946862393597,76.00460247940083,18.06349133605141,20.68140395406914
coco_000000007888,images/coco_000000007888.png,svd_texture,0.005,0.0009537871505826981,0.10084158901837736,59.69145461798631,0.9998988355341224,3.876711798527558,0.4507392022516144,0.48026833449312584,0.5061721801757812,0,179.10621210151828,234.31389203374178,62.02520239268046,90.31745668025705,103.4070197703457
coco_000000007888,images/coco_000000007888.png,svd_texture,0.01,0.0019075743011653962,0.10084158901837736,59.46873813241841,0.9998880985840749,2.991854800624474,0.3410419136670167,0.49242724252593983,0.6767311096191406,0,358.21242420303656,240.39966722106752,56.00460247940084,180.6349133605141,206.8140395406914
coco_000000007888,images/coco_000000007888.png,svd_texture,0.02,0.0038151486023307924,0.10084158901837736,55.24305649230864,0.9996373264704405,4.025119434924999,0.4604027045682271,0.6420760682594316,0.6319465637207031,0,716.4248484060731,391.0370826405087,49.98400256612121,361.2698267210282,413.6280790813828
coco_000000007888,images/coco_000000007888.png,svd_texture,0.05,0.00953787150582698,0.10084158901837736,43.77705586023194,0.9988909827664093,14.785083196662935,0.8944464032452332,0.990524327673803,1.52587890625e-05,1,1791.0621210151826,1463.9221290765436,42.02520239268046,903.1745668025704,1034.0701977034569
coco_000000007888,images/coco_000000007888.png,svd_texture,0.1,0.01907574301165396,0.10084158901837736,36.939347695764695,0.9972889724461836,20.513439423668668,0.9601804306493696,0.9985020645658922,0.0,1,3582.124242030365,3216.6468565883947,36.00460247940084,1806.3491336051409,2068.1403954069137
coco_000000007888,images/coco_000000007888.png,svd_yolo,0.001,0.0002964158502821849,0.21823983364687202,59.692166595607894,0.9998988366711443,5.470262702222332,0.6403762950374124,0.5572178511733863,0.3156471252441406,0,55.66223042369423,234.2946862393597,72.17620327891191,28.068658401245223,32.13660371881482
coco_000000007888,images/coco_000000007888.png,svd_yolo,0.005,0.0014820792514109243,0.21823983364687202,59.66236357863397,0.9998977121273774,3.185127893863608,0.36572914225525127,0.4797883650064035,0.6441688537597656,0,278.3111521184711,235.0999787324533,58.19680319219154,140.3432920062261,160.68301859407407
coco_000000007888,images/coco_000000007888.png,svd_yolo,0.01,0.0029641585028218486,0.21823983364687202,57.79634393870663,0.9998178231949182,3.2002648900099095,0.367499726868038,0.5352413994672932,0.6682968139648438,0,556.6223042369422,291.4429618295834,52.17620327891191,280.6865840124522,321.36603718814814
coco_000000007888,images/coco_000000007888.png,svd_yolo,0.02,0.005928317005643697,0.21823983364687202,48.15747540915132,0.9994540317547255,13.108653239420375,0.8749659462052511,0.9862033906046489,0.000980377197265625,1,1113.2446084738845,884.0910586585525,46.15560336563229,561.3731680249044,642.7320743762963
coco_000000007888,images/coco_000000007888.png,svd_yolo,0.05,0.014820792514109244,0.21823983364687202,39.3876304124979,0.9981981360306639,18.435695966865854,0.9457085974496918,0.9973254350410775,0.0,1,2783.111521184712,2426.5500200902516,38.19680319219154,1403.4329200622612,1606.8301859407406
coco_000000007888,images/coco_000000007888.png,svd_yolo,0.1,0.029641585028218488,0.21823983364687202,32.797347524146296,0.9944636378881433,23.90109567802761,0.9720124054391706,0.9993120288494408,0.0,1,5566.223042369424,5182.071400511575,32.17620327891191,2806.8658401245225,3213.6603718814813
coco_000000007977,images/coco_000000007977.png,svd_only,0.001,0.001,1.0,57.95643271379806,0.9999286027701815,3.5854451746447795,0.4275547143763696,0.434019023304577,0.5231971740722656,0,187.78425772678605,286.1206039417644,61.61423173914949,94.69351377304604,108.41729174813389
coco_000000007977,images/coco_000000007977.png,svd_only,0.005,0.005,1.0,49.676664001633746,0.9996144906008743,11.031414834520213,0.8262894116862031,0.9638246493499169,0.037952423095703125,1,938.9212886339302,742.2284015045503,47.63483165242911,473.46756886523013,542.0864587406695
coco_000000007977,images/coco_000000007977.png,svd_only,0.01,0.01,1.0,43.272611169710586,0.9993203938860535,15.349530289668248,0.9177394654692693,0.9932030948496579,0.0,1,1877.8425772678604,1551.458668479441,41.61423173914949,946.9351377304603,1084.172917481339
coco_000000007977,images/coco_000000007977.png,svd_only,0.02,0.02,1.0,36.467844466883406,0.9980105074491193,20.989557138614124,0.9624804145249338,0.9986606369661285,0.0,1,3755.685154535721,3396.084951823202,35.59363182586987,1893.8702754609205,2168.345834962678
coco_000000007977,images/coco_000000007977.png,svd_only,0.05,0.05,1.0,28.06212891349622,0.9904033664730013,26.629682919291238,0.9594361565426589,0.9996528901150844,3.814697265625e-06,1,9389.212886339303,8938.493385353037,27.634831652429117,4734.675688652302,5420.864587406695
coco_000000007977,images/coco_000000007977.png,svd_only,0.1,0.1,1.0,22.124869104588196,0.9693116551618836,22.95162125884033,0.7963572840759747,0.997067101426077,0.0,1,18778.425772678605,17706.279422848835,21.614231739149496,9469.351377304603,10841.72917481339
coco_000000007977,images/coco_000000007977.png,svd_texture,0.001,0.00026257206360061537,0.18063562622290594,57.95643271379806,0.9999286027701815,4.835259833151527,0.6127529694389832,0.505609272663206,0.3397331237792969,0,49.30690006303201,286.1206039417644,73.22926139162792,24.86387132098199,28.467352024297483
coco_000000007977,images/coco_000000007977.png,svd_texture,0.005,0.0013128603180030769,0.18063562622290594,57.94377221642566,0.9999282879438711,3.239133445231517,0.3816762879425634,0.4314365473748123,0.5905647277832031,0,246.53450031516007,286.5379556009989,59.24986130490754,124.31935660490994,142.33676012148743
coco_000000007977,images/coco_000000007977.png,svd_texture,0.01,0.0026257206360061538,0.18063562622290594,56.874612529664745,0.9998580250702281,3.30445864934346,0.3805399136347276,0.5233744375528867,0.6569023132324219,0,493.06900063032015,324.0709798794085,53.229261391627915,248.63871320981988,284.67352024297486
coco_000000007977,images/coco_000000007977.png,svd_texture,0.02,0.0052514412720123076,0.18063562622290594,49.243218260862534,0.9996270468131673,11.663953351225679,0.8433338867722817,0.9728928734736785,0.037525177001953125,1,986.1380012606403,780.2070238084249,47.20866147834829,497.27742641963977,569.3470404859497
coco_000000007977,images/coco_000000007977.png,svd_texture,0.05,0.013128603180030769,0.18063562622290594,40.52112440343446,0.9990030811485607,17.728130889454896,0.9394998322463081,0.9965211480609265,0.0,1,2465.345003151601,2129.680962022246,39.24986130490754,1243.1935660490994,1423.3676012148744
coco_000000007977,images/coco_000000007977.png,svd_texture,0.1,0.026257206360061538,0.18063562622290594,33.90389117149556,0.9969146559394257,23.172265632239576,0.9722168177520594,0.999303375119465,0.0,1,4930.690006303202,4562.219854412981,33.229261391627915,2486.387132098199,2846.735202429749
coco_000000007977,images/coco_000000007977.png,svd_yolo,0.001,0.00041315959772726365,0.3479551085858485,57.95643271379806,0.9999286027701815,4.5575894182839125,0.5679701757376221,0.48428069138937874,0.3841438293457031,0,77.58486838191172,286.1206039417644,69.29187482111362,39.123534057852794,44.79364464533838
coco_000000007977,images/coco_000000007977.png,svd_yolo,0.005,0.002065797988636318,0.3479551085858485,57.70657325818125,0.9999171061743874,2.9408355830950943,0.33837936432956806,0.4496905965110331,0.664764404296875,0,387.92434190955856,294.4707116166224,55.312474734393255,195.61767028926397,223.9682232266919
coco_000000007977,images/coco_000000007977.png,svd_yolo,0.01,0.004131595977272636,0.3479551085858485,52.02932474840547,0.9995222281030623,7.1835750968246606,0.6871822113044225,0.8655437119656211,0.3348121643066406,0,775.8486838191171,566.1148293411859,49.29187482111363,391.23534057852794,447.9364464533838
coco_000000007977,images/coco_000000007977.png,svd_yolo,0.02,0.008263191954545272,0.3479551085858485,45.23715289746463,0.9993401173189692,13.593332734956228,0.8816438165718569,0.9867049384599611,0.00025177001953125,1,1551.6973676382343,1237.4085824819545,43.271274907834005,782.4706811570559,895.8728929067676
coco_000000007977,images/coco_000000007977.png,svd_yolo,0.05,0.020657979886363184,0.3479551085858485,36.154485136616884,0.9979127315557982,21.297188647714744,0.9639499153239756,0.9987726500582542,0.0,1,3879.2434190955864,3520.841802751155,35.312474734393255,1956.17670289264,2239.682232266919
coco_000000007977,images/coco_000000007977.png,svd_yolo,0.1,0.04131595977272637,0.3479551085858485,29.767494364753254,0.9931907352628636,25.947032387937515,0.9760293720749315,0.9996876635857704,3.814697265625e-06,1,7758.486838191173,7345.071885284718,29.29187482111363,3912.35340578528,4479.364464533838
coco_000000008021,images/coco_000000008021.png,svd_only,0.001,0.001,1.0,58.69376635158139,0.9986087295348929,2.896090287857386,0.31645325671444907,0.34983310279741064,0.6153297424316406,0,187.78425772678605,262.8345487183905,61.61423173914949,94.69351377304604,108.41729174813389
coco_000000008021,images/coco_000000008021.png,svd_only,0.005,0.005,1.0,50.17883884157517,0.9984146856814364,10.616611223130265,0.8277393703186178,0.9771207666868637,0.036289215087890625,1,938.9212886339302,700.5333682273814,47.63483165242911,473.46756886523013,542.0864587406695
coco_000000008021,images/coco_000000008021.png,svd_only,0.01,0.01,1.0,43.31136447513167,0.9976487916999264,14.839543797941545,0.9116871526284114,0.9935629773415494,0.000209808349609375,1,1877.8425772678604,1544.5520386183173,41.61423173914949,946.9351377304603,1084.172917481339
coco_000000008021,images/coco_000000008021.png,svd_only,0.02,0.02,1.0,36.735801841930844,0.9944475698021528,17.110611588490933,0.8553368884431354,0.9871207922498165,8.7738037109375e-05,1,3755.685154535721,3292.916184782115,35.59363182586987,1893.8702754609205,2168.345834962678
coco_000000008021,images/coco_000000008021.png,svd_only,0.05,0.05,1.0,28.432418124513177,0.9759558544437476,16.71453415112974,0.7726885811976043,0.9679922379859093,8.0108642578125e-05,1,9389.212886339303,8565.443654592564,27.634831652429117,4734.675688652302,5420.864587406695
coco_000000008021,images/coco_000000008021.png,svd_only,0.1,0.1,1.0,22.33122435721192,0.930218876767443,15.89640650076198,0.7388045284827908,0.9546888801471977,7.2479248046875e-05,1,18778.425772678605,17290.579573860443,21.614231739149496,9469.351377304603,10841.72917481339
coco_000000008021,images/coco_000000008021.png,svd_texture,0.001,0.00017381101093782078,0.08201223437535642,58.69376635158139,0.9986087295348929,4.295461678996102,0.5113192609584629,0.4344712704772154,0.3864479064941406,0,32.638971673700965,262.8345487183905,76.81268602784438,16.458775358147584,18.844119081883807
coco_000000008021,images/coco_000000008021.png,svd_texture,0.005,0.0008690550546891039,0.08201223437535642,58.69376635158139,0.9986087295348929,3.033893565756229,0.3344913019400408,0.35555462114682324,0.5895576477050781,0,163.19485836850484,262.8345487183905,62.833285941124004,82.29387679073793,94.22059540941903
coco_000000008021,images/coco_000000008021.png,svd_texture,0.01,0.0017381101093782078,0.08201223437535642,58.47231022494772,0.9986017504047902,2.6714491713830495,0.2867848185051149,0.38398020822580636,0.6613349914550781,0,326.3897167370097,269.6219575628068,56.81268602784438,164.58775358147585,188.44119081883807
coco_000000008021,images/coco_000000008021.png,svd_texture,0.02,0.0034762202187564157,0.08201223437535642,53.34840617139329,0.9983654381803023,6.775462771013686,0.6381264205128213,0.8146711898668714,0.42485809326171875,0,652.7794334740194,486.35172457800536,50.79208611456475,329.1755071629517,376.88238163767613
coco_000000008021,images/coco_000000008021.png,svd_texture,0.05,0.00869055054689104,0.08201223437535642,44.73048241517237,0.997863754734509,13.91339854960042,0.9029507229419239,0.9926116815854774,0.0002899169921875,1,1631.9485836850483,1311.7366351520416,42.833285941124004,822.9387679073793,942.2059540941904
coco_000000008021,images/coco_000000008021.png,svd_texture,0.1,0.01738110109378208,0.08201223437535642,38.02666018413231,0.9954505360450212,16.974136861851374,0.8693871255655634,0.9897420251645316,9.1552734375e-05,1,3263.8971673700967,2838.1657809226012,36.81268602784438,1645.8775358147586,1884.4119081883807
coco_000000008021,images/coco_000000008021.png,svd_yolo,0.001,0.0006906259865649604,0.6562510961832894,58.69376635158139,0.9986087295348929,3.2620678639138796,0.3643739399217352,0.36671175921565535,0.5498886108398438,0,129.6886882539304,262.8345487183905,64.82937342397102,65.39780137081257,74.87579907425611
coco_000000008021,images/coco_000000008021.png,svd_yolo,0.005,0.0034531299328248023,0.6562510961832894,53.45336413798609,0.9983673948352623,6.629545900086989,0.6295218884056637,0.8078003797271639,0.43804931640625,0,648.4434412696521,480.5101455744717,50.84997333725064,326.9890068540629,374.3789953712806
coco_000000008021,images/coco_000000008021.png,svd_yolo,0.01,0.006906259865649605,0.6562510961832894,47.02139024182884,0.9981109243101393,12.24684271975969,0.8647092707477627,0.9830124964304441,0.001903533935546875,1,1296.8868825393042,1007.6303885850208,44.82937342397101,653.9780137081258,748.7579907425612
coco_000000008021,images/coco_000000008021.png,svd_yolo,0.02,0.01381251973129921,0.6562510961832894,40.179189302309624,0.9966818635792479,16.403618091821667,0.8964154315065267,0.9927318525143302,0.0001068115234375,1,2593.7737650786084,2215.1916395652997,38.808773510691395,1307.9560274162516,1497.5159814851224
coco_000000008021,images/coco_000000008021.png,svd_yolo,0.05,0.03453129932824802,0.6562510961832894,31.747658989261353,0.9869905718781856,17.085854857880726,0.8002776460383941,0.9757948489776596,8.392333984375e-05,1,6484.43441269652,5847.7368271836585,30.84997333725064,3269.890068540629,3743.7899537128055
coco_000000008021,images/coco_000000008021.png,svd_yolo,0.1,0.06906259865649604,0.6562510961832894,25.576961930680064,0.9598389012987852,16.32437146083394,0.7543479419235228,0.9615742697688203,8.0108642578125e-05,1,12968.86882539304,11899.33447718821,24.829373423971013,6539.780137081258,7487.579907425611
coco_000000008211,images/coco_000000008211.png,svd_only,0.001,0.001,1.0,61.00889932591603,0.9998182607065402,2.6803808744883857,0.301278956138234,0.3699967350680163,0.6489524841308594,0,187.78425772678605,201.3380242279138,61.61423173914949,94.69351377304604,108.41729174813389
coco_000000008211,images/coco_000000008211.png,svd_only,0.005,0.005,1.0,50.61569897229933,0.9996781467983588,9.379546039857358,0.7809585908620232,0.9575054690271578,0.09168624877929688,1,938.9212886339302,666.1711491801487,47.63483165242911,473.46756886523013,542.0864587406695
coco_000000008211,images/coco_000000008211.png,svd_only,0.01,0.01,1.0,43.26865077755292,0.9993326403888534,15.36454437761911,0.9116798688959741,0.9932268509170554,7.62939453125e-05,1,1877.8425772678604,1552.1662282113987,41.61423173914949,946.9351377304603,1084.172917481339
coco_000000008211,images/coco_000000008211.png,svd_only,0.02,0.02,1.0,36.4992228261896,0.9981789984874271,20.683163368976775,0.9612903705717236,0.9986702983896576,3.814697265625e-06,1,3755.685154535721,3383.838500874414,35.59363182586987,1893.8702754609205,2168.345834962678
coco_000000008211,images/coco_000000008211.png,svd_only,0.05,0.05,1.0,28.084987769438232,0.9904957876383961,25.939802507188332,0.9585159894072933,0.9995031878831038,7.62939453125e-06,1,9389.212886339303,8915.000673022969,27.634831652429117,4734.675688652302,5420.864587406695
coco_000000008211,images/coco_000000008211.png,svd_only,0.1,0.1,1.0,22.144811096650038,0.9668959386327164,23.05727240960956,0.8356112538517412,0.9972231163199518,2.288818359375e-05,1,18778.425772678605,17665.67408846886,21.614231739149496,9469.351377304603,10841.72917481339
coco_000000008211,images/coco_000000008211.png,svd_texture,0.001,0.0003073308923957304,0.23036765821747826,61.00889932591603,0.9998182607065402,3.836135445341869,0.4683255371468748,0.4209754295053122,0.4497413635253906,0,57.71190350504299,201.3380242279138,71.8621073988004,29.102242091957624,33.31998302408225
coco_000000008211,images/coco_000000008211.png,svd_texture,0.005,0.001536654461978652,0.23036765821747826,61.007399690259206,0.9998182521671031,2.3391431939868084,0.2521129032954241,0.3690736012841091,0.6851768493652344,0,288.55951752521497,201.37278862845397,57.88270731208002,145.51121045978812,166.59991512041125
coco_000000008211,images/coco_000000008211.png,svd_texture,0.01,0.003073308923957304,0.23036765821747826,56.04691672155445,0.9997051031272058,4.635394771934658,0.5079872781714087,0.7179364747894645,0.6008338928222656,0,577.1190350504299,356.47159774658064,51.8621073988004,291.02242091957623,333.1998302408225
coco_000000008211,images/coco_000000008211.png,svd_texture,0.02,0.006146617847914608,0.23036765821747826,48.256680751089,0.9995871808241229,11.68674559683929,0.8549414226232989,0.9795733108204631,0.035457611083984375,1,1154.2380701008599,874.0509138488444,45.84150748552077,582.0448418391525,666.399660481645
coco_000000008211,images/coco_000000008211.png,svd_texture,0.05,0.015366544619786522,0.23036765821747826,39.02058683943322,0.9988034317279539,18.737571352482206,0.9482758731286022,0.9976105868067575,1.52587890625e-05,1,2885.5951752521496,2531.2872219485484,37.88270731208002,1455.1121045978814,1665.9991512041126
coco_000000008211,images/coco_000000008211.png,svd_texture,0.1,0.030733089239573044,0.23036765821747826,32.487329697568136,0.9961464923621502,23.686449358083472,0.9729500026613741,0.9994285153543374,7.62939453125e-06,1,5771.190350504299,5370.370936909293,31.862107398800397,2910.224209195763,3331.9983024082253
coco_000000008211,images/coco_000000008211.png,svd_yolo,0.001,0.00044327813747335477,0.3814201527481719,61.00889932591603,0.9998182607065402,3.504118834074863,0.41779655247571273,0.3980339204889,0.5033226013183594,0,83.24065601194614,201.3380242279138,68.68070549163428,41.97556441612331,48.059015156018106
coco_000000008211,images/coco_000000008211.png,svd_yolo,0.005,0.0022163906873667737,0.3814201527481719,60.4424999304866,0.9998074965146811,2.3630794753563995,0.25267030059402745,0.3973960626833938,0.6882820129394531,0,416.20328005973073,214.90463001061656,54.7013054049139,209.87782208061654,240.2950757800905
coco_000000008211,images/coco_000000008211.png,svd_yolo,0.01,0.004432781374733547,0.3814201527481719,52.23187616392016,0.9997158974893045,7.596191626033576,0.7122115430770095,0.9223848177128693,0.3180809020996094,1,832.4065601194615,553.0659996781577,48.68070549163428,419.7556441612331,480.590151560181
coco_000000008211,images/coco_000000008211.png,svd_yolo,0.02,0.008865562749467095,0.3814201527481719,44.69651621634598,0.9993828819328799,13.660485609476495,0.8914468001056779,0.9895344206781975,0.0002593994140625,1,1664.813120238923,1316.8762280487867,42.66010557835466,839.5112883224662,961.180303120362
coco_000000008211,images/coco_000000008211.png,svd_yolo,0.05,0.02216390687366774,0.3814201527481719,35.53348316670506,0.9978392580518983,21.401099362530843,0.9654872876324955,0.9989739464840908,3.814697265625e-06,1,4162.032800597308,3781.783045072787,34.7013054049139,2098.778220806166,2402.9507578009056
coco_000000008211,images/coco_000000008211.png,svd_yolo,0.1,0.04432781374733548,0.3814201527481719,29.161786226735433,0.9924071930574004,25.55538151231749,0.9679956231928907,0.9995390862363817,7.62939453125e-06,1,8324.065601194616,7875.560234040497,28.680705491634285,4197.556441612332,4805.901515601811
coco_000000008277,images/coco_000000008277.png,svd_only,0.001,0.001,1.0,59.18759147786791,0.9986027036547337,3.026733307701242,0.3481831904456842,0.4083436896152195,0.611846923828125,0,187.78425772678605,248.3082761407682,61.61423173914949,94.69351377304604,108.41729174813389
coco_000000008277,images/coco_000000008277.png,svd_only,0.005,0.005,1.0,50.26046041640523,0.9983876794386428,10.039476365377931,0.8023125489231137,0.9596191891644769,0.06792449951171875,1,938.9212886339302,693.9812677587198,47.63483165242911,473.46756886523013,542.0864587406695
coco_000000008277,images/coco_000000008277.png,svd_only,0.01,0.01,1.0,43.28330023682064,0.9979694841084461,15.380546869762043,0.9157211148385814,0.9937152213676413,0.0,1,1877.8425772678604,1549.5505800069902,41.61423173914949,946.9351377304603,1084.172917481339
coco_000000008277,images/coco_000000008277.png,svd_only,0.02,0.02,1.0,36.46493016414658,0.9959104129595152,21.136991766787204,0.9698451496175209,0.9989778029113521,0.0,1,3755.685154535721,3397.2246025248314,35.59363182586987,1893.8702754609205,2168.345834962678
coco_000000008277,images/coco_000000008277.png,svd_only,0.05,0.05,1.0,28.012700945593085,0.98404333827092,27.992828878235922,0.986629791243378,0.999875569790886,0.0,1,9389.212886339303,8989.503823904854,27.634831652429117,4734.675688652302,5420.864587406695
coco_000000008277,images/coco_000000008277.png,svd_only,0.1,0.1,1.0,21.871838299050363,0.9514605178782496,29.87469666130542,0.8974522930764494,0.9996724823980795,0.0,1,18778.425772678605,18229.671966330057,21.614231739149496,9469.351377304603,10841.72917481339
coco_000000008277,images/coco_000000008277.png,svd_texture,0.001,0.00028007477412408753,0.20008308236009723,59.18759147786791,0.9986027036547337,4.400095453720095,0.5366218234004015,0.4707124165713672,0.3675880432128906,0,52.59363356688904,248.3082761407682,72.668751851294,26.52126448100204,30.3649484975039
coco_000000008277,images/coco_000000008277.png,svd_texture,0.005,0.0014003738706204378,0.20008308236009723,59.186253377729024,0.9986027012323383,2.6663327146409,0.29727843816746063,0.40790852625003887,0.6814537048339844,0,262.96816783444524,248.34653208772616,58.68935176457362,132.60632240501022,151.82474248751953
coco_000000008277,images/coco_000000008277.png,svd_texture,0.01,0.0028007477412408757,0.20008308236009723,57.20976986630482,0.9985591684957237,3.269196062609141,0.3701815955930465,0.5725647385212944,0.688385009765625,0,525.9363356688905,311.8044258826356,52.668751851294,265.21264481002044,303.64948497503906
coco_000000008277,images/coco_000000008277.png,svd_texture,0.02,0.005601495482481751,0.20008308236009723,49.236873177771365,0.9984084144546452,10.886606084484383,0.8326137862890265,0.9743039890191033,0.03766632080078125,1,1051.872671337781,780.7771769205348,46.64815193801438,530.4252896200409,607.2989699500781
coco_000000008277,images/coco_000000008277.png,svd_texture,0.05,0.014003738706204378,0.20008308236009723,39.91798879364686,0.9972776446104447,18.1452442550001,0.9465003381017398,0.9973340491158621,0.0,1,2629.6816783444524,2282.8182144007874,38.68935176457362,1326.063224050102,1518.247424875195
coco_000000008277,images/coco_000000008277.png,svd_texture,0.1,0.028007477412408756,0.20008308236009723,33.3037558294174,0.9934635337504013,23.820029876255685,0.9819502461236062,0.9995825800793838,0.0,1,5259.363356688905,4888.582821227436,32.668751851294,2652.126448100204,3036.49484975039
coco_000000008277,images/coco_000000008277.png,svd_yolo,0.001,0.0006269798312564828,0.5855331458405364,59.18759147786791,0.9986027036547337,3.6018042241356474,0.4239083756367969,0.4190136535249117,0.4788055419921875,0,117.73694222216419,248.3082761407682,65.66916032651915,59.370923286507825,67.97545528552985
coco_000000008277,images/coco_000000008277.png,svd_yolo,0.005,0.0031348991562824137,0.5855331458405364,55.7237933189133,0.9985105816072015,4.244912938007859,0.4755313971916196,0.6936729404182908,0.65704345703125,0,588.6847111108209,369.98243201535934,51.68976023979877,296.8546164325391,339.87727642764924
coco_000000008277,images/coco_000000008277.png,svd_yolo,0.01,0.006269798312564827,0.5855331458405364,48.1926951292295,0.9983840458896683,11.526003493416129,0.8512571578114251,0.9807189820072596,0.035854339599609375,1,1177.3694222216418,880.5134865520232,45.66916032651915,593.7092328650782,679.7545528552985
coco_000000008277,images/coco_000000008277.png,svd_yolo,0.02,0.012539596625129655,0.5855331458405364,41.02216577994959,0.9975621505122992,17.18180286787964,0.9376171173694833,0.9964951189258269,0.0,1,2354.7388444432836,2010.3074391744165,39.64856041323952,1187.4184657301564,1359.509105710597
coco_000000008277,images/coco_000000008277.png,svd_yolo,0.05,0.031348991562824134,0.5855331458405364,32.2613271138759,0.9922850992133428,24.696729566853904,0.9844481424700139,0.9996910010438118,0.0,1,5886.847111108208,5511.939132465089,31.689760239798773,2968.5461643253907,3398.772764276492
coco_000000008277,images/coco_000000008277.png,svd_yolo,0.1,0.06269798312564827,0.5855331458405364,25.986758822419468,0.9771015269197066,29.239067385272367,0.9726365216637195,0.9998642057003677,0.0,1,11773.694222216416,11350.966126281939,25.669160326519155,5937.092328650781,6797.545528552984
coco_000000008532,images/coco_000000008532.png,svd_only,0.001,0.001,1.0,59.74822386526843,0.9997702553307182,2.8372968500242757,0.32769068860154366,0.3537095496401763,0.61712646484375,0,187.78425772678605,232.78745670675644,61.61423173914949,94.69351377304604,108.41729174813389
coco_000000008532,images/coco_000000008532.png,svd_only,0.005,0.005,1.0,50.6785580859288,0.9995858076085614,9.56002640284442,0.784992784111167,0.9599840532484978,0.0816802978515625,1,938.9212886339302,661.367522637754,47.63483165242911,473.46756886523013,542.0864587406695
coco_000000008532,images/coco_000000008532.png,svd_only,0.01,0.01,1.0,43.19000438136012,0.9989575814057742,15.623460079809707,0.9122843411566136,0.992535717623954,0.0,1,1877.8425772678604,1566.2841376966057,41.61423173914949,946.9351377304603,1084.172917481339
coco_000000008532,images/coco_000000008532.png,svd_only,0.02,0.02,1.0,36.50588551456415,0.997173271644381,20.55326237255209,0.9610591727957867,0.9981018303826698,0.0,1,3755.685154535721,3381.2438539685363,35.59363182586987,1893.8702754609205,2168.345834962678
coco_000000008532,images/coco_000000008532.png,svd_only,0.05,0.05,1.0,28.32691585366637,0.9858814197821357,20.7660771371947,0.9059190178585945,0.9929927007650982,0.0,1,9389.212886339303,8670.117357913905,27.634831652429117,4734.675688652302,5420.864587406695
coco_000000008532,images/coco_000000008532.png,svd_only,0.1,0.1,1.0,22.649815259413657,0.9543235265426452,16.522545805799332,0.815363706693821,0.9760057291958332,0.0,1,18778.425772678605,16667.866210166194,21.614231739149496,9469.351377304603,10841.72917481339
coco_000000008532,images/coco_000000008532.png,svd_texture,0.001,0.00020583054573888128,0.11758949526542363,59.74822386526843,0.9997702553307182,3.9738986793710147,0.5122026164935208,0.4262368367602564,0.4209480285644531,0,38.65173624907511,232.78745670675644,75.34403522843932,19.490817617838335,22.31559032804991
coco_000000008532,images/coco_000000008532.png,svd_texture,0.005,0.0010291527286944064,0.11758949526542363,59.74822386526843,0.9997702553307182,2.8111496148999047,0.32387413539368853,0.3533074305651746,0.6223716735839844,0,193.25868124537553,232.78745670675644,61.36463514171894,97.45408808919167,111.57795164024955
coco_000000008532,images/coco_000000008532.png,svd_texture,0.01,0.002058305457388813,0.11758949526542363,59.44520557776242,0.9997574587249654,2.453927558966679,0.26838523069978687,0.3683850636216718,0.6766700744628906,0,386.51736249075105,241.05186163977245,55.34403522843932,194.90817617838334,223.1559032804991
coco_000000008532,images/coco_000000008532.png,svd_texture,0.02,0.004116610914777626,0.11758949526542363,51.878324344734494,0.9995790321685992,9.2877843922527,0.757349794427936,0.9379612331786309,0.1219329833984375,1,773.0347249815021,576.0425331518499,49.32343531515969,389.8163523567667,446.3118065609982
coco_000000008532,images/coco_000000008532.png,svd_texture,0.05,0.010291527286944064,0.11758949526542363,42.90505063705961,0.9989326754233409,15.861577389463308,0.9160219883781396,0.9931826862578391,0.0,1,1932.5868124537553,1618.520620813958,41.36463514171894,974.5408808919167,1115.7795164024956
coco_000000008532,images/coco_000000008532.png,svd_texture,0.1,0.020583054573888128,0.11758949526542363,36.23433616424707,0.9970421929727616,20.730514091470177,0.9612608983768216,0.9981162308292162,0.0,1,3865.1736249075107,3488.622364200516,35.34403522843932,1949.0817617838334,2231.559032804991
coco_000000008532,images/coco_000000008532.png,svd_yolo,0.001,0.0008676548608615004,0.8529498454016671,59.74822386526843,0.9997702553307182,2.9693260319793247,0.34695245880731074,0.35732041702417466,0.5944976806640625,0,162.93192400991467,232.78745670675644,62.84729165570501,82.16128751723882,94.06879018670782
coco_000000008532,images/coco_000000008532.png,svd_yolo,0.005,0.0043382743043075015,0.8529498454016671,51.54174853501534,0.9995842309626752,9.47539447351604,0.7656615079550702,0.9453195974636589,0.11182403564453125,1,814.6596200495733,598.802137604735,48.86789156898463,410.8064375861941,470.343950933539
coco_000000008532,images/coco_000000008532.png,svd_yolo,0.01,0.008676548608615003,0.8529498454016671,44.69587765496837,0.9991123835176938,14.221925078101167,0.8912367298085218,0.988933247209347,3.814697265625e-06,1,1629.3192400991466,1316.9730445229318,42.84729165570501,821.6128751723882,940.687901867078
coco_000000008532,images/coco_000000008532.png,svd_yolo,0.02,0.017353097217230006,0.8529498454016671,37.82464600223199,0.9977551745858283,19.83169846745875,0.9593066442485897,0.9979251025337366,0.0,1,3258.638480198293,2904.9487086693975,36.82669174242538,1643.2257503447763,1881.375803734156
coco_000000008532,images/coco_000000008532.png,svd_yolo,0.05,0.04338274304307502,0.8529498454016671,29.536806033585528,0.9890404539273354,21.385612518330962,0.9144914385073655,0.9945196461717044,0.0,1,8146.596200495734,7542.763087887621,28.867891568984632,4108.064375861941,4703.4395093353905
coco_000000008532,images/coco_000000008532.png,svd_yolo,0.1,0.08676548608615003,0.8529498454016671,23.77928228661007,0.9640054383239488,17.43421289830188,0.8402097427155318,0.9808869643728276,0.0,1,16293.192400991467,14635.469346761654,22.847291655705007,8216.128751723882,9406.879018670781
coco_000000008629,images/coco_000000008629.png,svd_only,0.001,0.001,1.0,59.412220556917525,0.9994348618954412,3.2356687352251567,0.3758797896841357,0.41633766815350576,0.5800056457519531,0,187.78425772678605,241.96900627972997,61.61423173914949,94.69351377304604,108.41729174813389
coco_000000008629,images/coco_000000008629.png,svd_only,0.005,0.005,1.0,51.054304105276636,0.9990904228328167,7.985778444319283,0.7337680751360307,0.9308386727503427,0.25583648681640625,1,938.9212886339302,633.367192077392,47.63483165242911,473.46756886523013,542.0864587406695
coco_000000008629,images/coco_000000008629.png,svd_only,0.01,0.01,1.0,44.60535973498774,0.9981367740022017,9.813397982246682,0.8201957562800465,0.9713008720351263,0.035961151123046875,1,1877.8425772678604,1330.7693263672709,41.61423173914949,946.9351377304603,1084.172917481339
coco_000000008629,images/coco_000000008629.png,svd_only,0.02,0.02,1.0,38.24700643736564,0.9942673288791185,10.183275198600423,0.8201307279293045,0.973774160122418,5.7220458984375e-05,1,3755.685154535721,2767.071918111273,35.59363182586987,1893.8702754609205,2168.345834962678
coco_000000008629,images/coco_000000008629.png,svd_only,0.05,0.05,1.0,30.270928064997456,0.9725677900549713,9.590333795388288,0.7255862995889784,0.9680604844500013,0.000720977783203125,1,9389.212886339303,6931.454320703557,27.634831652429117,4734.675688652302,5420.864587406695
coco_000000008629,images/coco_000000008629.png,svd_only,0.1,0.1,1.0,24.601743761085736,0.921149747965709,8.730424268868337,0.6618826198356137,0.9621591029246579,0.023479461669921875,1,18778.425772678605,13313.234468002132,21.614231739149496,9469.351377304603,10841.72917481339
coco_000000008629,images/coco_000000008629.png,svd_texture,0.001,0.0002999348738812599,0.22214985986806654,59.412220556917525,0.9994348618954412,4.4977438529204425,0.5482779410269015,0.4747043848602484,0.3557319641113281,0,56.32304765816958,241.96900627972997,72.07369244372137,28.40188711089191,32.5181267270243
coco_000000008629,images/coco_000000008629.png,svd_texture,0.005,0.0014996743694062995,0.22214985986806654,59.412220556917525,0.9994348618954412,2.758222849191021,0.3090348895943846,0.4141753346432142,0.6760749816894531,0,281.6152382908479,241.96900627972997,58.094292357001,142.00943555445954,162.5906336351215
coco_000000008629,images/coco_000000008629.png,svd_texture,0.01,0.002999348738812599,0.22214985986806654,57.10312177332546,0.9993205938007058,3.298523757988654,0.3637249598548902,0.5581693634239728,0.6895675659179688,0,563.2304765816958,315.65645882826476,52.07369244372138,284.0188711089191,325.181267270243
coco_000000008629,images/coco_000000008629.png,svd_texture,0.02,0.005998697477625198,0.22214985986806654,49.68219372809842,0.9989622630544931,8.303191634816066,0.7553825816383467,0.9527489361194406,0.23341751098632812,1,1126.4609531633917,741.756024579511,46.05309253044175,568.0377422178382,650.362534540486
coco_000000008629,images/coco_000000008629.png,svd_texture,0.05,0.014996743694062994,0.22214985986806654,40.84574477922769,0.99657152935834,10.165064394513292,0.8306798699707331,0.9736819410054214,0.00017547607421875,1,2816.152382908479,2051.556726001014,38.094292357000995,1420.0943555445954,1625.906336351215
coco_000000008629,images/coco_000000008629.png,svd_texture,0.1,0.02999348738812599,0.22214985986806654,34.67326959056828,0.9885798998903885,9.99405553552771,0.7834550998474145,0.9718996210467494,5.7220458984375e-05,1,5632.304765816958,4175.488474418293,32.07369244372138,2840.1887110891907,3251.81267270243
coco_000000008629,images/coco_000000008629.png,svd_yolo,0.001,0.0009477042936748668,0.9418936596387408,59.412220556917525,0.9994348618954412,3.3056604010991517,0.3851707889528231,0.41732990926335334,0.5590095520019531,0,177.96394733222292,241.96900627972997,62.08077477421942,89.74144958587586,102.7475328983072
coco_000000008629,images/coco_000000008629.png,svd_yolo,0.005,0.004738521468374334,0.9418936596387408,51.40470566629794,0.9990912483127284,7.8652602655742,0.7256071247065884,0.9229284651666707,0.2721061706542969,1,889.8197366611146,608.3247487978769,48.101374687499046,448.70724792937926,513.737664491536
coco_000000008629,images/coco_000000008629.png,svd_yolo,0.01,0.009477042936748668,0.9418936596387408,45.10253253520094,0.9982617203456331,9.742197619668632,0.8162718351176134,0.9703522518590271,0.036651611328125,1,1779.6394733222292,1256.7362491788003,42.08077477421942,897.4144958587585,1027.475328983072
coco_000000008629,images/coco_000000008629.png,svd_yolo,0.02,0.018954085873497336,0.9418936596387408,38.72906309847664,0.9947952277490648,10.189089054790038,0.822513972893035,0.9737420212981412,5.340576171875e-05,1,3559.2789466444583,2617.68638304897,36.0601748609398,1794.828991717517,2054.950657966144
coco_000000008629,images/coco_000000008629.png,svd_yolo,0.05,0.04738521468374334,0.9418936596387408,30.72789758952899,0.9749218024506243,9.64050096635116,0.7312247908306487,0.968528686456474,0.0001220703125,1,8898.197366611146,6576.213272089037,28.101374687499046,4487.072479293793,5137.37664491536
coco_000000008629,images/coco_000000008629.png,svd_yolo,0.1,0.09477042936748668,0.9418936596387408,25.017781198379904,0.9269765265380491,8.819687366173646,0.6670994306712776,0.9626309055803569,0.01727294921875,1,17796.394733222292,12690.586944660992,22.080774774219428,8974.144958587585,10274.75328983072
coco_000000008762,images/coco_000000008762.png,svd_only,0.001,0.001,1.0,59.64785165241594,0.9979269710101129,3.3274704261741554,0.38388854276841733,0.46526514789338796,0.6138916015625,0,187.78425772678605,235.49309968659378,61.61423173914949,94.69351377304604,108.41729174813389
coco_000000008762,images/coco_000000008762.png,svd_only,0.005,0.005,1.0,50.34574169111387,0.9974882320053986,10.115862716775805,0.8174616221057889,0.9789365192120791,0.03661346435546875,1,938.9212886339302,687.2008440041383,47.63483165242911,473.46756886523013,542.0864587406695
coco_000000008762,images/coco_000000008762.png,svd_only,0.01,0.01,1.0,43.16518170639235,0.9964435031414323,15.60844394072822,0.9148769033665239,0.9981443602784082,5.7220458984375e-05,1,1877.8425772678604,1570.766691778254,41.61423173914949,946.9351377304603,1084.172917481339
coco_000000008762,images/coco_000000008762.png,svd_only,0.02,0.02,1.0,36.593257232691776,0.9927487968154375,18.503433815725625,0.779582753619341,0.9962475764066782,1.1444091796875e-05,1,3755.685154535721,3347.402276392845,35.59363182586987,1893.8702754609205,2168.345834962678
coco_000000008762,images/coco_000000008762.png,svd_only,0.05,0.05,1.0,28.294120566758203,0.972368481053493,18.529843277629446,0.7337478080445597,0.9906646214075537,7.62939453125e-06,1,9389.212886339303,8702.914971433422,27.634831652429117,4734.675688652302,5420.864587406695
coco_000000008762,images/coco_000000008762.png,svd_only,0.1,0.1,1.0,22.211949474028604,0.9202786047887622,17.380572224020078,0.7210088738150353,0.9861107685889913,0.0,1,18778.425772678605,17529.652021646067,21.614231739149496,9469.351377304603,10841.72917481339
coco_000000008762,images/coco_000000008762.png,svd_texture,0.001,0.0001469710019612714,0.05219000217919044,59.77031927993722,0.9979272922173074,4.902175077213512,0.5974174783819244,0.5109969900795494,0.3605155944824219,0,27.598840510659365,232.1960378645596,78.26959864017506,13.917200598458027,15.93419799815072
coco_000000008762,images/coco_000000008762.png,svd_texture,0.005,0.000734855009806357,0.05219000217919044,59.732224787240625,0.9979272315881338,3.5090090353498997,0.4088605866639096,0.4394164853921573,0.5570068359375,0,137.99420255329682,233.21663748540755,64.29019855345469,69.58600299229013,79.6709899907536
coco_000000008762,images/coco_000000008762.png,svd_texture,0.01,0.001469710019612714,0.05219000217919044,59.39526733001366,0.9979251593939473,3.1872224302516097,0.3625270525332398,0.507047583917581,0.66912841796875,0,275.98840510659363,242.44174558025273,58.26959864017506,139.17200598458027,159.3419799815072
coco_000000008762,images/coco_000000008762.png,svd_texture,0.02,0.002939420039225428,0.05219000217919044,55.27930625777938,0.9977136969929027,5.908899075274166,0.6090566606054858,0.8323621408708305,0.4407768249511719,0,551.9768102131873,389.4085258440036,52.24899872689544,278.34401196916053,318.6839599630144
coco_000000008762,images/coco_000000008762.png,svd_texture,0.05,0.00734855009806357,0.05219000217919044,46.213232480148136,0.9970661382181093,13.61148824834644,0.9020070719435185,0.9957877496265918,0.000232696533203125,1,1379.9420255329683,1105.8829051938546,44.29019855345469,695.8600299229014,796.709899907536
coco_000000008762,images/coco_000000008762.png,svd_texture,0.1,0.01469710019612714,0.05219000217919044,39.510713519990695,0.9949609985580797,17.361909750045182,0.8342302252479651,0.9977979906980137,1.9073486328125e-05,1,2759.8840510659365,2392.4071559832787,38.269598640175055,1391.7200598458028,1593.419799815072
coco_000000008762,images/coco_000000008762.png,svd_yolo,0.001,0.00013899676529446838,0.04332973921607596,59.77031927993722,0.9979272922173074,4.934319393577008,0.6009577913218008,0.5134988101917806,0.3582115173339844,0,26.10140439724604,232.1960378645596,78.75413786804013,13.162092108820588,15.06965285497727
coco_000000008762,images/coco_000000008762.png,svd_yolo,0.005,0.0006949838264723418,0.04332973921607596,59.740296954871965,0.9979272385470678,3.5514520033342567,0.4143283316133651,0.4377746985274347,0.5510826110839844,0,130.50702198623017,233.0,64.77473778131976,65.81046054410292,75.34826427488633
coco_000000008762,images/coco_000000008762.png,svd_yolo,0.01,0.0013899676529446835,0.04332973921607596,59.45006651162568,0.9979259828356408,3.198858787195211,0.36453416179260417,0.5012916822583422,0.6644973754882812,0,261.01404397246034,240.91699815496622,58.75413786804013,131.62092108820585,150.69652854977267
coco_000000008762,images/coco_000000008762.png,svd_yolo,0.02,0.002779935305889367,0.04332973921607596,56.048454960736024,0.9977839181051201,5.125528076516996,0.5509969765212422,0.7649078018953589,0.5241813659667969,0,522.0280879449207,356.4084735244099,52.73353795476051,263.2418421764117,301.39305709954533
coco_000000008762,images/coco_000000008762.png,svd_yolo,0.05,0.006949838264723418,0.04332973921607596,46.70926340738437,0.9971388150353868,13.38214770007842,0.8969353287164615,0.9948242572795469,0.00030517578125,1,1305.0702198623019,1044.4979655317668,44.77473778131976,658.1046054410293,753.4826427488634
coco_000000008762,images/coco_000000008762.png,svd_yolo,0.1,0.013899676529446837,0.04332973921607596,40.02999923621944,0.9953075707481078,17.178405509818223,0.8467913585999213,0.9980557828658866,1.1444091796875e-05,1,2610.1404397246038,2253.5687253775955,38.75413786804013,1316.2092108820586,1506.9652854977269
coco_000000008844,images/coco_000000008844.png,svd_only,0.001,0.001,1.0,62.14294728257849,0.9998400488870373,2.425149849071539,0.2609781548674972,0.31590454178567956,0.6625785827636719,0,187.78425772678605,176.69465187152667,61.61423173914949,94.69351377304604,108.41729174813389
coco_000000008844,images/coco_000000008844.png,svd_only,0.005,0.005,1.0,50.6681155801654,0.9996229790017296,9.592125806996721,0.7925355456696259,0.9597821187553595,0.068084716796875,1,938.9212886339302,662.1631218967121,47.63483165242911,473.46756886523013,542.0864587406695
coco_000000008844,images/coco_000000008844.png,svd_only,0.01,0.01,1.0,43.391487128453846,0.9991262710290866,14.844726150925883,0.9135311065132862,0.9921177068517436,0.0,1,1877.8425772678604,1530.3698899285755,41.61423173914949,946.9351377304603,1084.172917481339
coco_000000008844,images/coco_000000008844.png,svd_only,0.02,0.02,1.0,36.560084377886206,0.9977539649994901,19.819398815012487,0.9445600084219675,0.9972550103286845,0.0,1,3755.685154535721,3360.2110052792814,35.59363182586987,1893.8702754609205,2168.345834962678
coco_000000008844,images/coco_000000008844.png,svd_only,0.05,0.05,1.0,28.162000364210922,0.9887243888214016,23.697605855775148,0.9324089531917833,0.9980099177415982,0.0,1,9389.212886339303,8836.306072109544,27.634831652429117,4734.675688652302,5420.864587406695
coco_000000008844,images/coco_000000008844.png,svd_only,0.1,0.1,1.0,22.19201849576805,0.9593112344457095,22.216046729002024,0.8226332011260965,0.9974807738606088,0.0,1,18778.425772678605,17569.92242441611,21.614231739149496,9469.351377304603,10841.72917481339
coco_000000008844,images/coco_000000008844.png,svd_texture,0.001,0.0002052221299749718,0.11691347774996864,62.14294728257849,0.9998400488870373,3.5492399570861566,0.4363767273159634,0.37449024125813457,0.4484214782714844,0,38.53748534646009,176.69465187152667,75.36974792343356,19.433204591318834,22.249627538669973
coco_000000008844,images/coco_000000008844.png,svd_texture,0.005,0.001026110649874859,0.11691347774996864,62.14294728257849,0.9998400488870373,2.4072971598036537,0.2584385666790246,0.3157537381498786,0.6652565002441406,0,192.68742673230045,176.69465187152667,61.3903478367132,97.16602295659418,111.24813769334986
coco_000000008844,images/coco_000000008844.png,svd_texture,0.01,0.002052221299749718,0.11691347774996864,61.5940716021619,0.9998306291748879,2.258572322178026,0.2394204632001812,0.42686796975114233,0.6895256042480469,0,385.3748534646009,188.22061523648253,55.36974792343357,194.33204591318835,222.49627538669972
coco_000000008844,images/coco_000000008844.png,svd_texture,0.02,0.004104442599499436,0.11691347774996864,52.55417080711584,0.9995958816402778,8.018999464317755,0.7328769735035916,0.9233780114038171,0.27124786376953125,1,770.7497069292018,532.9202566988798,49.349148010153954,388.6640918263767,444.99255077339944
coco_000000008844,images/coco_000000008844.png,svd_texture,0.05,0.01026110649874859,0.11691347774996864,43.13076055316493,0.9990975216690942,15.035568153010248,0.9162232103856915,0.9925670231831025,0.0,1,1926.8742673230045,1577.0038046878644,41.3903478367132,971.6602295659417,1112.4813769334985
coco_000000008844,images/coco_000000008844.png,svd_texture,0.1,0.02052221299749718,0.11691347774996864,36.31399908774699,0.9976559653577847,19.990127697327477,0.9440348431105621,0.9972854927102475,0.0,1,3853.748534646009,3456.7726277555485,35.36974792343357,1943.3204591318834,2224.962753866997
coco_000000008844,images/coco_000000008844.png,svd_yolo,0.001,0.0007771900958815344,0.7524334398683715,62.14294728257849,0.9998400488870373,2.60871396511381,0.28737901720577835,0.3180749116616841,0.6267013549804688,0,145.9440652677236,176.69465187152667,63.803686588484574,73.59486104863304,84.26084536894847
coco_000000008844,images/coco_000000008844.png,svd_yolo,0.005,0.0038859504794076715,0.7524334398683715,53.24192797549205,0.9996093501632163,7.274210203901237,0.6984664835606461,0.9018631235756165,0.35228729248046875,0,729.720326338618,492.350484919026,49.8242865017642,367.97430524316513,421.3042268447423
coco_000000008844,images/coco_000000008844.png,svd_yolo,0.01,0.007771900958815343,0.7524334398683715,46.02041144867652,0.9993174201452094,12.732339663038223,0.875503973480257,0.9842345358779772,0.000530242919921875,1,1459.440652677236,1130.7073007635531,43.803686588484574,735.9486104863303,842.6084536894846
coco_000000008844,images/coco_000000008844.png,svd_yolo,0.02,0.015543801917630686,0.7524334398683715,38.98362083453539,0.9984621127829846,18.126525676472347,0.9410882531804212,0.9963588667850454,0.0,1,2918.881305354472,2542.0830041523036,37.78308667520495,1471.8972209726605,1685.2169073789692
coco_000000008844,images/coco_000000008844.png,svd_yolo,0.05,0.03885950479407672,0.7524334398683715,30.41498254723662,0.9929440387685083,23.11283666968177,0.9413008392843477,0.9979059649663238,0.0,1,7297.20326338618,6817.444975942233,29.8242865017642,3679.743052431652,4213.042268447423
coco_000000008844,images/coco_000000008844.png,svd_yolo,0.1,0.07771900958815343,0.7524334398683715,24.324469206629114,0.9742731846739726,23.331689795327538,0.8618592477194945,0.9979618696278122,0.0,1,14594.40652677236,13745.081156544693,23.803686588484574,7359.486104863304,8426.084536894847
coco_000000009378,images/coco_000000009378.png,svd_only,0.001,0.001,1.0,63.5515225595975,0.9996017951107579,2.2539004747969957,0.22317841559830745,0.2637295514361658,0.6679840087890625,0,187.78425772678605,150.2431362824938,61.61423173914949,94.69351377304604,108.41729174813389
coco_000000009378,images/coco_000000009378.png,svd_only,0.005,0.005,1.0,52.345296455770864,0.999343383867216,6.078832173359321,0.6330316776369845,0.9098758976381625,0.5636444091796875,1,938.9212886339302,545.8910147639361,47.63483165242911,473.46756886523013,542.0864587406695
coco_000000009378,images/coco_000000009378.png,svd_only,0.01,0.01,1.0,45.59381379086002,0.9987143693806432,7.255525111035286,0.6909537409849557,0.9278133977209005,0.4054832458496094,1,1877.8425772678604,1187.6270458355182,41.61423173914949,946.9351377304603,1084.172917481339
coco_000000009378,images/coco_000000009378.png,svd_only,0.02,0.02,1.0,39.086209240980175,0.994547440918036,7.683281584857916,0.6626728959592202,0.9160407332313586,0.2666587829589844,1,3755.685154535721,2512.2352596840924,35.59363182586987,1893.8702754609205,2168.345834962678
coco_000000009378,images/coco_000000009378.png,svd_only,0.05,0.05,1.0,30.920245243495998,0.9673498777782193,7.672330637324075,0.613738468713224,0.9002876266786675,0.22982025146484375,1,9389.212886339303,6432.184698840667,27.634831652429117,4734.675688652302,5420.864587406695
coco_000000009378,images/coco_000000009378.png,svd_only,0.1,0.1,1.0,25.133366955393413,0.9041476809013389,7.371352641392779,0.5704616806995224,0.8991520852714778,0.2964019775390625,0,18778.425772678605,12522.828155013547,21.614231739149496,9469.351377304603,10841.72917481339
coco_000000009378,images/coco_000000009378.png,svd_texture,0.001,0.00023355217753317963,0.1483913083701996,63.55267708636168,0.9996018572512549,3.076614066382782,0.3477984278205036,0.29199597425883217,0.5283050537109375,0,43.857422298542694,150.2231673211559,74.24655332305237,22.115876339963037,25.3210945700267
coco_000000009378,images/coco_000000009378.png,svd_texture,0.005,0.0011677608876658981,0.1483913083701996,63.487543630979424,0.9996005691967565,2.2073960025591393,0.21574897829141404,0.26837563229337025,0.6802101135253906,0,219.28711149271348,151.35388994010032,60.26715323633198,110.57938169981517,126.6054728501335
coco_000000009378,images/coco_000000009378.png,svd_texture,0.01,0.0023355217753317963,0.1483913083701996,58.956211052114405,0.999526607445759,4.336919520365271,0.4685374653559251,0.7844173623311188,0.6511268615722656,0,438.57422298542696,255.01176443450603,54.24655332305236,221.15876339963035,253.210945700267
coco_000000009378,images/coco_000000009378.png,svd_texture,0.02,0.004671043550663593,0.1483913083701996,53.06540358492279,0.9993745830675653,5.910287883725591,0.6211897452189418,0.9057346866724134,0.5825843811035156,1,877.1484459708539,502.4589535474515,48.225953409772735,442.3175267992607,506.421891400534
coco_000000009378,images/coco_000000009378.png,svd_texture,0.05,0.011677608876658982,0.1483913083701996,44.11868681342159,0.9983956853688305,7.389517617256618,0.6888722738545437,0.9262968706985139,0.34607696533203125,1,2192.871114927135,1407.4611895182047,40.26715323633198,1105.793816998152,1266.054728501335
coco_000000009378,images/coco_000000009378.png,svd_texture,0.1,0.023355217753317965,0.1483913083701996,37.6658932267847,0.9924143655990753,7.715403148326625,0.6528079881336849,0.9118530211904542,0.2531929016113281,1,4385.74222985427,2958.5308854226955,34.24655332305236,2211.587633996304,2532.10945700267
coco_000000009378,images/coco_000000009378.png,svd_yolo,0.001,0.0009198990112926623,0.9109989014362914,63.55248464391924,0.9996018452457157,2.2991804119309127,0.2294212466001676,0.26391336436945906,0.6632804870605469,0,172.74255301919698,150.22649566571138,62.33942869757985,87.10846969565314,99.73295948613648
coco_000000009378,images/coco_000000009378.png,svd_yolo,0.005,0.004599495056463312,0.9109989014362914,53.236216600779585,0.9993819790044247,5.868983635725087,0.618020997786498,0.9051190230900249,0.5839767456054688,1,863.7127650959849,492.6743346268405,48.36002861085947,435.54234847826575,498.6647974306825
coco_000000009378,images/coco_000000009378.png,svd_yolo,0.01,0.009198990112926624,0.9109989014362914,46.37436273325019,0.9988351771153742,7.181729009667908,0.6898854215655215,0.9274861930117977,0.4265708923339844,1,1727.4255301919698,1085.5569998853123,42.33942869757985,871.0846969565315,997.329594861365
coco_000000009378,images/coco_000000009378.png,svd_yolo,0.02,0.018397980225853247,0.9109989014362914,39.8510816130714,0.9955814184060433,7.658986799654523,0.667493132220606,0.9179761949724747,0.2997627258300781,1,3454.8510603839395,2300.470604028663,36.31882878430022,1742.169393913063,1994.65918972273
coco_000000009378,images/coco_000000009378.png,svd_yolo,0.05,0.04599495056463312,0.9109989014362914,31.641952261545825,0.9718703521744781,7.690938621656677,0.6181171749112592,0.9007697850428875,0.22722244262695312,1,8637.127650959848,5919.338223146233,28.360028610859473,4355.423484782657,4986.647974306825
coco_000000009378,images/coco_000000009378.png,svd_yolo,0.1,0.09198990112926624,0.9109989014362914,25.80157464789057,0.9146236440897585,7.4312801392776,0.5771680945607861,0.8991647367470869,0.281036376953125,0,17274.255301919697,11595.568248257607,22.33942869757985,8710.846969565315,9973.29594861365
coco_000000009400,images/coco_000000009400.png,svd_only,0.001,0.001,1.0,55.975866023998925,0.9970759068591121,3.3348271899405186,0.3332180125750383,0.24815433491965824,0.5452995300292969,0,187.78425772678605,359.3994991649265,61.61423173914949,94.69351377304604,108.41729174813389
coco_000000009400,images/coco_000000009400.png,svd_only,0.005,0.005,1.0,51.742585198345324,0.9968292585805881,6.075921179529811,0.5673439214740627,0.8077392580098006,0.4811820983886719,0,938.9212886339302,585.1153732384751,47.63483165242911,473.46756886523013,542.0864587406695
coco_000000009400,images/coco_000000009400.png,svd_only,0.01,0.01,1.0,47.020013131257045,0.9960775090768651,5.722398254868732,0.5882678760172966,0.8379126556478851,0.5555572509765625,0,1877.8425772678604,1007.7901567290683,41.61423173914949,946.9351377304603,1084.172917481339
coco_000000009400,images/coco_000000009400.png,svd_only,0.02,0.02,1.0,41.02660412373364,0.9931455016191997,5.395978648189441,0.5669771767035247,0.8172178534775906,0.5877113342285156,0,3755.685154535721,2009.2804682273702,35.59363182586987,1893.8702754609205,2168.345834962678
coco_000000009400,images/coco_000000009400.png,svd_only,0.05,0.05,1.0,32.842134396582814,0.9758613189111444,5.178583931206816,0.5478563431639382,0.8023198645002889,0.6174545288085938,0,9389.212886339303,5155.41996349473,27.634831652429117,4734.675688652302,5420.864587406695
coco_000000009400,images/coco_000000009400.png,svd_only,0.1,0.1,1.0,26.771532721972356,0.9321032379320527,5.12938063459469,0.5404763211021555,0.7976965182344417,0.6330375671386719,1,18778.425772678605,10370.367158398973,21.614231739149496,9469.351377304603,10841.72917481339
coco_000000009400,images/coco_000000009400.png,svd_texture,0.001,0.00018180751061120775,0.09089723401245307,55.97949876768128,0.9970759803441167,4.043039227022561,0.4624748121802699,0.30597697586761563,0.40801239013671875,0,34.14058842928043,359.2492171181449,76.42199533308857,17.215992010105612,19.71107791993726
coco_000000009400,images/coco_000000009400.png,svd_texture,0.005,0.0009090375530560388,0.09089723401245307,55.97805203341692,0.997075971504494,3.4010869243721635,0.3423402297249183,0.25184198660118945,0.5260848999023438,0,170.70294214640214,359.309059167731,62.44259524636821,86.07996005052807,98.55538959968631
coco_000000009400,images/coco_000000009400.png,svd_texture,0.01,0.0018180751061120776,0.09089723401245307,54.55718703927897,0.9970206498382335,6.278877763771621,0.5087487021349153,0.5743734132443654,0.31478118896484375,0,341.4058842928043,423.1666338453447,56.42199533308858,172.15992010105614,197.11077919937262
coco_000000009400,images/coco_000000009400.png,svd_texture,0.02,0.0036361502122241552,0.09089723401245307,53.16581190215753,0.9969586028354668,6.1130678391525795,0.5358631457922359,0.7502692680887726,0.4562110900878906,0,682.8117685856085,496.68400417166646,50.401395419808956,344.3198402021123,394.22155839874523
coco_000000009400,images/coco_000000009400.png,svd_texture,0.05,0.009090375530560389,0.09089723401245307,47.781276482767055,0.9962459089574612,5.773544048100824,0.5880419248297323,0.8386235898171991,0.5511932373046875,0,1707.0294214640214,923.2236998691054,42.44259524636821,860.7996005052808,985.553895996863
coco_000000009400,images/coco_000000009400.png,svd_texture,0.1,0.018180751061120777,0.09089723401245307,41.86998740613453,0.9938049584191276,5.4351815168100455,0.5704114320896875,0.8201073138718392,0.5807991027832031,0,3414.058842928043,1823.3556976081218,36.42199533308859,1721.5992010105615,1971.107791993726
coco_000000009400,images/coco_000000009400.png,svd_yolo,0.001,0.0008311666712268804,0.8124074124743115,55.97933051800304,0.9970759790731304,3.461512144897175,0.35104191022790937,0.25566182452012254,0.5190353393554688,0,156.08001640358336,359.2561760081516,63.22046933479979,78.70609262951942,90.11283948572998
coco_000000009400,images/coco_000000009400.png,svd_yolo,0.005,0.004155833356134402,0.8124074124743115,52.63874236116938,0.9969189253697469,6.092538120737889,0.5460806463479811,0.7738994137243872,0.4772987365722656,0,780.4000820179167,527.7565726734249,49.24106924807941,393.53046314759706,450.5641974286499
coco_000000009400,images/coco_000000009400.png,svd_yolo,0.01,0.008311666712268804,0.8124074124743115,48.492423791660215,0.9963747945108569,5.809935270979968,0.5852417847079651,0.8381656868434308,0.5435791015625,0,1560.8001640358334,850.6474005132796,43.22046933479979,787.0609262951941,901.1283948572998
coco_000000009400,images/coco_000000009400.png,svd_yolo,0.02,0.016623333424537607,0.8124074124743115,42.67029281766334,0.9943328460895721,5.4703758771673066,0.5731234429615315,0.8231086706331179,0.5767745971679688,0,3121.600328071667,1662.8616899790554,37.19986942152016,1574.1218525903882,1802.2567897145996
coco_000000009400,images/coco_000000009400.png,svd_yolo,0.05,0.04155833356134402,0.8124074124743115,34.48315986064329,0.9816846876637829,5.206844619210766,0.5504331693009551,0.8043143234743058,0.6111221313476562,0,7804.000820179168,4267.885659199412,29.24106924807941,3935.3046314759713,4505.641974286499
coco_000000009400,images/coco_000000009400.png,svd_yolo,0.1,0.08311666712268805,0.8124074124743115,28.37865894739104,0.9481678174722888,5.134393180857094,0.5418861641186249,0.7985561591151276,0.62994384765625,1,15608.001640358336,8618.621757566578,23.220469334799787,7870.609262951943,9011.283948572998
coco_000000009448,images/coco_000000009448.png,svd_only,0.001,0.001,1.0,58.432526156622714,0.9988437783961478,3.254043855178648,0.37686968871992516,0.4182702915569576,0.5906295776367188,0,187.78425772678605,270.8597423021738,61.61423173914949,94.69351377304604,108.41729174813389
coco_000000009448,images/coco_000000009448.png,svd_only,0.005,0.005,1.0,50.33542641557383,0.9986196445610777,9.782831487491734,0.7989969050541429,0.9618565408328332,0.057834625244140625,1,938.9212886339302,688.0174416393817,47.63483165242911,473.46756886523013,542.0864587406695
coco_000000009448,images/coco_000000009448.png,svd_only,0.01,0.01,1.0,43.247584083702336,0.9981319655454396,15.247660280353244,0.9158149261954464,0.9945252664700893,0.00026702880859375,1,1877.8425772678604,1555.935409970478,41.61423173914949,946.9351377304603,1084.172917481339
coco_000000009448,images/coco_000000009448.png,svd_only,0.02,0.02,1.0,36.54638293009421,0.9958762395511082,19.648496583398504,0.9378836318383841,0.9982477119816391,0.00014495849609375,1,3755.685154535721,3365.5157108532417,35.59363182586987,1893.8702754609205,2168.345834962678
coco_000000009448,images/coco_000000009448.png,svd_only,0.05,0.05,1.0,28.25237453353841,0.9803704196735689,21.858345627321818,0.8668515934245103,0.9974566327384826,0.000286102294921875,1,9389.212886339303,8744.843509177279,27.634831652429117,4734.675688652302,5420.864587406695
coco_000000009448,images/coco_000000009448.png,svd_only,0.1,0.1,1.0,22.363910449342093,0.936736615606273,19.372992822629044,0.7951446157980344,0.9933133094699167,0.00135040283203125,0,18778.425772678605,17225.635227764462,21.614231739149496,9469.351377304603,10841.72917481339
coco_000000009448,images/coco_000000009448.png,svd_texture,0.001,0.0003330744711621765,0.2589716346246405,58.432526156622714,0.9988437783961478,4.4756208047723876,0.5481945248924346,0.47393523861603215,0.3925666809082031,0,62.54614233493112,270.8597423021738,71.16340479882184,31.53999202244558,36.1110321138451
coco_000000009448,images/coco_000000009448.png,svd_texture,0.005,0.0016653723558108825,0.2589716346246405,58.40061839860038,0.9988433798299828,2.7072250910579703,0.29942788346569615,0.420055074011563,0.6783027648925781,0,312.7307116746556,271.8565798357656,57.18400471210146,157.6999601122279,180.5551605692255
coco_000000009448,images/coco_000000009448.png,svd_texture,0.01,0.003330744711621765,0.2589716346246405,54.069912107448566,0.9987731759987689,5.857831604339511,0.5944572143068613,0.7618701812294042,0.42685699462890625,0,625.4614233493112,447.5846288692229,51.16340479882184,315.3999202244558,361.110321138451
coco_000000009448,images/coco_000000009448.png,svd_texture,0.02,0.00666148942324353,0.2589716346246405,47.36754511011868,0.9984717835001143,12.114395693901542,0.8642107355789187,0.982107274584676,0.002017974853515625,1,1250.9228466986224,968.2633939171717,45.14280488554221,630.7998404489116,722.220642276902
coco_000000009448,images/coco_000000009448.png,svd_texture,0.05,0.016653723558108825,0.2589716346246405,38.278964029099654,0.9968285378286735,18.5922102843727,0.9373235174706251,0.9978263512893907,0.000141143798828125,1,3127.307116746556,2756.909864322735,37.18400471210146,1576.999601122279,1805.551605692255
coco_000000009448,images/coco_000000009448.png,svd_texture,0.1,0.03330744711621765,0.2589716346246405,31.863870935908643,0.9903870503793044,21.60211946611128,0.9080108538445768,0.9983081477339866,0.000186920166015625,1,6254.614233493112,5770.018717473974,31.163404798821837,3153.999202244558,3611.10321138451
coco_000000009448,images/coco_000000009448.png,svd_yolo,0.001,0.0009671241481670761,0.9634712757411957,58.432526156622714,0.9988437783961478,3.297319629245223,0.3827001307522098,0.41871164708719355,0.580535888671875,0,181.61069029320464,270.8597423021738,61.90458719227455,91.58038384470443,104.85298092849537
coco_000000009448,images/coco_000000009448.png,svd_yolo,0.005,0.0048356207408353806,0.9634712757411957,50.60122978730177,0.9986294216173496,9.637264665698313,0.7929533929916172,0.9596588005092224,0.06292724609375,1,908.0534514660231,667.2817995419927,47.92518710555417,457.90191922352216,524.2649046424768
coco_000000009448,images/coco_000000009448.png,svd_yolo,0.01,0.009671241481670761,0.9634712757411957,43.579486664460035,0.9981685645332519,15.0114035334725,0.9129725350057658,0.994033243947557,0.00031280517578125,1,1816.1069029320463,1497.6020833318842,41.90458719227455,915.8038384470443,1048.5298092849537
coco_000000009448,images/coco_000000009448.png,svd_yolo,0.02,0.019342482963341522,0.9634712757411957,36.8615737620345,0.9960721919619405,19.45292461737264,0.9383524713964109,0.9981844991499815,0.000148773193359375,1,3632.2138058640926,3245.578222751687,35.88398727899492,1831.6076768940886,2097.0596185699073
coco_000000009448,images/coco_000000009448.png,svd_yolo,0.05,0.04835620740835381,0.9634712757411957,28.545575891293602,0.9814748617154034,21.88991478405869,0.8708305312189287,0.9975725589851437,0.00028228759765625,1,9080.534514660232,8454.578759465194,27.925187105554173,4579.019192235221,5242.649046424768
coco_000000009448,images/coco_000000009448.png,svd_yolo,0.1,0.09671241481670761,0.9634712757411957,22.636880511469517,0.9400454487210351,19.57731291141715,0.798345408502828,0.9936710949793613,0.001232147216796875,0,18161.069029320464,16692.70595200191,21.904587192274548,9158.038384470443,10485.298092849536
coco_000000009483,images/coco_000000009483.png,svd_only,0.001,0.001,1.0,59.10505361171299,0.9997813143109355,2.924897929994649,0.3359852512711985,0.35790054177854996,0.5910072326660156,0,187.78425772678605,250.67907770693589,61.61423173914949,94.69351377304604,108.41729174813389
coco_000000009483,images/coco_000000009483.png,svd_only,0.005,0.005,1.0,50.549860127248735,0.9995571090068438,9.723710002347461,0.7981722263201941,0.9676669836038017,0.042934417724609375,1,938.9212886339302,671.2398975031207,47.63483165242911,473.46756886523013,542.0864587406695
coco_000000009483,images/coco_000000009483.png,svd_only,0.01,0.01,1.0,43.13669504041642,0.9990217575327639,15.849265062011318,0.9165327865244337,0.9938114114214341,1.1444091796875e-05,1,1877.8425772678604,1575.926711493907,41.61423173914949,946.9351377304603,1084.172917481339
coco_000000009483,images/coco_000000009483.png,svd_only,0.02,0.02,1.0,36.43276629148059,0.9975534991814916,21.217068126930336,0.961869282140244,0.9987462387177317,0.0,1,3755.685154535721,3409.8278548923845,35.59363182586987,1893.8702754609205,2168.345834962678
coco_000000009483,images/coco_000000009483.png,svd_only,0.05,0.05,1.0,28.010366649504988,0.9877295645977529,27.547541158938795,0.968436221654763,0.9996428488414344,0.0,1,9389.212886339303,8991.920039680068,27.634831652429117,4734.675688652302,5420.864587406695
coco_000000009483,images/coco_000000009483.png,svd_only,0.1,0.1,1.0,21.839261231919682,0.9566920116179739,30.46224636170998,0.9352495935394667,0.9995344109321402,0.0,1,18778.425772678605,18298.172067176547,21.614231739149496,9469.351377304603,10841.72917481339
coco_000000009483,images/coco_000000009483.png,svd_texture,0.001,0.00022090552886765597,0.13433947651961772,59.10574477823295,0.9997813158107345,4.132469840078871,0.503292564724669,0.4423615228686419,0.41094970703125,0,41.482580766155884,250.65913109240606,74.73010002682125,20.918320740371396,23.94997917202047
coco_000000009483,images/coco_000000009483.png,svd_texture,0.005,0.00110452764433828,0.13433947651961772,59.10477717590123,0.9997813137185223,2.833179966805263,0.3230975317071065,0.3547055869055091,0.6053199768066406,0,207.4129038307794,250.6870559083576,60.750699940100866,104.591603701857,119.74989586010236
coco_000000009483,images/coco_000000009483.png,svd_texture,0.01,0.00220905528867656,0.13433947651961772,58.728291204278484,0.999765883134612,2.5248935236414822,0.27741826463316777,0.38201119317606463,0.6683197021484375,0,414.8258076615588,261.7919020901907,54.73010002682124,209.183207403714,239.4997917202047
coco_000000009483,images/coco_000000009483.png,svd_texture,0.02,0.00441811057735312,0.13433947651961772,51.43362490542981,0.9996158476338758,9.341385017869438,0.7786743897814006,0.9573803347517609,0.06851577758789062,1,829.6516153231177,606.302729665635,48.709500113541615,418.366414807428,478.9995834404094
coco_000000009483,images/coco_000000009483.png,svd_texture,0.05,0.011045276443382799,0.13433947651961772,42.15767963650487,0.999019293951525,16.688514470248062,0.9283396145859356,0.9956029100928753,0.0,1,2074.1290383077944,1763.9520968552406,40.750699940100866,1045.9160370185698,1197.4989586010236
coco_000000009483,images/coco_000000009483.png,svd_texture,0.1,0.022090552886765598,0.13433947651961772,35.499327356777506,0.9971096137249397,21.96628920240692,0.9670386453133551,0.9990287810752427,0.0,1,4148.258076615589,3796.6835527865633,34.73010002682124,2091.8320740371396,2394.997917202047
coco_000000009483,images/coco_000000009483.png,svd_yolo,0.001,0.0006734494043758799,0.6371660048620887,59.10574477823295,0.9997813158107345,3.2996374814408287,0.38726795949224585,0.37799674397890054,0.5208511352539062,0,126.46319651727079,250.65913109240606,65.04813227622519,63.771290448717025,73.01356055182677
coco_000000009483,images/coco_000000009483.png,svd_yolo,0.005,0.003367247021879399,0.6371660048620887,53.55672034873781,0.9995207479064415,7.007292660201308,0.67115675271996,0.8644302691367467,0.37735748291015625,0,632.3159825863539,474.82628402395756,51.06873218950482,318.8564522435851,365.0678027591338
coco_000000009483,images/coco_000000009483.png,svd_yolo,0.01,0.006734494043758798,0.6371660048620887,47.07859079718717,0.9993409085238597,12.788604387457172,0.8685296631039124,0.9834190091538436,0.001422882080078125,1,1264.6319651727079,1001.0164833807684,45.048132276225196,637.7129044871702,730.1356055182677
coco_000000009483,images/coco_000000009483.png,svd_yolo,0.02,0.013468988087517597,0.6371660048620887,40.233715708208095,0.99864779664603,18.045956733380237,0.9385875266763085,0.9967806045268314,0.0,1,2529.2639303454157,2201.329143949173,39.02753236294557,1275.4258089743405,1460.2712110365353
coco_000000009483,images/coco_000000009483.png,svd_yolo,0.05,0.03367247021879399,0.6371660048620887,31.5949797105417,0.9940231507935927,25.038506176890184,0.9757150755364609,0.9995340209459569,0.0,1,6323.159825863539,5951.436213217781,31.06873218950482,3188.564522435851,3650.6780275913384
coco_000000009483,images/coco_000000009483.png,svd_yolo,0.1,0.06734494043758799,0.6371660048620887,25.34225570465864,0.9787908545057288,29.1426076868485,0.9566269293634893,0.9996268903327505,0.0,1,12646.319651727077,12225.256602623931,25.048132276225196,6377.129044871702,7301.356055182677
coco_000000009590,images/coco_000000009590.png,svd_only,0.001,0.001,1.0,58.73685435819118,0.9974435950028946,2.6305728918374918,0.26309215313162126,0.28564873515763806,0.6344032287597656,0,187.78425772678605,261.5339366124404,61.61423173914949,94.69351377304604,108.41729174813389
coco_000000009590,images/coco_000000009590.png,svd_only,0.005,0.005,1.0,49.98644490773203,0.9972818220704825,10.468678736738099,0.8098976444251357,0.9754473346215746,0.036800384521484375,1,938.9212886339302,716.223428826508,47.63483165242911,473.46756886523013,542.0864587406695
coco_000000009590,images/coco_000000009590.png,svd_only,0.01,0.01,1.0,43.29722803213762,0.9964676201392993,14.635433063784847,0.9128195126703366,0.9951862565528528,0.000102996826171875,1,1877.8425772678604,1547.0678718142913,41.61423173914949,946.9351377304603,1084.172917481339
coco_000000009590,images/coco_000000009590.png,svd_only,0.02,0.02,1.0,37.284341298385435,0.9925513163888895,14.606643846602633,0.9037990708656154,0.9955609371322082,6.4849853515625e-05,1,3755.685154535721,3091.38933167597,35.59363182586987,1893.8702754609205,2168.345834962678
coco_000000009590,images/coco_000000009590.png,svd_only,0.05,0.05,1.0,29.889544474694148,0.9746469710519597,11.572898531407239,0.7761625903246324,0.9836153475309425,0.003742218017578125,1,9389.212886339303,7242.584069239376,27.634831652429117,4734.675688652302,5420.864587406695
coco_000000009590,images/coco_000000009590.png,svd_only,0.1,0.1,1.0,24.428985718804338,0.9301144151506998,9.609990484218963,0.6686532938908294,0.9587379606284643,0.07059478759765625,1,18778.425772678605,13580.678959462963,21.614231739149496,9469.351377304603,10841.72917481339
coco_000000009590,images/coco_000000009590.png,svd_texture,0.001,0.0002408192437973152,0.15646582644146131,58.73685435819118,0.9974435950028946,3.6673785468558506,0.4035985391262808,0.33603376431304355,0.4805793762207031,0,45.22206294280476,261.5339366124404,73.98040797272826,22.804020379335597,26.108970213338505
coco_000000009590,images/coco_000000009590.png,svd_texture,0.005,0.001204096218986576,0.15646582644146131,58.73685435819118,0.9974435950028946,2.4896849116088533,0.24457850044233811,0.28335888060099235,0.6523170471191406,0,226.11031471402381,261.5339366124404,60.00100788600788,114.02010189667799,130.54485106669253
coco_000000009590,images/coco_000000009590.png,svd_texture,0.01,0.002408192437973152,0.15646582644146131,55.59676457331613,0.9974166260587327,6.5115190090875235,0.6364757704827854,0.8940661743834142,0.4811592102050781,1,452.22062942804763,375.4330832518626,53.98040797272826,228.04020379335597,261.08970213338506
coco_000000009590,images/coco_000000009590.png,svd_texture,0.02,0.004816384875946304,0.15646582644146131,50.27175605489539,0.9972971716759153,10.367203817654975,0.8061992214128056,0.9745469597503386,0.0370330810546875,1,904.4412588560953,693.0793605352853,47.95980805944863,456.08040758671194,522.1794042667701
coco_000000009590,images/coco_000000009590.png,svd_texture,0.05,0.01204096218986576,0.15646582644146131,41.60869157634895,0.9959070542695326,15.103456709504613,0.9204707736130421,0.996081422504167,5.7220458984375e-05,1,2261.103147140238,1879.0407127042245,40.00100788600788,1140.2010189667799,1305.4485106669254
coco_000000009590,images/coco_000000009590.png,svd_texture,0.1,0.02408192437973152,0.15646582644146131,35.76651499397739,0.9904240478337146,14.033234084023253,0.8794702066432754,0.9943861917294093,7.2479248046875e-05,1,4522.206294280476,3681.6713595865667,33.98040797272826,2280.4020379335598,2610.8970213338507
coco_000000009590,images/coco_000000009590.png,svd_yolo,0.001,0.0008277625300702225,0.8086250334113584,58.73685435819118,0.9974435950028946,2.7804384573574117,0.28284762389388146,0.28858750921417553,0.6139183044433594,0,155.44077228328317,261.5339366124404,63.25611646895989,78.38374254201604,89.74377172079677
coco_000000009590,images/coco_000000009590.png,svd_yolo,0.005,0.004138812650351113,0.8086250334113584,51.55702443930649,0.9973171441512868,9.526304836626291,0.7795801611687662,0.9649741209783466,0.06291961669921875,1,777.2038614164157,597.7499477206167,49.27671638223951,391.91871271008023,448.7188586039839
coco_000000009590,images/coco_000000009590.png,svd_yolo,0.01,0.008277625300702226,0.8086250334113584,45.03480859753357,0.9968168503494379,13.91893499945663,0.9018369227319408,0.9933920967713203,0.00022125244140625,1,1554.4077228328315,1266.5733298944835,43.25611646895989,783.8374254201605,897.4377172079678
coco_000000009590,images/coco_000000009590.png,svd_yolo,0.02,0.01655525060140445,0.8086250334113584,38.859370684327345,0.9941813934480709,15.029183440599763,0.9186450794239361,0.9961890509520049,6.4849853515625e-05,1,3108.815445665663,2578.7083976285494,37.23551655568026,1567.674850840321,1794.8754344159356
coco_000000009590,images/coco_000000009590.png,svd_yolo,0.05,0.041388126503511126,0.8086250334113584,31.410168485446142,0.9803758074591018,12.157109030091465,0.8013931061688875,0.9873368842778304,0.000926971435546875,1,7772.0386141641575,6079.422752202712,29.276716382239513,3919.187127100802,4487.188586039839
coco_000000009590,images/coco_000000009590.png,svd_yolo,0.1,0.08277625300702225,0.8086250334113584,25.89263818725167,0.9469330002014879,10.128736587917492,0.7000076924708173,0.9681793788062163,0.022396087646484375,1,15544.077228328315,11474.63446040875,23.25611646895989,7838.374254201604,8974.377172079678
coco_000000009772,images/coco_000000009772.png,svd_only,0.001,0.001,1.0,60.61740209945185,0.9992253049964744,2.733918407433265,0.29988846979927974,0.3719034502190833,0.647674560546875,0,187.78425772678605,210.6205118216172,61.61423173914949,94.69351377304604,108.41729174813389
coco_000000009772,images/coco_000000009772.png,svd_only,0.005,0.005,1.0,50.75735902604913,0.9988745762796335,8.862429353769857,0.7698804085642451,0.9560074611715984,0.17525482177734375,1,938.9212886339302,655.3945376641462,47.63483165242911,473.46756886523013,542.0864587406695
coco_000000009772,images/coco_000000009772.png,svd_only,0.01,0.01,1.0,43.64960063607589,0.9980964253863743,13.125614805235106,0.8719272920855067,0.9916075257061912,3.0517578125e-05,1,1877.8425772678604,1485.5618465752275,41.61423173914949,946.9351377304603,1084.172917481339
coco_000000009772,images/coco_000000009772.png,svd_only,0.02,0.02,1.0,36.98899867577924,0.9956039840733434,15.504130647012076,0.8319669463325815,0.9914179080688315,1.52587890625e-05,1,3755.685154535721,3198.3120548189163,35.59363182586987,1893.8702754609205,2168.345834962678
coco_000000009772,images/coco_000000009772.png,svd_only,0.05,0.05,1.0,28.692581793605004,0.980116142942272,16.15648643863899,0.746403988495576,0.9851575259322367,1.52587890625e-05,1,9389.212886339303,8312.69180229846,27.634831652429117,4734.675688652302,5420.864587406695
coco_000000009772,images/coco_000000009772.png,svd_only,0.1,0.1,1.0,22.745602721724858,0.9371593787662977,15.24345067553924,0.7083651320229242,0.979109700877918,1.52587890625e-05,1,18778.425772678605,16485.063815466412,21.614231739149496,9469.351377304603,10841.72917481339
coco_000000009772,images/coco_000000009772.png,svd_texture,0.001,0.0002291037793135074,0.14344864368167487,60.61759790399738,0.999225305162596,4.160201981003467,0.49846022781719895,0.4314380455814212,0.4081611633300781,0,43.02208314078839,210.61576389244942,74.41358667107836,21.69464188188051,24.838811282432616
coco_000000009772,images/coco_000000009772.png,svd_texture,0.005,0.001145518896567537,0.14344864368167487,60.615053133229196,0.9992252966313533,2.6105146358024998,0.2822532019072684,0.3717690507244079,0.6691627502441406,0,215.11041570394192,210.67747862550473,60.43418658435799,108.47320940940254,124.19405641216306
coco_000000009772,images/coco_000000009772.png,svd_texture,0.01,0.002291037793135074,0.14344864368167487,58.826796990462896,0.9991924394958202,3.2539799411494137,0.3628736073893948,0.5399002204950443,0.6848869323730469,0,430.22083140788385,258.83971874501793,54.41358667107836,216.94641881880509,248.38811282432613
coco_000000009772,images/coco_000000009772.png,svd_texture,0.02,0.004582075586270148,0.14344864368167487,51.65413665032037,0.9989284822222041,8.21513087185198,0.739166820329905,0.9414378986148579,0.27645111083984375,1,860.4416628157677,591.1040517540038,48.39298675779874,433.89283763761017,496.77622564865226
coco_000000009772,images/coco_000000009772.png,svd_texture,0.05,0.011455188965675371,0.14344864368167487,42.29381628649763,0.9977969093699509,13.810037364666707,0.8747155322054846,0.9927081902292765,2.288818359375e-05,1,2151.1041570394195,1736.5206592494085,40.43418658435799,1084.7320940940256,1241.9405641216308
coco_000000009772,images/coco_000000009772.png,svd_texture,0.1,0.022910377931350742,0.14344864368167487,35.72455767745472,0.9945614656890435,15.761213865334105,0.8168846043180643,0.9905694434818543,1.52587890625e-05,1,4302.208314078839,3699.498749830847,34.41358667107836,2169.464188188051,2483.8811282432616
coco_000000009772,images/coco_000000009772.png,svd_yolo,0.001,0.0002329807563952146,0.14775639599468288,60.61759790399738,0.999225305162596,4.14834444241932,0.49686309810854007,0.43055342628998716,0.4095611572265625,0,43.75011840430054,210.61576389244942,74.26783072090467,22.061766464564933,25.259142637800892
coco_000000009772,images/coco_000000009772.png,svd_yolo,0.005,0.001164903781976073,0.14775639599468288,60.61407477214846,0.9992252935196021,2.596956342379343,0.28033223744168784,0.37194789585715404,0.6709098815917969,0,218.75059202150268,210.70121024806667,60.28843063418429,110.30883232282467,126.29571318900446
coco_000000009772,images/coco_000000009772.png,svd_yolo,0.01,0.002329807563952146,0.14775639599468288,58.70749292224977,0.9991893455504465,3.31039572991687,0.369338128572847,0.5475342492282154,0.6842842102050781,0,437.50118404300537,262.41951146970763,54.26783072090466,220.61766464564934,252.59142637800892
coco_000000009772,images/coco_000000009772.png,svd_yolo,0.02,0.004659615127904292,0.14775639599468288,51.483279334351444,0.9989183831121148,8.338724955788678,0.7452020038186337,0.9445010225607101,0.255401611328125,1,875.0023680860107,602.846580814721,48.24723080762504,441.2353292912987,505.18285275601784
coco_000000009772,images/coco_000000009772.png,svd_yolo,0.05,0.01164903781976073,0.14775639599468288,42.1322855912906,0.9977570893782012,13.877649292604383,0.8747290528806125,0.9927898547031919,1.52587890625e-05,1,2187.505920215027,1769.1167287660812,40.28843063418429,1103.0883232282467,1262.9571318900448
coco_000000009772,images/coco_000000009772.png,svd_yolo,0.1,0.02329807563952146,0.14775639599468288,35.567441149569206,0.9944200558345425,15.794185274802029,0.8147114809868633,0.9904681638778237,1.52587890625e-05,1,4375.011840430054,3767.026811691151,34.26783072090466,2206.1766464564935,2525.9142637800896
coco_000000009891,images/coco_000000009891.png,svd_only,0.001,0.001,1.0,62.16721895873366,0.999886175806873,2.370028031301129,0.25538006723815165,0.3394610899132306,0.6738128662109375,0,187.78425772678605,176.20158909612593,61.61423173914949,94.69351377304604,108.41729174813389
coco_000000009891,images/coco_000000009891.png,svd_only,0.005,0.005,1.0,51.1966586965164,0.9996452472263228,8.147887880347417,0.7467211498876868,0.9536753360993989,0.312347412109375,1,938.9212886339302,623.0714244771622,47.63483165242911,473.46756886523013,542.0864587406695
coco_000000009891,images/coco_000000009891.png,svd_only,0.01,0.01,1.0,43.900385071585966,0.9991417586166258,12.015139356294478,0.8650939888674406,0.9901784820518703,0.000415802001953125,1,1877.8425772678604,1443.2830630198637,41.61423173914949,946.9351377304603,1084.172917481339
coco_000000009891,images/coco_000000009891.png,svd_only,0.02,0.02,1.0,37.1956208112822,0.9974183745501715,14.297445372617004,0.8505659214679225,0.9944229926948248,0.000148773193359375,1,3755.685154535721,3123.127599058354,35.59363182586987,1893.8702754609205,2168.345834962678
coco_000000009891,images/coco_000000009891.png,svd_only,0.05,0.05,1.0,28.990085302178997,0.9868836325379892,14.769294574859956,0.7778871108240284,0.9930594045615225,0.0002288818359375,1,9389.212886339303,8032.791669152139,27.634831652429117,4734.675688652302,5420.864587406695
coco_000000009891,images/coco_000000009891.png,svd_only,0.1,0.1,1.0,23.269213524620504,0.956641477267464,13.239779538585124,0.7163950914493521,0.9887820956764235,0.000453948974609375,1,18778.425772678605,15520.656687137951,21.614231739149496,9469.351377304603,10841.72917481339
coco_000000009891,images/coco_000000009891.png,svd_texture,0.001,0.00027636718419705867,0.19596353799673183,62.16721895873366,0.999886175806873,3.4014004272609784,0.41048016784105595,0.37219105772896954,0.4916839599609375,0,51.897406544486614,176.20158909612593,72.78450226526742,26.170179763182123,29.962981638702768
coco_000000009891,images/coco_000000009891.png,svd_texture,0.005,0.0013818359209852931,0.19596353799673183,62.16721895873366,0.999886175806873,2.1752304087776575,0.22817997831817202,0.3386757940470981,0.6888999938964844,0,259.487032722433,176.20158909612593,58.805102178547045,130.8508988159106,149.81490819351382
coco_000000009891,images/coco_000000009891.png,svd_texture,0.01,0.0027636718419705862,0.19596353799673183,57.264567330091594,0.9997759112684946,4.418788329064058,0.48671883489703394,0.7880271346049772,0.664093017578125,0,518.974065444866,309.8435088879546,52.78450226526742,261.7017976318212,299.62981638702763
coco_000000009891,images/coco_000000009891.png,svd_texture,0.02,0.0055273436839411725,0.19596353799673183,50.02060445677089,0.999599146919817,8.880131872925658,0.7766893415467077,0.965578028546025,0.12656402587890625,1,1037.948130889732,713.4122230520023,46.7639023519878,523.4035952636424,599.2596327740553
coco_000000009891,images/coco_000000009891.png,svd_texture,0.05,0.013818359209852932,0.19596353799673183,40.704959531924644,0.9985886655546109,13.29148231957854,0.8725536444078393,0.9932976949765738,0.000194549560546875,1,2594.8703272243306,2085.0803341837936,38.805102178547045,1308.5089881591061,1498.1490819351384
coco_000000009891,images/coco_000000009891.png,svd_texture,0.1,0.027636718419705865,0.19596353799673183,34.21805542762408,0.995452334389264,14.804473152031722,0.8243874555799778,0.9943530921125742,0.000152587890625,1,5189.740654448661,4400.155224534698,32.78450226526742,2617.0179763182123,2996.2981638702768
coco_000000009891,images/coco_000000009891.png,svd_yolo,0.001,0.0006358243790389024,0.595360421154336,62.16721895873366,0.999886175806873,2.7211387799924442,0.30720552757530467,0.3411423923241041,0.6229972839355469,0,119.39780906241495,176.20158909612593,65.54748822324952,60.20844459375874,68.93435720283675
coco_000000009891,images/coco_000000009891.png,svd_yolo,0.005,0.003179121895194512,0.595360421154336,55.672572728059066,0.9997835240953491,5.564287092409809,0.5846864930835947,0.8741296182060783,0.6079177856445312,0,596.9890453120747,372.1706597785484,51.56808813652915,301.0422229687937,344.67178601418374
coco_000000009891,images/coco_000000009891.png,svd_yolo,0.01,0.006358243790389024,0.595360421154336,48.57480742097576,0.9995486545798888,9.660019754105466,0.8073401297149871,0.9765526185123751,0.04709625244140625,1,1193.9780906241494,842.6173508776092,45.54748822324953,602.0844459375874,689.3435720283675
coco_000000009891,images/coco_000000009891.png,svd_yolo,0.02,0.012716487580778047,0.595360421154336,41.51130045299017,0.998776211899493,13.006444012371649,0.8740232612820584,0.9927897096474767,0.000240325927734375,1,2387.956181248299,1900.2281441974276,39.5268883099699,1204.1688918751747,1378.687144056735
coco_000000009891,images/coco_000000009891.png,svd_yolo,0.05,0.031791218951945116,0.595360421154336,32.95731254244697,0.9941491410804897,14.913052872687976,0.8120416582667954,0.9941577784527801,0.00016021728515625,1,5969.890453120746,5087.508427511448,31.568088136529152,3010.4222296879366,3446.7178601418373
coco_000000009891,images/coco_000000009891.png,svd_yolo,0.1,0.06358243790389023,0.595360421154336,26.958080450558953,0.9799434176194435,14.402006778927163,0.7580023019499601,0.9920838121030462,0.00030517578125,1,11939.780906241493,10150.016453188635,25.547488223249527,6020.844459375873,6893.4357202836745
coco_000000009914,images/coco_000000009914.png,svd_only,0.001,0.001,1.0,60.98805802443686,0.9998068856120222,2.5633208535157284,0.2790063635795528,0.3595071366344947,0.6705970764160156,0,187.78425772678605,201.8217034909774,61.61423173914949,94.69351377304604,108.41729174813389
coco_000000009914,images/coco_000000009914.png,svd_only,0.005,0.005,1.0,50.54910835584796,0.9996279122573393,9.707366356558204,0.8032208488299656,0.9630766122451647,0.058010101318359375,1,938.9212886339302,671.2979964218573,47.63483165242911,473.46756886523013,542.0864587406695
coco_000000009914,images/coco_000000009914.png,svd_only,0.01,0.01,1.0,43.25942568204838,0.9992828179437495,15.445755304427653,0.9170975166714479,0.9931442601926042,3.814697265625e-06,1,1877.8425772678604,1553.8156261281451,41.61423173914949,946.9351377304603,1084.172917481339
coco_000000009914,images/coco_000000009914.png,svd_only,0.02,0.02,1.0,36.437885850070444,0.9978550978388986,21.327264419651538,0.9692699433454798,0.9986068896797118,0.0,1,3755.685154535721,3407.81865714712,35.59363182586987,1893.8702754609205,2168.345834962678
coco_000000009914,images/coco_000000009914.png,svd_only,0.05,0.05,1.0,27.998609814983332,0.9879163971993615,28.39724594315654,0.9896857298202916,0.9997983806765371,0.0,1,9389.212886339303,9004.099344187624,27.634831652429117,4734.675688652302,5420.864587406695
coco_000000009914,images/coco_000000009914.png,svd_only,0.1,0.1,1.0,21.912434599411597,0.9555054828992723,28.91086052961593,0.9464776622607829,0.9995246612589219,0.0,1,18778.425772678605,18144.66852824818,21.614231739149496,9469.351377304603,10841.72917481339
coco_000000009914,images/coco_000000009914.png,svd_texture,0.001,0.00032653898696250323,0.25170998551389245,60.98805802443686,0.9998068856120222,3.6644976992091416,0.42405702641890164,0.40595904270450517,0.4895744323730469,0,61.31888128561034,201.8217034909774,71.33553091747234,30.921124059370296,35.4024726166538
coco_000000009914,images/coco_000000009914.png,svd_texture,0.005,0.001632694934812516,0.25170998551389245,60.98581953040192,0.9998068314639935,2.2201565514729626,0.23349852167947585,0.3573148156367248,0.6888084411621094,0,306.5944064280517,201.87372290617716,57.356130830751965,154.60562029685147,177.012363083269
coco_000000009914,images/coco_000000009914.png,svd_texture,0.01,0.003265389869625032,0.25170998551389245,55.10034976816338,0.9997055895254569,5.592007429562584,0.594208279627613,0.8236050954547661,0.5615272521972656,0,613.1888128561034,397.5147795994509,51.33553091747234,309.21124059370294,354.024726166538
coco_000000009914,images/coco_000000009914.png,svd_texture,0.02,0.006530779739250064,0.25170998551389245,47.734262702946026,0.9995592766587472,11.853192873551686,0.8604886294441233,0.9814807143983011,0.033306121826171875,1,1226.3776257122067,928.2343454106834,45.31493100419272,618.4224811874059,708.049452333076
coco_000000009914,images/coco_000000009914.png,svd_texture,0.05,0.01632694934812516,0.25170998551389245,38.386391677218604,0.9984893577928103,19.60238575125213,0.9584145155737809,0.9977815397263624,0.0,1,3065.9440642805166,2723.0222180511123,37.356130830751965,1546.0562029685148,1770.1236308326902
coco_000000009914,images/coco_000000009914.png,svd_texture,0.1,0.03265389869625032,0.25170998551389245,31.860423449946104,0.9946861299708599,25.373805128761077,0.9848921160700738,0.9995276342229619,0.0,1,6131.888128561033,5772.309329895618,31.335530917472344,3092.1124059370295,3540.2472616653804
coco_000000009914,images/coco_000000009914.png,svd_yolo,0.001,0.0007203366096536867,0.6892628996152075,60.98805802443686,0.9998068856120222,2.862097137693622,0.3190559105265774,0.364974110188873,0.631988525390625,0,135.26787555724718,201.8217034909774,64.46352198959524,68.21120466747067,78.0969443656854
coco_000000009914,images/coco_000000009914.png,svd_yolo,0.005,0.0036016830482684336,0.6892628996152075,53.932897176266536,0.9996852385395377,6.690812241887915,0.6715208528276416,0.8864954522612621,0.42549896240234375,0,676.3393777862359,454.7010006586746,50.48412190287486,341.05602333735334,390.484721828427
coco_000000009914,images/coco_000000009914.png,svd_yolo,0.01,0.007203366096536867,0.6892628996152075,46.704986166600975,0.999515207693431,12.613594813733933,0.8755685053342325,0.985046091814859,0.000789642333984375,1,1352.6787555724718,1045.0124401173414,44.463521989595236,682.1120466747067,780.969443656854
coco_000000009914,images/coco_000000009914.png,svd_yolo,0.02,0.014406732193073734,0.6892628996152075,39.59979922789044,0.998779811869046,18.579574672793918,0.9495150271854781,0.9970570941566738,0.0,1,2705.3575111449436,2367.9951435761013,38.44292207631561,1364.2240933494134,1561.938887313708
coco_000000009914,images/coco_000000009914.png,svd_yolo,0.05,0.03601683048268434,0.6892628996152075,30.963158884158336,0.9935940298314153,26.134595632110727,0.9868807121557693,0.9996179662161829,0.0,1,6763.3937778623595,6400.484122314499,30.48412190287486,3410.5602333735333,3904.8472182842697
coco_000000009914,images/coco_000000009914.png,svd_yolo,0.1,0.07203366096536867,0.6892628996152075,24.76274628689096,0.9757285506889154,29.636135950020165,0.9804992990965814,0.9997881885410224,0.0,1,13526.787555724719,13068.732073158437,24.463521989595236,6821.1204667470665,7809.6944365685395
coco_000000010092,images/coco_000000010092.png,svd_only,0.001,0.001,1.0,61.873288363370015,0.9999081444737249,2.497850460964353,0.2725934722999101,0.3316360762818217,0.6525306701660156,0,187.78425772678605,182.26628870967883,61.61423173914949,94.69351377304604,108.41729174813389
coco_000000010092,images/coco_000000010092.png,svd_only,0.005,0.005,1.0,50.89171371236492,0.9996223385815136,8.921635559396238,0.7729618206086549,0.9578973242751724,0.12252426147460938,1,938.9212886339302,645.3347968302965,47.63483165242911,473.46756886523013,542.0864587406695
coco_000000010092,images/coco_000000010092.png,svd_only,0.01,0.01,1.0,43.6267936384949,0.9988475095343534,13.56105090482848,0.9024009802541838,0.9924414215501903,4.57763671875e-05,1,1877.8425772678604,1489.4676901497394,41.61423173914949,946.9351377304603,1084.172917481339
coco_000000010092,images/coco_000000010092.png,svd_only,0.02,0.02,1.0,37.070165626154804,0.9963216406125531,15.566027780058747,0.8828150452513922,0.993589586259366,1.1444091796875e-05,1,3755.685154535721,3168.5640280732846,35.59363182586987,1893.8702754609205,2168.345834962678
coco_000000010092,images/coco_000000010092.png,svd_only,0.05,0.05,1.0,28.97186832729318,0.9822387030992811,14.924075942188415,0.7658335011328891,0.9835241263263867,1.9073486328125e-05,1,9389.212886339303,8049.656576525485,27.634831652429117,4734.675688652302,5420.864587406695
coco_000000010092,images/coco_000000010092.png,svd_only,0.1,0.1,1.0,23.186438968684072,0.9446813482063042,13.21604385845687,0.6990026587543886,0.968078847104163,6.103515625e-05,1,18778.425772678605,15669.272031591001,21.614231739149496,9469.351377304603,10841.72917481339
coco_000000010092,images/coco_000000010092.png,svd_texture,0.001,0.00028429434764771686,0.20477149738635203,61.873288363370015,0.9999081444737249,3.5279801821670547,0.4213708013746425,0.3806349209418245,0.48401641845703125,0,53.38600304894737,182.26628870967883,72.53886723685027,26.920830724578213,30.822423231267923
coco_000000010092,images/coco_000000010092.png,svd_texture,0.005,0.001421471738238584,0.20477149738635203,61.87211196260523,0.9999081418731155,2.2612880104316484,0.2389106180896646,0.33111386675035426,0.6825752258300781,0,266.9300152447368,182.2909761891685,58.5594671501299,134.60415362289103,154.1121161563396
coco_000000010092,images/coco_000000010092.png,svd_texture,0.01,0.002842943476477168,0.20477149738635203,56.725199842252906,0.9998085556055781,4.775490998062434,0.5215273459670816,0.7748325998805816,0.6527786254882812,0,533.8600304894736,329.6937973332225,52.53886723685027,269.20830724578207,308.2242323126792
coco_000000010092,images/coco_000000010092.png,svd_texture,0.02,0.005685886952954336,0.20477149738635203,49.37265032708429,0.9995302979919353,10.073952404076323,0.8095375154761246,0.9704264959625323,0.04297637939453125,1,1067.7200609789472,768.667028042702,46.518267323570655,538.4166144915641,616.4484646253584
coco_000000010092,images/coco_000000010092.png,svd_texture,0.05,0.014214717382385842,0.20477149738635203,40.23516424031424,0.9979273526653015,14.937433572709129,0.912708494375959,0.9945084846671253,1.52587890625e-05,1,2669.3001524473684,2200.9620623718165,38.5594671501299,1346.0415362289104,1541.121161563396
coco_000000010092,images/coco_000000010092.png,svd_texture,0.1,0.028429434764771683,0.20477149738635203,33.90003503416523,0.9932237382426804,15.63772217370095,0.8350081680031857,0.9907373579579417,1.52587890625e-05,1,5338.600304894737,4564.2457208174055,32.53886723685027,2692.083072457821,3082.242323126792
coco_000000010092,images/coco_000000010092.png,svd_yolo,0.001,0.0005164397432443335,0.46271082582703726,61.873288363370015,0.9999081444737249,3.051216924685092,0.35177358472344594,0.34801913484654146,0.5570640563964844,0,96.97925384574914,182.26628870967883,67.35383860841027,48.90349393985565,55.99099831365227
coco_000000010092,images/coco_000000010092.png,svd_yolo,0.005,0.0025821987162216674,0.46271082582703726,58.22352347620352,0.9998263849601692,3.6957171242772526,0.4155750550733652,0.6444452479001254,0.6776046752929688,0,484.89626922874567,277.4563028658747,53.374438521689896,244.51746969927822,279.95499156826133
coco_000000010092,images/coco_000000010092.png,svd_yolo,0.01,0.005164397432443335,0.46271082582703726,50.50109209799017,0.9995973685178109,9.212586089470898,0.7829550569088877,0.9614855023086474,0.0884552001953125,1,969.7925384574913,675.0192589845122,47.35383860841027,489.03493939855645,559.9099831365227
coco_000000010092,images/coco_000000010092.png,svd_yolo,0.02,0.01032879486488667,0.46271082582703726,43.3088438807792,0.9987815625474714,13.716181087077143,0.9055258421593234,0.992844577681196,3.0517578125e-05,1,1939.5850769149827,1545.0003236245616,41.333238695130646,978.0698787971129,1119.8199662730453
coco_000000010092,images/coco_000000010092.png,svd_yolo,0.05,0.025821987162216675,0.46271082582703726,34.759150891042516,0.9942666181722668,15.668686232173751,0.8477679398902119,0.9917059131247633,1.1444091796875e-05,1,4848.962692287457,4134.406970775857,33.374438521689896,2445.1746969927826,2799.549915682613
coco_000000010092,images/coco_000000010092.png,svd_yolo,0.1,0.05164397432443335,0.46271082582703726,28.695701940016495,0.9812502737647225,14.862205910261485,0.7626604957363355,0.9830334806255058,1.9073486328125e-05,1,9697.925384574914,8309.70625232926,27.35383860841028,4890.349393985565,5599.099831365226
coco_000000010363,images/coco_000000010363.png,svd_only,0.001,0.001,1.0,65.74564429962467,0.9999386392184042,2.0569578836669686,0.2087038571965337,0.3161694107509319,0.6894416809082031,0,187.78425772678605,116.70475568716127,61.61423173914949,94.69351377304604,108.41729174813389
coco_000000010363,images/coco_000000010363.png,svd_only,0.005,0.005,1.0,50.668848611775,0.9996808759071718,9.799837200737224,0.8022738801843553,0.9678827672557484,0.063018798828125,1,938.9212886339302,662.1072420688358,47.63483165242911,473.46756886523013,542.0864587406695
coco_000000010363,images/coco_000000010363.png,svd_only,0.01,0.01,1.0,43.2921503010529,0.998949373056197,15.202113311884027,0.9158607522364685,0.9938889170132817,7.62939453125e-06,1,1877.8425772678604,1547.9725449761697,41.61423173914949,946.9351377304603,1084.172917481339
coco_000000010363,images/coco_000000010363.png,svd_only,0.02,0.02,1.0,36.50426226730532,0.9966699293858886,20.529824764565614,0.9670633494696447,0.9991107847605261,0.0,1,3755.685154535721,3381.8758108481748,35.59363182586987,1893.8702754609205,2168.345834962678
coco_000000010363,images/coco_000000010363.png,svd_only,0.05,0.05,1.0,28.101098270575555,0.981702220170567,25.305240382430622,0.91108321629866,0.9994663574332054,0.0,1,9389.212886339303,8898.48054445252,27.634831652429117,4734.675688652302,5420.864587406695
coco_000000010363,images/coco_000000010363.png,svd_only,0.1,0.1,1.0,22.010446656083378,0.9355261754184769,24.48365219638825,0.8121065337662633,0.9980567566419902,0.0,1,18778.425772678605,17941.07393664047,21.614231739149496,9469.351377304603,10841.72917481339
coco_000000010363,images/coco_000000010363.png,svd_texture,0.001,0.000248737780113478,0.1652642001260867,65.76674056235228,0.9999386598174467,2.953968513037708,0.3335195679164451,0.3290942511563336,0.5594329833984375,0,46.70903940721799,116.42164747159353,73.69939665709732,23.553854407052523,26.96747647534612
coco_000000010363,images/coco_000000010363.png,svd_texture,0.005,0.0012436889005673901,0.1652642001260867,65.4275571476478,0.9999380352575944,2.1030542233014176,0.217666389633137,0.3656194451851069,0.6894950866699219,0,233.54519703608997,121.05783741666626,59.719996570376935,117.76927203526263,134.83738237673063
coco_000000010363,images/coco_000000010363.png,svd_texture,0.01,0.0024873778011347803,0.1652642001260867,60.10553967673112,0.999898472190654,3.5656946856299676,0.39681053484406537,0.7345751921969329,0.6889572143554688,0,467.09039407217995,223.40546098965442,53.699396657097324,235.53854407052526,269.67476475346126
coco_000000010363,images/coco_000000010363.png,svd_texture,0.02,0.004974755602269561,0.1652642001260867,50.71963873891291,0.9996821699351767,9.769055798505388,0.8012644323642405,0.9675297190532818,0.06302261352539062,1,934.1807881443599,658.2469141591171,47.6787967438177,471.0770881410505,539.3495295069225
coco_000000010363,images/coco_000000010363.png,svd_texture,0.05,0.012436889005673902,0.1652642001260867,41.090839642997345,0.9984929364445311,17.012752287595113,0.9364758580858266,0.9966451539063255,3.814697265625e-06,1,2335.4519703609,1994.475870999697,39.71999657037694,1177.6927203526263,1348.3738237673062
coco_000000010363,images/coco_000000010363.png,svd_texture,0.1,0.024873778011347804,0.1652642001260867,34.45794567369819,0.9950528099613964,22.007870058838968,0.9737791958424781,0.9994888292755426,0.0,1,4670.9039407218,4280.292863812007,33.69939665709732,2355.3854407052527,2696.7476475346125
coco_000000010363,images/coco_000000010363.png,svd_yolo,0.001,0.0007852559537353246,0.7613955041503606,65.76674056235228,0.9999386598174467,2.1541187418474244,0.2205509026755131,0.31252865672934316,0.6881523132324219,0,147.45870639772735,116.42164747159353,63.71400698190685,74.35864547040235,85.13532383308181
coco_000000010363,images/coco_000000010363.png,svd_yolo,0.005,0.003926279768676623,0.7613955041503606,53.31471722100228,0.9997376886090011,7.808134953096245,0.7219241969017617,0.9368018465267807,0.2606964111328125,1,737.2935319886368,488.2417434017702,49.734606895186474,371.79322735201174,425.6766191654091
coco_000000010363,images/coco_000000010363.png,svd_yolo,0.01,0.007852559537353246,0.7613955041503606,45.82152364718941,0.9993222029263326,13.169249550190674,0.8846255539443987,0.988593629240503,0.00016021728515625,1,1474.5870639772736,1156.896711033444,43.71400698190685,743.5864547040235,851.3532383308182
coco_000000010363,images/coco_000000010363.png,svd_yolo,0.02,0.01570511907470649,0.7613955041503606,38.81453185221912,0.9978045839024207,18.787126379464137,0.9544448098918861,0.9982908749134055,3.814697265625e-06,1,2949.174127954547,2592.0547833716787,37.693407068627224,1487.172909408047,1702.7064766616363
coco_000000010363,images/coco_000000010363.png,svd_yolo,0.05,0.03926279768676623,0.7613955041503606,30.273494271363166,0.9883987970239944,24.505157126530595,0.9500434951359145,0.999636466815758,0.0,1,7372.935319886368,6929.406756714459,29.734606895186474,3717.9322735201176,4256.766191654091
coco_000000010363,images/coco_000000010363.png,svd_yolo,0.1,0.07852559537353246,0.7613955041503606,24.113490855759565,0.9579371662820421,25.240379892230827,0.8368611504147578,0.9987105115408237,0.0,1,14745.870639772736,14083.033941590853,23.71400698190685,7435.864547040235,8513.532383308182
coco_000000010583,images/coco_000000010583.png,svd_only,0.001,0.001,1.0,60.68558345617895,0.9999173202599253,2.777584220030826,0.31592852679297134,0.38136871663541544,0.6381340026855469,0,187.78425772678605,208.9736825535694,61.61423173914949,94.69351377304604,108.41729174813389
coco_000000010583,images/coco_000000010583.png,svd_only,0.005,0.005,1.0,50.584126402607914,0.9997200293473189,9.73556140555496,0.7935435984925879,0.9610751226141435,0.0682525634765625,1,938.9212886339302,668.597038581536,47.63483165242911,473.46756886523013,542.0864587406695
coco_000000010583,images/coco_000000010583.png,svd_only,0.01,0.01,1.0,43.477857320860736,0.9992301444809577,14.37253494443089,0.9077200365449934,0.9909907474001535,3.814697265625e-06,1,1877.8425772678604,1515.2277056601097,41.61423173914949,946.9351377304603,1084.172917481339
coco_000000010583,images/coco_000000010583.png,svd_only,0.02,0.02,1.0,36.72708449257706,0.9977991990998819,18.03734934574386,0.9245911785670229,0.9947853091339132,3.814697265625e-06,1,3755.685154535721,3296.222686652102,35.59363182586987,1893.8702754609205,2168.345834962678
coco_000000010583,images/coco_000000010583.png,svd_only,0.05,0.05,1.0,28.418363151281774,0.9883436458750791,19.05879047423463,0.8681464821677806,0.989942588511243,3.814697265625e-06,1,9389.212886339303,8579.314949341819,27.634831652429117,4734.675688652302,5420.864587406695
coco_000000010583,images/coco_000000010583.png,svd_only,0.1,0.1,1.0,22.664484297820945,0.9591213264222033,16.566277402901648,0.7871287591028816,0.9827247497635913,7.62939453125e-06,1,18778.425772678605,16639.740683075564,21.614231739149496,9469.351377304603,10841.72917481339
coco_000000010583,images/coco_000000010583.png,svd_texture,0.001,0.00033581006712595695,0.2620111856955077,60.68558345617895,0.9999173202599253,3.918823759733041,0.475605357737475,0.43021500591175016,0.4435272216796875,0,63.05984419243002,208.9736825535694,71.09235750812877,31.799035216519314,36.4076180195553
coco_000000010583,images/coco_000000010583.png,svd_texture,0.005,0.0016790503356297849,0.2620111856955077,60.68538456241329,0.9999173167835309,2.341846224259276,0.25299177880954044,0.3802268443810813,0.6859931945800781,0,315.2992209621501,208.97846779034438,57.112957421408396,158.9951760825966,182.03809009777652
coco_000000010583,images/coco_000000010583.png,svd_texture,0.01,0.0033581006712595698,0.2620111856955077,55.1911929920782,0.9996562292854326,4.876797269487828,0.5254842675981676,0.7555767570069757,0.6003303527832031,0,630.5984419243002,393.37895215682295,51.09235750812877,317.9903521651932,364.07618019555304
coco_000000010583,images/coco_000000010583.png,svd_texture,0.02,0.0067162013425191396,0.2620111856955077,47.76510863145242,0.9995401186248613,11.182343549510161,0.8484777136555742,0.978174631974027,0.037014007568359375,1,1261.1968838486005,924.9437820754297,45.071757594849146,635.9807043303864,728.1523603911061
coco_000000010583,images/coco_000000010583.png,svd_texture,0.05,0.016790503356297847,0.2620111856955077,38.3832130262645,0.9983359124450512,17.322116460944983,0.9306862253203049,0.9947734121914571,3.814697265625e-06,1,3152.992209621501,2724.0189059549493,37.112957421408396,1589.9517608259657,1820.3809009777651
coco_000000010583,images/coco_000000010583.png,svd_texture,0.1,0.033581006712595694,0.2620111856955077,31.948429889494424,0.9944637919314485,19.229719792077947,0.893078953191342,0.9928038936549539,0.0,1,6305.984419243002,5714.118917208497,31.092357508128767,3179.9035216519314,3640.7618019555302
coco_000000010583,images/coco_000000010583.png,svd_yolo,0.001,0.0006141687439300438,0.5712986043667153,60.68558345617895,0.9999173202599253,3.3008277995667297,0.389230847228301,0.39259026173085254,0.5482597351074219,0,115.3312216978958,208.9736825535694,65.84847752514631,58.15779641231398,66.5865118932485
coco_000000010583,images/coco_000000010583.png,svd_yolo,0.005,0.0030708437196502185,0.5712986043667153,56.95988650048019,0.999738562735642,3.5913140511037684,0.3964612007623627,0.6151825543107126,0.6588287353515625,0,576.6561084894789,320.90497035726946,51.86907743842593,290.78898206156987,332.9325594662424
coco_000000010583,images/coco_000000010583.png,svd_yolo,0.01,0.006141687439300437,0.5712986043667153,48.796939131264956,0.9996273685220448,10.47526839368535,0.8319348758090154,0.9746255782999692,0.042781829833984375,1,1153.3122169789578,821.34158545638,45.84847752514632,581.5779641231397,665.8651189324848
coco_000000010583,images/coco_000000010583.png,svd_yolo,0.02,0.012283374878600874,0.5712986043667153,41.424731997424516,0.998959933101475,15.64017516081783,0.9245455178057438,0.9933601595346849,3.814697265625e-06,1,2306.6244339579157,1919.2615767528928,39.82787761186669,1163.1559282462795,1331.7302378649697
coco_000000010583,images/coco_000000010583.png,svd_yolo,0.05,0.030708437196502188,0.5712986043667153,32.75800324470316,0.9953063998744494,19.14114185559534,0.8986527866390112,0.993290722372216,0.0,1,5766.56108489479,5205.597756262003,31.86907743842594,2907.8898206156987,3329.3255946624245
coco_000000010583,images/coco_000000010583.png,svd_yolo,0.1,0.061416874393004375,0.5712986043667153,26.650842006652667,0.9829181658814227,18.599441020611312,0.8551177956591588,0.9881040127481392,3.814697265625e-06,1,11533.12216978958,10515.469509251596,25.848477525146315,5815.779641231397,6658.651189324849
coco_000000010707,images/coco_000000010707.png,svd_only,0.001,0.001,1.0,57.53703550514936,0.9993518676047026,3.1326021629059575,0.35969530422357576,0.37381994540602526,0.56353759765625,0,187.78425772678605,300.2748740737393,61.61423173914949,94.69351377304604,108.41729174813389
coco_000000010707,images/coco_000000010707.png,svd_only,0.005,0.005,1.0,50.384214524365724,0.9990100710917152,9.36065549541049,0.7958208855143778,0.9582514249718133,0.090576171875,1,938.9212886339302,684.163723095576,47.63483165242911,473.46756886523013,542.0864587406695
coco_000000010707,images/coco_000000010707.png,svd_only,0.01,0.01,1.0,43.57862893114437,0.9981092469792919,12.828356582522797,0.8915438369116071,0.9741830878997454,3.0517578125e-05,1,1877.8425772678604,1497.7499791353696,41.61423173914949,946.9351377304603,1084.172917481339
coco_000000010707,images/coco_000000010707.png,svd_only,0.02,0.02,1.0,37.086560333733566,0.995325530842141,13.894617668542393,0.892133714679579,0.9633480758061592,3.814697265625e-06,1,3755.685154535721,3162.5889710804977,35.59363182586987,1893.8702754609205,2168.345834962678
coco_000000010707,images/coco_000000010707.png,svd_only,0.05,0.05,1.0,29.022404536683002,0.9811535786244869,12.888957620415136,0.8460137100350726,0.9332038890630286,7.62939453125e-06,1,9389.212886339303,8002.958078110868,27.634831652429117,4734.675688652302,5420.864587406695
coco_000000010707,images/coco_000000010707.png,svd_only,0.1,0.1,1.0,23.248314823551706,0.9446798991259371,11.523984181435015,0.7977709086799164,0.904799307732647,1.1444091796875e-05,1,18778.425772678605,15558.045153553194,21.614231739149496,9469.351377304603,10841.72917481339
coco_000000010707,images/coco_000000010707.png,svd_texture,0.001,0.0002018706348320896,0.11318959425787732,57.53703550514936,0.9993518676047026,4.317059460873126,0.5429366121488713,0.4447087574183559,0.4104347229003906,0,37.90812731877903,300.2748740737393,75.51276876373461,19.115839739846024,21.88626751197166
coco_000000010707,images/coco_000000010707.png,svd_texture,0.005,0.0010093531741604482,0.11318959425787732,57.53703550514936,0.9993518676047026,3.1226625281200486,0.3583428333468202,0.3734986837881411,0.5662498474121094,0,189.54063659389516,300.2748740737393,61.53336867701423,95.57919869923012,109.4313375598583
coco_000000010707,images/coco_000000010707.png,svd_texture,0.01,0.0020187063483208963,0.11318959425787732,57.35461245611689,0.9993471894639097,2.6454252452425604,0.2890634390126258,0.39243724911473865,0.6678657531738281,0,379.0812731877903,306.64800667866734,55.512768763734606,191.15839739846024,218.8626751197166
coco_000000010707,images/coco_000000010707.png,svd_texture,0.02,0.004037412696641793,0.11318959425787732,51.70758826094218,0.9990230984201288,8.937273263790484,0.76948227961025,0.9386069797852178,0.13339996337890625,1,758.1625463755806,587.4776591496906,49.49216885045498,382.3167947969205,437.7253502394332
coco_000000010707,images/coco_000000010707.png,svd_texture,0.05,0.010093531741604482,0.11318959425787732,43.493942944742166,0.9980903155646583,12.845326810382794,0.8917940912750318,0.9740579606641832,1.9073486328125e-05,1,1895.4063659389517,1512.4242129772983,41.53336867701423,955.7919869923013,1094.3133755985832
coco_000000010707,images/coco_000000010707.png,svd_texture,0.1,0.020187063483208964,0.11318959425787732,37.00211880488081,0.9952709755273029,13.889876029633289,0.8917233211004115,0.962980770328766,3.814697265625e-06,1,3790.8127318779034,3193.4846171541208,35.51276876373461,1911.5839739846026,2188.6267511971664
coco_000000010707,images/coco_000000010707.png,svd_yolo,0.001,0.0007762653777567384,0.7514059752852648,57.53703550514936,0.9993518676047026,3.400110476087267,0.39659264147369483,0.3840980632596836,0.5193862915039062,0,145.7704177610523,300.2748740737393,63.81402740695448,73.50729624014649,84.16058993422767
coco_000000010707,images/coco_000000010707.png,svd_yolo,0.005,0.0038813268887836917,0.7514059752852648,51.97438514303385,0.9990108523664726,8.626627210830076,0.7552460485829723,0.9228874414576957,0.18101882934570312,1,728.8520888052614,569.7069422080093,49.834627320234105,367.5364812007324,420.8029496711383
coco_000000010707,images/coco_000000010707.png,svd_yolo,0.01,0.007762653777567383,0.7514059752852648,45.99235210329369,0.9984272443961512,11.997979840844167,0.8727236342235289,0.9776015360350111,0.0007476806640625,1,1457.7041776105227,1134.3659021673739,43.81402740695448,735.0729624014648,841.6058993422766
coco_000000010707,images/coco_000000010707.png,svd_yolo,0.02,0.015525307555134767,0.7514059752852648,39.41012854906183,0.9966731917747422,13.793939143479756,0.8979049417870604,0.9695941862007804,3.814697265625e-06,1,2915.4083552210454,2420.272918494937,37.793427493674855,1470.1459248029296,1683.2117986845533
coco_000000010707,images/coco_000000010707.png,svd_yolo,0.05,0.03881326888783692,0.7514059752852648,31.204210019308107,0.9873857498251913,13.292622430181009,0.8611781570589997,0.94231299530401,0.0,1,7288.520888052614,6225.299751819184,29.834627320234098,3675.3648120073244,4208.029496711384
coco_000000010707,images/coco_000000010707.png,svd_yolo,0.1,0.07762653777567384,0.7514059752852648,25.32269603852697,0.962362682643818,12.068593712887159,0.8156641740649061,0.9162468181982842,7.62939453125e-06,1,14577.041776105229,12252.817553526209,23.814027406954477,7350.729624014649,8416.058993422768
coco_000000010764,images/coco_000000010764.png,svd_only,0.001,0.001,1.0,63.1467528893009,0.9996278619733895,2.340369876087555,0.24925870993893665,0.3416671102783541,0.6848258972167969,0,187.78425772678605,157.4102919125684,61.61423173914949,94.69351377304604,108.41729174813389
coco_000000010764,images/coco_000000010764.png,svd_only,0.005,0.005,1.0,50.69096699108655,0.999315883399857,8.73912134917133,0.7631064848920132,0.9374320017179129,0.11717987060546875,1,938.9212886339302,660.4233490723961,47.63483165242911,473.46756886523013,542.0864587406695
coco_000000010764,images/coco_000000010764.png,svd_only,0.01,0.01,1.0,43.25322780910963,0.9987496259997299,15.486802915395783,0.919117846859324,0.9934831321194648,3.814697265625e-06,1,1877.8425772678604,1554.9247570220239,41.61423173914949,946.9351377304603,1084.172917481339
coco_000000010764,images/coco_000000010764.png,svd_only,0.02,0.02,1.0,36.46886843780906,0.9967882163327685,21.094014327808353,0.9692456963207116,0.9988494533795125,0.0,1,3755.685154535721,3395.684614330371,35.59363182586987,1893.8702754609205,2168.345834962678
coco_000000010764,images/coco_000000010764.png,svd_only,0.05,0.05,1.0,28.086526485866248,0.9844815267881796,25.871780890179288,0.9576012933718978,0.9990749707013847,0.0,1,9389.212886339303,8913.421509162461,27.634831652429117,4734.675688652302,5420.864587406695
coco_000000010764,images/coco_000000010764.png,svd_only,0.1,0.1,1.0,22.190823071634533,0.9487376855712664,20.58792024468703,0.8126504697205866,0.9886726115331773,0.0,1,18778.425772678605,17572.340709194094,21.614231739149496,9469.351377304603,10841.72917481339
coco_000000010764,images/coco_000000010764.png,svd_texture,0.001,0.0002196445087896734,0.13293834309963712,63.1467528893009,0.9996278619733895,3.622726861665212,0.4284601807475054,0.39274877684227555,0.4210662841796875,0,41.24578104683336,157.4102919125684,74.77982473550915,20.79891031824887,23.81326279032558
coco_000000010764,images/coco_000000010764.png,svd_texture,0.005,0.001098222543948367,0.13293834309963712,63.1467528893009,0.9996278619733895,2.280657385005937,0.24110240868004654,0.3415291255615847,0.6880950927734375,0,206.22890523416677,157.4102919125684,60.800424648788784,103.99455159124435,119.06631395162792
coco_000000010764,images/coco_000000010764.png,svd_texture,0.01,0.002196445087896734,0.13293834309963712,59.456431337883096,0.9996088232637748,4.013388505814978,0.44761840428152677,0.6650080570485556,0.6705474853515625,0,412.45781046833355,240.74052421642685,54.77982473550916,207.9891031824887,238.13262790325584
coco_000000010764,images/coco_000000010764.png,svd_texture,0.02,0.004392890175793468,0.13293834309963712,52.44533761853339,0.9994218412992296,7.194270489607085,0.6934004483392289,0.8971843303838476,0.36162567138671875,0,824.9156209366671,539.6396946111358,48.759224822229534,415.9782063649774,476.2652558065117
coco_000000010764,images/coco_000000010764.png,svd_texture,0.05,0.01098222543948367,0.13293834309963712,42.3066126213231,0.9986506422375553,16.32154577633408,0.9297836276635184,0.9952245245639737,0.0,1,2062.2890523416677,1733.9642441526873,40.800424648788784,1039.9455159124434,1190.663139516279
coco_000000010764,images/coco_000000010764.png,svd_texture,0.1,0.02196445087896734,0.13293834309963712,35.57743095817931,0.9962733625770855,21.886884119088084,0.9729214833594199,0.9991000435704666,0.0,1,4124.578104683335,3762.696772263213,34.77982473550916,2079.891031824887,2381.326279032558
coco_000000010764,images/coco_000000010764.png,svd_yolo,0.001,0.0005835127244730523,0.5372363605256136,63.1467528893009,0.9996278619733895,2.763981385936252,0.30829446120819726,0.34493024284001034,0.6093635559082031,0,109.57450383930674,157.4102919125684,66.29322511907347,55.254870211636586,63.26286928794338
coco_000000010764,images/coco_000000010764.png,svd_yolo,0.005,0.0029175636223652615,0.5372363605256136,57.39670588243018,0.999603211824654,4.779925310944662,0.5219964863284939,0.7674689661252763,0.6574134826660156,0,547.8725191965337,305.1655288527851,52.313825032353094,276.27435105818296,316.3143464397169
coco_000000010764,images/coco_000000010764.png,svd_yolo,0.01,0.005835127244730523,0.5372363605256136,48.804252174639345,0.9992561518558762,10.661241867792207,0.8236600793867795,0.9640638752362128,0.037906646728515625,1,1095.7450383930675,820.6503518551613,46.29322511907347,552.5487021163659,632.6286928794339
coco_000000010764,images/coco_000000010764.png,svd_yolo,0.02,0.011670254489461046,0.5372363605256136,41.72256325210981,0.9985659950355567,16.70759615520685,0.9340577475289912,0.9958633851872383,0.0,1,2191.490076786135,1854.5673349867889,40.272625205793844,1105.0974042327318,1265.2573857588677
coco_000000010764,images/coco_000000010764.png,svd_yolo,0.05,0.029175636223652615,0.5372363605256136,32.940882823115025,0.9939994548898504,23.90252376870825,0.9806246746928728,0.9995220662740456,0.0,1,5478.725191965337,5097.140767136022,32.313825032353094,2762.7435105818295,3163.143464397169
coco_000000010764,images/coco_000000010764.png,svd_yolo,0.1,0.05835127244730523,0.5372363605256136,26.734389161376527,0.9795711560936811,25.399724662462397,0.9377104369367543,0.9982827108566756,0.0,1,10957.450383930674,10414.809023693137,26.29322511907347,5525.487021163659,6326.286928794338
coco_000000010977,images/coco_000000010977.png,svd_only,0.001,0.001,1.0,59.1875210412654,0.9995299382297972,3.274646595302083,0.3863293507631069,0.41824551925156034,0.591461181640625,0,187.78425772678605,248.31028975860022,61.61423173914949,94.69351377304604,108.41729174813389
coco_000000010977,images/coco_000000010977.png,svd_only,0.005,0.005,1.0,51.345284832397596,0.9989509935326973,6.9904949946264905,0.6864871629091187,0.8995301189654439,0.3971672058105469,1,938.9212886339302,612.5006122445919,47.63483165242911,473.46756886523013,542.0864587406695
coco_000000010977,images/coco_000000010977.png,svd_only,0.01,0.01,1.0,44.91277860874063,0.997820788114186,8.70383484234317,0.7662387509547512,0.9583617050578829,0.15509796142578125,1,1877.8425772678604,1284.4932853074788,41.61423173914949,946.9351377304603,1084.172917481339
coco_000000010977,images/coco_000000010977.png,svd_only,0.02,0.02,1.0,38.460911048237165,0.9943343449884331,9.267331541818137,0.7702955079691397,0.9660964751678777,0.07080078125,1,3755.685154535721,2699.760359735656,35.59363182586987,1893.8702754609205,2168.345834962678
coco_000000010977,images/coco_000000010977.png,svd_only,0.05,0.05,1.0,30.365449766088766,0.97868141400478,9.083217938783065,0.7437973713612979,0.9608483918507342,0.050304412841796875,1,9389.212886339303,6856.433693984067,27.634831652429117,4734.675688652302,5420.864587406695
coco_000000010977,images/coco_000000010977.png,svd_only,0.1,0.1,1.0,24.517106113000207,0.9391896307006004,8.654377531137216,0.7227582158065872,0.9577017368314531,0.11301040649414062,1,18778.425772678605,13443.596319437742,21.614231739149496,9469.351377304603,10841.72917481339
coco_000000010977,images/coco_000000010977.png,svd_texture,0.001,0.00020758307296257246,0.11953674773619162,59.1875210412654,0.9995299382297972,4.806202857161809,0.6014243184477823,0.5033214471216543,0.3707847595214844,0,38.98083327292194,248.31028975860022,75.27039300404763,19.656770578632575,22.505594583357382
coco_000000010977,images/coco_000000010977.png,svd_texture,0.005,0.0010379153648128621,0.11953674773619162,59.1875210412654,0.9995299382297972,3.226901499910765,0.3798476681768339,0.41777142697159086,0.6007080078125,0,194.90416636460967,248.31028975860022,61.29099291732726,98.28385289316286,112.5279729167869
coco_000000010977,images/coco_000000010977.png,svd_texture,0.01,0.0020758307296257243,0.11953674773619162,59.00942765820636,0.999520393506017,2.602286223972672,0.28965989822932653,0.4251881506644135,0.6865272521972656,0,389.80833272921933,253.4541378632434,55.270393004047634,196.56770578632572,225.0559458335738
coco_000000010977,images/coco_000000010977.png,svd_texture,0.02,0.004151661459251449,0.11953674773619162,53.016379913929555,0.9990665679634771,5.97963489115196,0.6239758628471295,0.8324592705206443,0.4823875427246094,0,779.6166654584387,505.30287946933373,49.24979309076801,393.13541157265144,450.1118916671476
coco_000000010977,images/coco_000000010977.png,svd_texture,0.05,0.010379153648128622,0.11953674773619162,44.54686762604193,0.9976806095502443,8.780480159458529,0.7683516795727411,0.9599349730723926,0.13198089599609375,1,1949.0416636460968,1339.7611727468445,41.29099291732726,982.8385289316286,1125.2797291678692
coco_000000010977,images/coco_000000010977.png,svd_texture,0.1,0.020758307296257245,0.11953674773619162,38.12417799175801,0.9940277192057742,9.275206626790762,0.7694963600685826,0.9661149567291696,0.06645965576171875,1,3898.0833272921936,2806.4794672329244,35.270393004047634,1965.6770578632572,2250.5594583357383
coco_000000010977,images/coco_000000010977.png,svd_yolo,0.001,0.00019513656808172697,0.10570729786858551,59.1875210412654,0.9995299382297972,4.83911345455847,0.6058639016255559,0.5059128717276362,0.3674354553222656,0,36.64357559257955,248.31028975860022,75.80745848575874,18.47816729727195,21.156178232446187
coco_000000010977,images/coco_000000010977.png,svd_yolo,0.005,0.0009756828404086349,0.10570729786858551,59.1875210412654,0.9995299382297972,3.3072773703585168,0.3906680165878236,0.41878052100892915,0.5870552062988281,0,183.21787796289775,248.31028975860022,61.82805839903836,92.39083648635973,105.78089116223093
coco_000000010977,images/coco_000000010977.png,svd_yolo,0.01,0.0019513656808172698,0.10570729786858551,59.09490613654715,0.9995247834338931,2.602544181396324,0.29010149115178296,0.41997826267632915,0.6853485107421875,0,366.4357559257955,250.97211000427916,55.80745848575874,184.78167297271946,211.56178232446186
coco_000000010977,images/coco_000000010977.png,svd_yolo,0.02,0.0039027313616345396,0.10570729786858551,53.65004146785732,0.999116569413765,5.527240969989251,0.5911229273739995,0.7983135502695309,0.5306053161621094,0,732.871511851591,469.75206226263657,49.78685857247911,369.5633459454389,423.1235646489237
coco_000000010977,images/coco_000000010977.png,svd_yolo,0.05,0.00975682840408635,0.10570729786858551,45.154413081525774,0.9978966688336444,8.65301698070969,0.764274992868495,0.9572163777401526,0.17491531372070312,1,1832.1787796289777,1249.2521763038878,41.82805839903836,923.9083648635974,1057.8089116223093
coco_000000010977,images/coco_000000010977.png,svd_yolo,0.1,0.0195136568081727,0.10570729786858551,38.68538992721302,0.9945261489804684,9.261162009345128,0.7708839198263998,0.9660130407826152,0.07085800170898438,1,3664.3575592579555,2630.8814112384466,35.80745848575874,1847.8167297271948,2115.6178232446186
coco_000000011051,images/coco_000000011051.png,svd_only,0.001,0.001,1.0,58.609838491469034,0.9993888117326534,3.0329734050572394,0.3317857579672846,0.34679157493334023,0.5807838439941406,0,187.78425772678605,265.3865105840913,61.61423173914949,94.69351377304604,108.41729174813389
coco_000000011051,images/coco_000000011051.png,svd_only,0.005,0.005,1.0,49.84781260645023,0.999102601206284,11.237848396986934,0.8365152643555098,0.9713815219768609,0.03592681884765625,1,938.9212886339302,727.7465218054979,47.63483165242911,473.46756886523013,542.0864587406695
coco_000000011051,images/coco_000000011051.png,svd_only,0.01,0.01,1.0,43.12086159126194,0.9985943419391793,15.923785319885313,0.9214985289654464,0.9941113559827057,7.62939453125e-06,1,1877.8425772678604,1578.802077525869,41.61423173914949,946.9351377304603,1084.172917481339
coco_000000011051,images/coco_000000011051.png,svd_only,0.02,0.02,1.0,36.413422379420716,0.9963304819877155,21.34253647205584,0.9716144872622096,0.9987153113350253,0.0,1,3755.685154535721,3417.4301748536136,35.59363182586987,1893.8702754609205,2168.345834962678
coco_000000011051,images/coco_000000011051.png,svd_only,0.05,0.05,1.0,28.13826484179212,0.9823393065289355,23.892221433206497,0.9665189226499677,0.9974590283440151,0.0,1,9389.212886339303,8860.485652603926,27.634831652429117,4734.675688652302,5420.864587406695
coco_000000011051,images/coco_000000011051.png,svd_only,0.1,0.1,1.0,22.32060889539898,0.94274144161791,20.855774423597534,0.8946673360489107,0.9959296929733937,0.0,1,18778.425772678605,17311.724177562442,21.614231739149496,9469.351377304603,10841.72917481339
coco_000000011051,images/coco_000000011051.png,svd_texture,0.001,0.00020421790619610465,0.11579767355122735,58.609838491469034,0.9993888117326534,4.23428043363342,0.5065240381397803,0.4145350488063623,0.3877067565917969,0,38.34890792955393,265.3865105840913,75.41235535619644,19.338111113083457,22.14075231625612
coco_000000011051,images/coco_000000011051.png,svd_texture,0.005,0.0010210895309805232,0.11579767355122735,58.609838491469034,0.9993888117326534,3.0125638470145266,0.3291221309001428,0.3458726812975722,0.5833892822265625,0,191.74453964776964,265.3865105840913,61.43295526947607,96.69055556541728,110.70376158128059
coco_000000011051,images/coco_000000011051.png,svd_texture,0.01,0.0020421790619610464,0.11579767355122735,58.0752849557841,0.9993532634447752,2.8525658455815837,0.30037945419862094,0.4001757939257271,0.6566162109375,0,383.4890792955393,282.23217392777883,55.41235535619644,193.38111113083457,221.40752316256118
coco_000000011051,images/coco_000000011051.png,svd_texture,0.02,0.004084358123922093,0.11579767355122735,51.83599511276843,0.9990698075218672,8.876638788000788,0.7398066142177573,0.9231458529693506,0.20050811767578125,1,766.9781585910786,578.8566316455224,49.39175544291682,386.76222226166914,442.81504632512235
coco_000000011051,images/coco_000000011051.png,svd_texture,0.05,0.010210895309805233,0.11579767355122735,42.908560086269176,0.9985503843354643,16.102552088359957,0.9227354483442706,0.9943457003842537,0.0,1,1917.4453964776967,1617.866805395302,41.43295526947607,966.9055556541729,1107.037615812806
coco_000000011051,images/coco_000000011051.png,svd_texture,0.1,0.020421790619610466,0.11579767355122735,36.21586288500792,0.9962074009539276,21.502513868669396,0.9721081527286427,0.9987489582693397,0.0,1,3834.8907929553934,3496.049913831323,35.41235535619644,1933.8111113083457,2214.075231625612
coco_000000011051,images/coco_000000011051.png,svd_yolo,0.001,0.0009262188645053635,0.918020960561515,58.609838491469034,0.9993888117326534,3.1086406592065554,0.34168198417213785,0.35031513766301897,0.5664825439453125,0,173.9293219636863,265.3865105840913,62.27995929674669,87.70691880289368,100.41814085570329
coco_000000011051,images/coco_000000011051.png,svd_yolo,0.005,0.004631094322526817,0.918020960561515,50.52938717854131,0.9990790545180372,10.546868669317695,0.8040954646432678,0.9586666101937589,0.057476043701171875,1,869.6466098184316,672.8238996944149,48.30055921002631,438.53459401446844,502.09070427851645
coco_000000011051,images/coco_000000011051.png,svd_yolo,0.01,0.009262188645053635,0.918020960561515,43.87096097292356,0.9987095022949503,15.387124793715156,0.9158413107853854,0.9931827528597102,3.814697265625e-06,1,1739.2932196368631,1448.180582662259,42.27995929674669,877.0691880289369,1004.1814085570329
coco_000000011051,images/coco_000000011051.png,svd_yolo,0.02,0.01852437729010727,0.918020960561515,37.13209269769208,0.9967506886180569,20.816791190882018,0.968241821071469,0.9985508802216794,0.0,1,3478.5864392737262,3146.0537185496373,36.25935938346706,1754.1383760578738,2008.3628171140658
coco_000000011051,images/coco_000000011051.png,svd_yolo,0.05,0.04631094322526818,0.918020960561515,28.811889430177725,0.9845682494209771,23.96470984985274,0.9706737687578073,0.9977304483384049,0.0,1,8696.466098184315,8199.290944953716,28.300559210026304,4385.345940144685,5020.907042785165
coco_000000011051,images/coco_000000011051.png,svd_yolo,0.1,0.09262188645053636,0.918020960561515,22.933420851855484,0.9494380225248674,21.3600169518749,0.9023801307770559,0.9958486638380479,0.0,1,17392.93219636863,16132.427653642213,22.279959296746682,8770.69188028937,10041.81408557033
coco_000000011122,images/coco_000000011122.png,svd_only,0.001,0.001,1.0,61.298503036501366,0.99996276785153,2.5266998352698473,0.268031560991284,0.3211965777720971,0.6541900634765625,0,187.78425772678605,194.73571834668647,61.61423173914949,94.69351377304604,108.41729174813389
coco_000000011122,images/coco_000000011122.png,svd_only,0.005,0.005,1.0,51.80893899664328,0.9997254829205063,6.514868052545756,0.6567494122456253,0.8942550005962812,0.4663810729980469,0,938.9212886339302,580.6625526069337,47.63483165242911,473.46756886523013,542.0864587406695
coco_000000011122,images/coco_000000011122.png,svd_only,0.01,0.01,1.0,44.6821550216826,0.9991340614933965,9.313024414652693,0.7607836513641374,0.9621101622502867,0.10308837890625,1,1877.8425772678604,1319.0553437972192,41.61423173914949,946.9351377304603,1084.172917481339
coco_000000011122,images/coco_000000011122.png,svd_only,0.02,0.02,1.0,38.093246132265996,0.9972945661028261,10.367766349065926,0.7574060492777605,0.9724277450516388,0.007076263427734375,1,3755.685154535721,2816.4916119172094,35.59363182586987,1893.8702754609205,2168.345834962678
coco_000000011122,images/coco_000000011122.png,svd_only,0.05,0.05,1.0,29.911897828879056,0.9875425944540374,10.435689938219037,0.7188045946381164,0.9709711655684926,0.004383087158203125,0,9389.212886339303,7223.969061395543,27.634831652429117,4734.675688652302,5420.864587406695
coco_000000011122,images/coco_000000011122.png,svd_only,0.1,0.1,1.0,24.028416502537805,0.961799342126943,9.945348193625916,0.6765243848463706,0.9649475970697122,0.023529052734375,0,18778.425772678605,14221.648603449601,21.614231739149496,9469.351377304603,10841.72917481339
coco_000000011122,images/coco_000000011122.png,svd_texture,0.001,0.0004584389203532359,0.39826546705915095,61.298503036501366,0.99996276785153,3.1664200816544157,0.3601432454601981,0.3422416088454152,0.5372543334960938,0,86.08761237160158,194.73571834668647,68.38860211768025,43.41119221856949,49.70270617663629
coco_000000011122,images/coco_000000011122.png,svd_texture,0.005,0.0022921946017661794,0.39826546705915095,59.57678094282724,0.9999172128748824,2.8058472833614534,0.2983752483924376,0.4893370681378815,0.68170166015625,0,430.4380618580079,237.42788378789885,54.40920203095988,217.05596109284747,248.51353088318146
coco_000000011122,images/coco_000000011122.png,svd_texture,0.01,0.004584389203532359,0.39826546705915095,52.862403382599354,0.9997788544322176,5.981886051905899,0.620678835564878,0.8713455030899008,0.5303878784179688,0,860.8761237160159,514.3403542402638,48.38860211768026,434.11192218569494,497.0270617663629
coco_000000011122,images/coco_000000011122.png,svd_texture,0.02,0.009168778407064718,0.39826546705915095,45.53159267216246,0.9992553364623108,9.092200084130761,0.7574788309738724,0.9589211576375352,0.14233016967773438,1,1721.7522474320317,1196.1651223806853,42.36800220440063,868.2238443713899,994.0541235327258
coco_000000011122,images/coco_000000011122.png,svd_texture,0.05,0.022921946017661794,0.39826546705915095,36.84357518137108,0.9966132369630439,10.445853156397442,0.752893385942035,0.9726805876259756,0.0064544677734375,1,4304.3806185800795,3252.3105632765146,34.40920203095988,2170.5596109284747,2485.1353088318147
coco_000000011122,images/coco_000000011122.png,svd_texture,0.1,0.04584389203532359,0.39826546705915095,30.665658944496215,0.9892188242153152,10.4699780546199,0.7231868526710851,0.9713999927057211,0.004245758056640625,0,8608.761237160159,6623.504283987442,28.38860211768026,4341.1192218569495,4970.270617663629
coco_000000011122,images/coco_000000011122.png,svd_yolo,0.001,0.0003045322555392489,0.22725806171027654,61.298503036501366,0.99996276785153,3.454078400191665,0.4071762666499586,0.36018675073238554,0.4870109558105469,0,57.18636356030178,194.73571834668647,71.94156575636883,28.837229334242636,33.01656239551601
coco_000000011122,images/coco_000000011122.png,svd_yolo,0.005,0.0015226612776962445,0.22725806171027654,61.288436679361304,0.9999627382000877,2.251283082732565,0.2296410745455838,0.32115070789105604,0.6863975524902344,0,285.93181780150894,194.96153466773902,57.962165669648456,144.18614667121318,165.08281197758006
coco_000000011122,images/coco_000000011122.png,svd_yolo,0.01,0.003045322555392489,0.22725806171027654,56.65351748521853,0.9998645062462894,4.355159593073013,0.47815521067876987,0.7537018236703753,0.6536140441894531,0,571.8636356030179,332.42593159980765,51.94156575636883,288.37229334242636,330.16562395516013
coco_000000011122,images/coco_000000011122.png,svd_yolo,0.02,0.006090645110784978,0.22725806171027654,49.64378916380379,0.9996317770731579,7.593033306878574,0.7142484115291001,0.9278423610927311,0.3569374084472656,1,1143.7272712060358,745.0429517819762,45.920965843089206,576.7445866848527,660.3312479103203
coco_000000011122,images/coco_000000011122.png,svd_yolo,0.05,0.015226612776962446,0.22725806171027654,40.63074285164632,0.998264713354576,10.104189467484495,0.7648905953171946,0.970711628304262,0.02169036865234375,1,2859.3181780150894,2102.972657929722,37.962165669648456,1441.861466712132,1650.8281197758008
coco_000000011122,images/coco_000000011122.png,svd_yolo,0.1,0.030453225553924892,0.22725806171027654,34.2804466282864,0.994573174767078,10.51968699261282,0.741522364276145,0.9726183511645835,0.006561279296875,1,5718.636356030179,4368.6619232895555,31.941565756368835,2883.722933424264,3301.6562395516016
coco_000000011197,images/coco_000000011197.png,svd_only,0.001,0.001,1.0,59.40769816157616,0.9996636350162272,2.9405523018578776,0.33491706360165935,0.3782307841255564,0.6160049438476562,0,187.78425772678605,242.09502266672067,61.61423173914949,94.69351377304604,108.41729174813389
coco_000000011197,images/coco_000000011197.png,svd_only,0.005,0.005,1.0,50.32885323035053,0.9994920707226794,10.372109815848843,0.8201380094503152,0.971344569942953,0.04302978515625,1,938.9212886339302,688.5383068500983,47.63483165242911,473.46756886523013,542.0864587406695
coco_000000011197,images/coco_000000011197.png,svd_only,0.01,0.01,1.0,43.20084673822308,0.9990240433663518,15.67717684053589,0.9179401849155379,0.9938727421067165,1.1444091796875e-05,1,1877.8425772678604,1564.3302081082497,41.61423173914949,946.9351377304603,1084.172917481339
coco_000000011197,images/coco_000000011197.png,svd_only,0.02,0.02,1.0,36.414689135483684,0.9970465600689905,21.50663257927835,0.9661165322103145,0.998692553063086,0.0,1,3755.685154535721,3416.931810850196,35.59363182586987,1893.8702754609205,2168.345834962678
coco_000000011197,images/coco_000000011197.png,svd_only,0.05,0.05,1.0,27.977111824021502,0.9839130799417006,28.861536251446903,0.9884702255102864,0.9998158248640628,0.0,1,9389.212886339303,9026.412521040682,27.634831652429117,4734.675688652302,5420.864587406695
coco_000000011197,images/coco_000000011197.png,svd_only,0.1,0.1,1.0,21.84321716197211,0.9439624829138119,31.605802361225315,0.9688357496272841,0.9998515632031763,0.0,1,18778.425772678605,18289.840185195713,21.614231739149496,9469.351377304603,10841.72917481339
coco_000000011197,images/coco_000000011197.png,svd_texture,0.001,0.00022974299457866293,0.14415888286518103,59.40769816157616,0.9996636350162272,4.266441992952348,0.5365003333711644,0.4538548862411194,0.3979072570800781,0,43.14211770488325,242.09502266672067,74.38938618779848,21.755171421395456,24.908113270324844
coco_000000011197,images/coco_000000011197.png,svd_texture,0.005,0.0011487149728933146,0.14415888286518103,59.40769816157616,0.9996636350162272,2.7991771616514125,0.31492232924518376,0.3764792556298588,0.6422348022460938,0,215.71058852441624,242.09502266672067,60.409986101078104,108.77585710697728,124.54056635162421
coco_000000011197,images/coco_000000011197.png,svd_texture,0.01,0.0022974299457866293,0.14415888286518103,58.74231822149269,0.9996496170909772,2.6181465327959974,0.2875135763585732,0.42891934083176536,0.6784553527832031,0,431.4211770488325,261.36947029062134,54.38938618779848,217.55171421395457,249.08113270324841
coco_000000011197,images/coco_000000011197.png,svd_texture,0.02,0.0045948598915732585,0.14415888286518103,50.90240545704462,0.9994726234164301,10.185966891117744,0.8164019546095357,0.9675561423990849,0.0428314208984375,1,862.842354097665,644.5409218971282,48.368786274518854,435.10342842790914,498.16226540649683
coco_000000011197,images/coco_000000011197.png,svd_texture,0.05,0.011487149728933147,0.14415888286518103,41.82085056687122,0.9988063871149385,16.742772572104602,0.9276742725706587,0.9951936436238773,3.814697265625e-06,1,2157.1058852441624,1833.699811855801,40.409986101078104,1087.7585710697729,1245.4056635162422
coco_000000011197,images/coco_000000011197.png,svd_texture,0.1,0.022974299457866294,0.14415888286518103,35.10503169318952,0.9962296931831046,22.691561499532895,0.9721867451401792,0.9990485217054845,0.0,1,4314.211770488325,3973.0056632227447,34.38938618779848,2175.5171421395457,2490.8113270324843
coco_000000011197,images/coco_000000011197.png,svd_yolo,0.001,0.00042663999589515647,0.36293332877239604,59.40769816157616,0.9996636350162272,3.83215880530578,0.4623765584701764,0.4213756341891094,0.4532127380371094,0,80.116274945731,242.09502266672067,69.01300040922288,40.4000403274303,46.25515290638783
coco_000000011197,images/coco_000000011197.png,svd_yolo,0.005,0.0021331999794757823,0.36293332877239604,59.075437030800856,0.9996555277596064,2.490408674022208,0.27064074799079907,0.4005053516629034,0.68011474609375,0,400.581374728655,251.53528579505502,55.03360032250251,202.0002016371515,231.27576453193913
coco_000000011197,images/coco_000000011197.png,svd_yolo,0.01,0.004266399958951565,0.36293332877239604,51.471691283143095,0.9994485806747028,9.691874127972383,0.799974422856618,0.9574702460867317,0.06754302978515625,1,801.16274945731,603.6513894624943,49.01300040922288,404.000403274303,462.55152906387826
coco_000000011197,images/coco_000000011197.png,svd_yolo,0.02,0.00853279991790313,0.36293332877239604,44.84932124717956,0.999169339288755,14.262225962403058,0.8965849410343312,0.9905431343704244,0.0001068115234375,1,1602.32549891462,1293.9118980827095,42.99240049594326,808.000806548606,925.1030581277565
coco_000000011197,images/coco_000000011197.png,svd_yolo,0.05,0.021331999794757823,0.36293332877239604,35.804814657046165,0.996685861775411,22.048726204510576,0.9691941693170412,0.9988711812918122,0.0,1,4005.81374728655,3665.473093612883,35.03360032250251,2020.0020163715149,2312.757645319391
coco_000000011197,images/coco_000000011197.png,svd_yolo,0.1,0.042663999589515646,0.36293332877239604,29.40911516639176,0.9880750762264402,27.669129422890265,0.9865190714756243,0.9997460919283369,0.0,1,8011.6274945731,7654.467976286791,29.013000409222887,4040.0040327430297,4625.515290638782
coco_000000011511,images/coco_000000011511.png,svd_only,0.001,0.001,1.0,61.16875895274446,0.9993445998998173,2.4388533248893207,0.24632811930111753,0.28816017473053746,0.6593360900878906,0,187.78425772678605,197.66638560969338,61.61423173914949,94.69351377304604,108.41729174813389
coco_000000011511,images/coco_000000011511.png,svd_only,0.005,0.005,1.0,50.23334827379457,0.9991826710760416,10.72981048354084,0.8406291701218395,0.9825782688603572,0.01718902587890625,1,938.9212886339302,696.1508457223908,47.63483165242911,473.46756886523013,542.0864587406695
coco_000000011511,images/coco_000000011511.png,svd_only,0.01,0.01,1.0,43.343858832660366,0.9986533306355211,14.801548774642004,0.9217537764400241,0.997109747089423,3.814697265625e-05,1,1877.8425772678604,1538.7845853140068,41.61423173914949,946.9351377304603,1084.172917481339
coco_000000011511,images/coco_000000011511.png,svd_only,0.02,0.02,1.0,36.8944616352102,0.9960408473961473,16.53736606046302,0.873950052076094,0.997005405130416,2.6702880859375e-05,1,3755.685154535721,3233.312542888485,35.59363182586987,1893.8702754609205,2168.345834962678
coco_000000011511,images/coco_000000011511.png,svd_only,0.05,0.05,1.0,28.996613870929547,0.9755530701930981,15.097851041552879,0.7641970190782484,0.991270345706763,0.0001068115234375,1,9389.212886339303,8026.756256421395,27.634831652429117,4734.675688652302,5420.864587406695
coco_000000011511,images/coco_000000011511.png,svd_only,0.1,0.1,1.0,23.547640886770544,0.9201438974717719,12.44788109414132,0.6992804161210592,0.9866766688986395,0.00061798095703125,1,18778.425772678605,15031.02940586572,21.614231739149496,9469.351377304603,10841.72917481339
coco_000000011511,images/coco_000000011511.png,svd_texture,0.001,0.0002650355821666083,0.18337286907400924,61.16875895274446,0.9993445998998173,3.371128173714229,0.3776158321249244,0.3271806882447929,0.5103530883789062,0,49.76951006834316,197.66638560969338,73.14814806409329,25.097150550240997,28.73444003539369
coco_000000011511,images/coco_000000011511.png,svd_texture,0.005,0.0013251779108330417,0.18337286907400924,61.16875895274446,0.9993445998998173,2.261363492790079,0.22282269189779977,0.2873646488084001,0.6755905151367188,0,248.8475503417158,197.66638560969338,59.168747977372924,125.48575275120498,143.67220017696843
coco_000000011511,images/coco_000000011511.png,svd_texture,0.01,0.0026503558216660833,0.18337286907400924,56.18606981506089,0.999280850970497,5.979533040939858,0.6030216044514449,0.8676195070584765,0.5337104797363281,0,497.6951006834316,350.80621431211847,53.1481480640933,250.97150550240997,287.34440035393686
coco_000000011511,images/coco_000000011511.png,svd_texture,0.02,0.005300711643332167,0.18337286907400924,49.64382828333578,0.9991684406977118,11.13396625685974,0.8535013468714969,0.9856562811035486,0.002445220947265625,1,995.3902013668632,745.0395962631785,47.12754815081367,501.94301100481994,574.6888007078737
coco_000000011511,images/coco_000000011511.png,svd_texture,0.05,0.013251779108330418,0.18337286907400924,40.66986911853049,0.9980114161879167,15.833543219040084,0.9190821931141909,0.9977759775494242,7.62939453125e-06,1,2488.475503417158,2093.5209576213942,39.16874797737292,1254.85752751205,1436.7220017696845
coco_000000011511,images/coco_000000011511.png,svd_texture,0.1,0.026503558216660835,0.18337286907400924,34.39218156369664,0.9930537727489751,16.48019500104126,0.8367020817671195,0.9955824944305292,4.9591064453125e-05,1,4976.951006834316,4312.823553079815,33.14814806409329,2509.7150550241,2873.444003539369
coco_000000011511,images/coco_000000011511.png,svd_yolo,0.001,0.000534415475982562,0.4826838622028466,61.16875895274446,0.9993445998998173,2.9028656446314924,0.30898803464467317,0.3026939398304983,0.5791702270507812,0,100.35481347509246,197.66638560969338,67.05665121400217,50.60567923548368,57.93987857431926
coco_000000011511,images/coco_000000011511.png,svd_yolo,0.005,0.0026720773799128097,0.4826838622028466,56.09741524986098,0.999280219500283,6.0804233982226465,0.6112949696211007,0.8739131055084042,0.5275535583496094,1,501.77406737546227,354.40513540297354,53.0772511272818,253.0283961774184,289.6993928715963
coco_000000011511,images/coco_000000011511.png,svd_yolo,0.01,0.005344154759825619,0.4826838622028466,49.56405704938902,0.9991661178884645,11.185187046993006,0.8553019179057889,0.9860460821910012,0.002262115478515625,1,1003.5481347509245,751.9135588616554,47.05665121400217,506.0567923548368,579.3987857431925
coco_000000011511,images/coco_000000011511.png,svd_yolo,0.02,0.010688309519651239,0.4826838622028466,42.713851886473336,0.9985326670601774,15.044308451255493,0.9227274542407802,0.9973478307919593,3.4332275390625e-05,1,2007.096269501849,1654.543441557217,41.03605130072255,1012.1135847096735,1158.797571486385
coco_000000011511,images/coco_000000011511.png,svd_yolo,0.05,0.026720773799128097,0.4826838622028466,34.32116846039153,0.9929332005059687,16.47203000519292,0.8358054005144296,0.9955379478347213,4.9591064453125e-05,1,5017.740673754623,4348.228374867171,33.0772511272818,2530.283961774184,2896.993928715963
coco_000000011511,images/coco_000000011511.png,svd_yolo,0.1,0.053441547598256194,0.4826838622028466,28.451793816555714,0.9722603330801117,14.880780820514106,0.7575881658457613,0.9908101779560898,0.0001373291015625,1,10035.481347509245,8546.357937741666,27.056651214002176,5060.567923548368,5793.987857431926
coco_000000011615,images/coco_000000011615.png,svd_only,0.001,0.001,1.0,60.17695427263359,0.9998980485835021,2.730356974307452,0.3078592776825567,0.35395097370609757,0.6431541442871094,0,187.78425772678605,221.57617200412142,61.61423173914949,94.69351377304604,108.41729174813389
coco_000000011615,images/coco_000000011615.png,svd_only,0.005,0.005,1.0,50.82826432479023,0.9995442253174099,8.826776329793779,0.7571519216668987,0.952041572011354,0.15413665771484375,1,938.9212886339302,650.0661504800877,47.63483165242911,473.46756886523013,542.0864587406695
coco_000000011615,images/coco_000000011615.png,svd_only,0.01,0.01,1.0,43.66459630423453,0.9990659726087557,13.10731955947537,0.8365609705687914,0.9883677792629387,3.4332275390625e-05,1,1877.8425772678604,1482.9993256910132,41.61423173914949,946.9351377304603,1084.172917481339
coco_000000011615,images/coco_000000011615.png,svd_only,0.02,0.02,1.0,37.12056488661964,0.9973023253757421,14.87182396544106,0.8058190358043739,0.9863415258572008,3.0517578125e-05,1,3755.685154535721,3150.2318962260542,35.59363182586987,1893.8702754609205,2168.345834962678
coco_000000011615,images/coco_000000011615.png,svd_only,0.05,0.05,1.0,29.722257521463405,0.9889337739507664,11.930519114887447,0.7019144802753724,0.9634554733483427,0.012264251708984375,1,9389.212886339303,7383.4254245573575,27.634831652429117,4734.675688652302,5420.864587406695
coco_000000011615,images/coco_000000011615.png,svd_only,0.1,0.1,1.0,24.209564655843497,0.9662247064824898,9.917258109921802,0.6286475748389678,0.9359469139314842,0.043155670166015625,0,18778.425772678605,13928.1211582898,21.614231739149496,9469.351377304603,10841.72917481339
coco_000000011615,images/coco_000000011615.png,svd_texture,0.001,0.0003091806567421166,0.23242295193568516,60.17695427263359,0.9998980485835021,3.7565064716638275,0.4582497641772701,0.4077547706179583,0.458465576171875,0,58.059260129798595,221.57617200412142,71.80998543221475,29.277402777569037,33.5205294648897
coco_000000011615,images/coco_000000011615.png,svd_texture,0.005,0.0015459032837105832,0.23242295193568516,60.17695427263359,0.9998980485835021,2.380134734809517,0.2573208107877312,0.351880236965014,0.6839103698730469,0,290.296300648993,221.57617200412142,57.83058534549436,146.3870138878452,167.6026473244485
coco_000000011615,images/coco_000000011615.png,svd_texture,0.01,0.0030918065674211664,0.23242295193568516,55.44299452329718,0.999736012995437,5.137262956977111,0.5403176163031164,0.8336249549803366,0.6354560852050781,0,580.592601297986,382.1387182686413,51.80998543221474,292.7740277756904,335.205294648897
coco_000000011615,images/coco_000000011615.png,svd_texture,0.02,0.006183613134842333,0.23242295193568516,48.4699272057803,0.9995255302707853,10.553213737185565,0.802069146152677,0.9735956536069438,0.03769683837890625,1,1161.185202595972,852.8534457924175,45.78938551893511,585.5480555513808,670.410589297794
coco_000000011615,images/coco_000000011615.png,svd_texture,0.05,0.015459032837105834,0.23242295193568516,39.45011365192452,0.9981633774812582,14.668298234748088,0.8246257256901325,0.988583915153991,3.0517578125e-05,1,2902.96300648993,2409.1569064716396,37.83058534549436,1463.870138878452,1676.0264732444853
coco_000000011615,images/coco_000000011615.png,svd_texture,0.1,0.030918065674211667,0.23242295193568516,33.485973796480636,0.9947478993638695,13.792940218674888,0.7584449807827864,0.9773783811069352,0.002559661865234375,1,5805.92601297986,4787.095361490096,31.809985432214738,2927.740277756904,3352.0529464889705
coco_000000011615,images/coco_000000011615.png,svd_yolo,0.001,0.00025543067414581265,0.172700749050903,60.17695427263359,0.9998980485835021,3.8771474419829537,0.4786426056165946,0.41746074253188487,0.43726348876953125,0,47.96585954512399,221.57617200412142,73.4687707472931,24.18762806028494,27.69310192028909
coco_000000011615,images/coco_000000011615.png,svd_yolo,0.005,0.0012771533707290634,0.172700749050903,60.17695427263359,0.9998980485835021,2.5224795765624712,0.27774691127026824,0.3524293869618118,0.6710319519042969,0,239.82929772561997,221.57617200412142,59.48937066057273,120.93814030142472,138.46550960144546
coco_000000011615,images/coco_000000011615.png,svd_yolo,0.01,0.0025543067414581268,0.172700749050903,58.536223349576716,0.9997599958026062,2.803929672750754,0.3054836701554405,0.5053362845050324,0.6856422424316406,0,479.65859545123993,267.6452876476625,53.46877074729311,241.87628060284945,276.9310192028909
coco_000000011615,images/coco_000000011615.png,svd_yolo,0.02,0.0051086134829162536,0.172700749050903,50.59144817843081,0.9995284540124224,8.999701631374172,0.7634395785707909,0.954299866178753,0.12921905517578125,1,959.3171909024799,668.0336817855818,47.44817083401348,483.7525612056989,553.8620384057818
coco_000000011615,images/coco_000000011615.png,svd_yolo,0.05,0.012771533707290634,0.172700749050903,41.27012664680415,0.9986206985958255,14.085786844293489,0.831380364716995,0.9889219668859798,5.7220458984375e-05,1,2398.2929772561997,1953.7295104491818,39.48937066057273,1209.3814030142473,1384.6550960144548
coco_000000011615,images/coco_000000011615.png,svd_yolo,0.1,0.025543067414581268,0.172700749050903,35.04153095310765,0.996070967019895,14.422044413777346,0.7813198681857023,0.9820647977675303,0.000675201416015625,1,4796.585954512399,4002.157917923779,33.468770747293114,2418.7628060284947,2769.3101920289096
coco_000000011760,images/coco_000000011760.png,svd_only,0.001,0.001,1.0,61.33830990364042,0.9999515309247448,2.638287109532432,0.29320141434002434,0.4003237869620396,0.6726799011230469,0,187.78425772678605,193.84529914341488,61.61423173914949,94.69351377304604,108.41729174813389
coco_000000011760,images/coco_000000011760.png,svd_only,0.005,0.005,1.0,50.79339074789451,0.9998661189688316,9.095188525741593,0.77939260992428,0.953074329449091,0.10770797729492188,1,938.9212886339302,652.6813924113358,47.63483165242911,473.46756886523013,542.0864587406695
coco_000000011760,images/coco_000000011760.png,svd_only,0.01,0.01,1.0,43.32482753845706,0.9995782217779827,15.182167624652898,0.914178698774388,0.9930113613434616,0.00011444091796875,1,1877.8425772678604,1542.1598490428935,41.61423173914949,946.9351377304603,1084.172917481339
coco_000000011760,images/coco_000000011760.png,svd_only,0.02,0.02,1.0,36.48040071785949,0.9984442891347595,20.93632661910999,0.966423664223038,0.9987176837827847,0.0,1,3755.685154535721,3391.1791459608853,35.59363182586987,1893.8702754609205,2168.345834962678
coco_000000011760,images/coco_000000011760.png,svd_only,0.05,0.05,1.0,28.02382427003453,0.9905591988995398,27.665567551812337,0.9859617388483323,0.9998266194803188,0.0,1,9389.212886339303,8977.999053241207,27.634831652429117,4734.675688652302,5420.864587406695
coco_000000011760,images/coco_000000011760.png,svd_only,0.1,0.1,1.0,21.89245843159542,0.9654698324995242,29.375425748987155,0.9118796069625276,0.9996858239696387,7.62939453125e-06,1,18778.425772678605,18186.446409345615,21.614231739149496,9469.351377304603,10841.72917481339
coco_000000011760,images/coco_000000011760.png,svd_texture,0.001,0.0003839368940680793,0.3154854378534214,61.33830990364042,0.9999515309247448,3.728818347900917,0.44533513837878913,0.42367338235273494,0.45220947265625,0,72.09730466650196,193.84529914341488,69.92903479399834,36.35633356641618,41.62539825705133
coco_000000011760,images/coco_000000011760.png,svd_texture,0.005,0.0019196844703403965,0.3154854378534214,60.93233366011071,0.999950356034354,2.386361862866617,0.25633615586074043,0.4463095640409273,0.6894912719726562,0,360.48652333250976,203.1206537996567,55.94963470727797,181.7816678320809,208.12699128525665
coco_000000011760,images/coco_000000011760.png,svd_texture,0.01,0.003839368940680793,0.3154854378534214,53.36089084662571,0.9998925829842862,7.086849737152062,0.6860997993743334,0.9070680371479228,0.3576011657714844,1,720.9730466650195,485.6531684237219,49.92903479399835,363.5633356641618,416.2539825705133
coco_000000011760,images/coco_000000011760.png,svd_texture,0.02,0.007678737881361586,0.3154854378534214,46.09113373973405,0.9997413998800794,12.91844501503552,0.8785914648308192,0.9861780003410611,0.000286102294921875,1,1441.946093330039,1121.5382293974646,43.90843488071872,727.1266713283236,832.5079651410266
coco_000000011760,images/coco_000000011760.png,svd_texture,0.05,0.019196844703403965,0.3154854378534214,36.871520034369915,0.9985634414792419,20.59770807212224,0.9640953309177647,0.9985715913005062,0.0,1,3604.865233325098,3241.863815770181,35.94963470727797,1817.816678320809,2081.2699128525664
coco_000000011760,images/coco_000000011760.png,svd_texture,0.1,0.03839368940680793,0.3154854378534214,30.412946554747915,0.9943538806737232,25.95311065689165,0.9839768465443289,0.9997167984210504,0.0,1,7209.730466650196,6819.04318801399,29.929034793998348,3635.633356641618,4162.539825705133
coco_000000011760,images/coco_000000011760.png,svd_yolo,0.001,0.0008529276737056098,0.8365863041173442,61.33830990364042,0.9999515309247448,2.795981938389387,0.31578393103073427,0.4007821402451654,0.6471786499023438,0,160.16639010144232,193.84529914341488,62.99598762792797,80.76671841745427,92.47210844019826
coco_000000011760,images/coco_000000011760.png,svd_yolo,0.005,0.0042646383685280495,0.8365863041173442,52.27963041482368,0.9998873793052704,8.023782691804822,0.7331294237901004,0.9316358730235538,0.24160385131835938,1,800.8319505072117,550.0336353351493,49.01658754120759,403.83359208727137,462.3605422009913
coco_000000011760,images/coco_000000011760.png,svd_yolo,0.01,0.008529276737056099,0.8365863041173442,44.99861539517508,0.9996803134415143,13.75312405443627,0.8935103552765581,0.9891943272627333,0.000164031982421875,1,1601.6639010144233,1271.862020818296,42.99598762792797,807.6671841745427,924.7210844019826
coco_000000011760,images/coco_000000011760.png,svd_yolo,0.02,0.017058553474112198,0.8365863041173442,38.00637417141293,0.9988597384383219,19.63464894367219,0.9583842496088059,0.9981035892191863,0.0,1,3203.3278020288467,2844.8021020802134,36.97538771464834,1615.3343683490855,1849.4421688039652
coco_000000011760,images/coco_000000011760.png,svd_yolo,0.05,0.042646383685280495,0.8365863041173442,29.458561143920875,0.9930647861414607,26.661218064859806,0.9850888803149457,0.9997722672509518,0.0,1,8008.319505072116,7611.0173432991205,29.016587541207585,4038.335920872714,4623.605422009913
coco_000000011760,images/coco_000000011760.png,svd_yolo,0.1,0.08529276737056099,0.8365863041173442,23.279566190158864,0.9741284100440781,29.633257712122955,0.9508802413502272,0.9997916966532627,3.814697265625e-06,1,16016.639010144232,15502.168719246994,22.995987627927967,8076.671841745428,9247.210844019826
coco_000000011813,images/coco_000000011813.png,svd_only,0.001,0.001,1.0,57.78230585692008,0.9991249751875241,3.4206778459836107,0.4052917551629707,0.40789220489175876,0.5325546264648438,0,187.78425772678605,291.91437100629355,61.61423173914949,94.69351377304604,108.41729174813389
coco_000000011813,images/coco_000000011813.png,svd_only,0.005,0.005,1.0,50.40185105207543,0.9989631463111315,9.880386601536248,0.8048915258030928,0.9676495486081129,0.052764892578125,1,938.9212886339302,682.7759515390096,47.63483165242911,473.46756886523013,542.0864587406695
coco_000000011813,images/coco_000000011813.png,svd_only,0.01,0.01,1.0,43.310130384063385,0.998145280743905,14.970468676434354,0.9033397882453865,0.9925998115855723,0.000141143798828125,1,1877.8425772678604,1544.7715041390425,41.61423173914949,946.9351377304603,1084.172917481339
coco_000000011813,images/coco_000000011813.png,svd_only,0.02,0.02,1.0,36.496344252714835,0.9956465780483862,20.395732678375197,0.9481271698199021,0.998542098465085,1.52587890625e-05,1,3755.685154535721,3384.9601179334445,35.59363182586987,1893.8702754609205,2168.345834962678
coco_000000011813,images/coco_000000011813.png,svd_only,0.05,0.05,1.0,28.13168114191818,0.9824240197235717,24.373135878991302,0.8949308596781963,0.998768790112799,1.1444091796875e-05,1,9389.212886339303,8867.20423808993,27.634831652429117,4734.675688652302,5420.864587406695
coco_000000011813,images/coco_000000011813.png,svd_only,0.1,0.1,1.0,22.64193701385231,0.9529703295976973,17.953206165409007,0.8353202628420591,0.9902756725803332,0.0,1,18778.425772678605,16682.991098720875,21.614231739149496,9469.351377304603,10841.72917481339
coco_000000011813,images/coco_000000011813.png,svd_texture,0.001,0.00019248927048068657,0.10276585608965173,57.78230585692008,0.9991249751875241,4.742983349121483,0.6031365320458877,0.4970019631820907,0.3492889404296875,0,36.14645477758628,291.91437100629355,75.92610120780702,18.227485385426476,20.869165396090054
coco_000000011813,images/coco_000000011813.png,svd_texture,0.005,0.0009624463524034329,0.10276585608965173,57.78230585692008,0.9991249751875241,3.4662268227845603,0.4113955747396983,0.4097086097031144,0.5243492126464844,0,180.7322738879314,291.91437100629355,61.94670112108665,91.13742692713238,104.34582698045027
coco_000000011813,images/coco_000000011813.png,svd_texture,0.01,0.0019248927048068657,0.10276585608965173,57.764098550437666,0.9991243294295877,2.7029133002727552,0.30442344557838036,0.3989171336462477,0.6595115661621094,0,361.4645477758628,292.52692183797376,55.92610120780702,182.27485385426476,208.69165396090054
coco_000000011813,images/coco_000000011813.png,svd_texture,0.02,0.0038497854096137315,0.10276585608965173,51.57254943258718,0.9989013319681997,10.136652414212008,0.7916204831375833,0.9575937576965378,0.0578155517578125,1,722.9290955517256,596.6824951345565,49.9055012945274,364.5497077085295,417.3833079218011
coco_000000011813,images/coco_000000011813.png,svd_texture,0.05,0.00962446352403433,0.10276585608965173,43.84997653045829,0.9982934137943639,14.176314229219557,0.8960063318898346,0.9912543998685265,0.000179290771484375,1,1807.322738879314,1451.6835054515154,41.94670112108665,911.3742692713239,1043.4582698045028
coco_000000011813,images/coco_000000011813.png,svd_texture,0.1,0.01924892704806866,0.10276585608965173,36.87796794425057,0.9959384487007371,20.020263618304202,0.94832410858151,0.9985062361264411,1.52587890625e-05,1,3614.645477758628,3239.4581337007585,35.92610120780702,1822.7485385426478,2086.9165396090057
coco_000000011813,images/coco_000000011813.png,svd_yolo,0.001,0.00016188338515230272,0.0687593168358919,57.78230585692008,0.9991249751875241,4.812419984269159,0.6116204941327584,0.5025026552262979,0.3402824401855469,0,30.399151319124584,291.91437100629355,77.43018619174754,15.329306561546892,17.55095819723273
coco_000000011813,images/coco_000000011813.png,svd_yolo,0.005,0.0008094169257615136,0.0687593168358919,57.78230585692008,0.9991249751875241,3.669354402802565,0.43921719570499523,0.4194230144137795,0.4921875,0,151.99575659562294,291.91437100629355,63.45078610502715,76.64653280773446,87.75479098616366
coco_000000011813,images/coco_000000011813.png,svd_yolo,0.01,0.0016188338515230273,0.0687593168358919,57.78230585692008,0.9991249751875241,2.8602838429517186,0.3272928554203736,0.39761360827919673,0.6363983154296875,0,303.9915131912459,291.91437100629355,57.430186191747524,153.29306561546892,175.5095819723273
coco_000000011813,images/coco_000000011813.png,svd_yolo,0.02,0.0032376677030460546,0.0687593168358919,54.55313871291474,0.9988142402015221,4.756202895840428,0.5170934864581379,0.7128218517594855,0.5658416748046875,0,607.9830263824917,423.3639096569286,51.40958627846791,306.58613123093784,351.0191639446546
coco_000000011813,images/coco_000000011813.png,svd_yolo,0.05,0.008094169257615136,0.0687593168358919,45.22055520136106,0.9985877697691925,14.32238461725914,0.8958092294229387,0.9918934985535843,0.000118255615234375,1,1519.9575659562292,1239.7753828819154,43.45078610502715,766.4653280773446,877.5479098616365
coco_000000011813,images/coco_000000011813.png,svd_yolo,0.1,0.01618833851523027,0.0687593168358919,38.55480638322539,0.9968270853270655,18.64983213607876,0.9403894925917581,0.9977845701661004,2.288818359375e-05,1,3039.9151319124585,2670.7328582244986,37.43018619174753,1532.9306561546891,1755.095819723273
coco_000000012062,images/coco_000000012062.png,svd_only,0.001,0.001,1.0,60.78110293518734,0.9999597859405039,2.787610351067891,0.3181269314451893,0.39824409026893837,0.6454811096191406,0,187.78425772678605,206.688170924221,61.61423173914949,94.69351377304604,108.41729174813389
coco_000000012062,images/coco_000000012062.png,svd_only,0.005,0.005,1.0,50.67622543471268,0.9998131488246441,9.225334279443391,0.7781649984378598,0.946311946814889,0.1072998046875,1,938.9212886339302,661.5451609678662,47.63483165242911,473.46756886523013,542.0864587406695
coco_000000012062,images/coco_000000012062.png,svd_only,0.01,0.01,1.0,43.37881631981169,0.9994784730805443,15.010205764792335,0.9109782532111482,0.9922163640186465,8.0108642578125e-05,1,1877.8425772678604,1532.6039932089436,41.61423173914949,946.9351377304603,1084.172917481339
coco_000000012062,images/coco_000000012062.png,svd_only,0.02,0.02,1.0,36.501007346899456,0.99840417458744,20.774787243716638,0.9645815238842576,0.9984672961660642,0.0,1,3755.685154535721,3383.143360840625,35.59363182586987,1893.8702754609205,2168.345834962678
coco_000000012062,images/coco_000000012062.png,svd_only,0.05,0.05,1.0,28.052165619616233,0.990987751498308,27.144631034865313,0.9863755604435861,0.9997940587218249,0.0,1,9389.212886339303,8948.752315267197,27.634831652429117,4734.675688652302,5420.864587406695
coco_000000012062,images/coco_000000012062.png,svd_only,0.1,0.1,1.0,22.176156763924514,0.9653232846503818,23.63801535653492,0.8486221028583297,0.9989640660847318,0.0,1,18778.425772678605,17602.03704120634,21.614231739149496,9469.351377304603,10841.72917481339
coco_000000012062,images/coco_000000012062.png,svd_texture,0.001,0.0004240187413301008,0.36002082370011196,60.78110293518734,0.9999597859405039,3.765374221882703,0.4533241536014269,0.42292897575880856,0.4662628173828125,0,79.62404460291907,206.688170924221,69.06653068859819,40.15182452217154,45.97096358546206
coco_000000012062,images/coco_000000012062.png,svd_texture,0.005,0.0021200937066505037,0.36002082370011196,60.61065224298363,0.9999565065499109,2.268952039656737,0.24294005073656091,0.40492913885884424,0.688995361328125,0,398.1202230145953,210.78424988599124,55.08713060187782,200.75912261085767,229.85481792731025
coco_000000012062,images/coco_000000012062.png,svd_texture,0.01,0.004240187413301007,0.36002082370011196,52.24370508210828,0.9998238728999352,7.758221964038837,0.718061762778726,0.8999398129367148,0.2857627868652344,0,796.2404460291906,552.3133168772956,49.06653068859819,401.51824522171535,459.7096358546205
coco_000000012062,images/coco_000000012062.png,svd_texture,0.02,0.008480374826602015,0.36002082370011196,45.11053623061254,0.9995907383624111,13.586749851826081,0.8894242915914146,0.9881036851947612,0.000217437744140625,1,1592.4808920583812,1255.5787510148457,43.04593077531857,803.0364904434307,919.419271709241
coco_000000012062,images/coco_000000012062.png,svd_texture,0.05,0.02120093706650504,0.36002082370011196,35.94368813497619,0.9982310914368066,21.265469943056775,0.9673013210707729,0.9986621946748142,0.0,1,3981.2022301459538,3607.3340571674257,35.08713060187782,2007.591226108577,2298.548179273103
coco_000000012062,images/coco_000000012062.png,svd_texture,0.1,0.04240187413301008,0.36002082370011196,29.528544608395894,0.9934634845505759,26.3569011565499,0.9850020845155196,0.9997076315563264,0.0,1,7962.4044602919075,7549.940662018477,29.066530688598196,4015.182452217154,4597.096358546206
coco_000000012062,images/coco_000000012062.png,svd_yolo,0.001,0.0009163951576061279,0.9071057306734754,60.78110293518734,0.9999597859405039,2.880287293440569,0.3318293341240175,0.3986935255091707,0.6349678039550781,0,172.08458445548783,206.688170924221,62.37257602645603,86.77667747832855,99.3530811587607
coco_000000012062,images/coco_000000012062.png,svd_yolo,0.005,0.004581975788030639,0.9071057306734754,51.48118857420215,0.9998258567733828,8.524114814620951,0.750267088428313,0.9260178128878029,0.19001388549804688,1,860.4229222774392,602.9917080690248,48.393175939735656,433.88338739164277,496.76540579380355
coco_000000012062,images/coco_000000012062.png,svd_yolo,0.01,0.009163951576061279,0.9071057306734754,44.29310736875257,0.9995348715725557,14.252302400619676,0.8999735090126691,0.9902718776342502,0.00012969970703125,1,1720.8458445548783,1379.4799744831384,42.37257602645603,867.7667747832855,993.5308115876071
coco_000000012062,images/coco_000000012062.png,svd_yolo,0.02,0.018327903152122557,0.9071057306734754,37.338697553721815,0.9986367362407139,20.059435108291407,0.9606094718244352,0.9981256335698601,3.814697265625e-06,1,3441.6916891097567,3072.1038393908498,36.35197611317641,1735.533549566571,1987.0616231752142
coco_000000012062,images/coco_000000012062.png,svd_yolo,0.05,0.0458197578803064,0.9071057306734754,28.83183904936093,0.9924010610932479,26.76448950358322,0.985767085318919,0.9997515374327502,0.0,1,8604.229222774393,8180.480548231871,28.393175939735656,4338.833873916428,4967.654057938036
coco_000000012062,images/coco_000000012062.png,svd_yolo,0.1,0.0916395157606128,0.9071057306734754,22.881494657931274,0.9707174990575095,24.689721482746833,0.8777188371583083,0.9993475332494506,0.0,1,17208.458445548786,16229.159774923655,22.37257602645603,8677.667747832857,9935.308115876072
coco_000000012120,images/coco_000000012120.png,svd_only,0.001,0.001,1.0,59.90721742696081,0.9998743564385789,3.022897554853809,0.34824439009726055,0.3884766484649227,0.6559257507324219,0,187.78425772678605,228.5650891978038,61.61423173914949,94.69351377304604,108.41729174813389
coco_000000012120,images/coco_000000012120.png,svd_only,0.005,0.005,1.0,50.12056712212544,0.9992712474631009,9.97666016217808,0.7953793527820053,0.9492898850887845,0.06816864013671875,1,938.9212886339302,705.2488922359255,47.63483165242911,473.46756886523013,542.0864587406695
coco_000000012120,images/coco_000000012120.png,svd_only,0.01,0.01,1.0,43.25426077277761,0.9987876185059358,15.412925792183286,0.9088023430556783,0.9933059105225843,0.000247955322265625,1,1877.8425772678604,1554.7398496211513,41.61423173914949,946.9351377304603,1084.172917481339
coco_000000012120,images/coco_000000012120.png,svd_only,0.02,0.02,1.0,36.48713782663839,0.9964765861352808,20.71742225168005,0.9513105696061067,0.9984974497805135,1.52587890625e-05,1,3755.685154535721,3388.549837319794,35.59363182586987,1893.8702754609205,2168.345834962678
coco_000000012120,images/coco_000000012120.png,svd_only,0.05,0.05,1.0,28.059097284830607,0.981017456296592,26.247212477721675,0.9569900472080759,0.999338537308412,3.4332275390625e-05,1,9389.212886339303,8941.613724602512,27.634831652429117,4734.675688652302,5420.864587406695
coco_000000012120,images/coco_000000012120.png,svd_only,0.1,0.1,1.0,21.996196575999317,0.935317795489787,25.40732751058637,0.8341608509947394,0.9983024824352732,0.0001678466796875,1,18778.425772678605,17970.53224030941,21.614231739149496,9469.351377304603,10841.72917481339
coco_000000012120,images/coco_000000012120.png,svd_texture,0.001,0.00025698710235314405,0.17443011372571554,59.90721742696081,0.9998743564385789,4.347394782869043,0.5164349632264091,0.466269401324022,0.34195709228515625,0,48.25813226074275,228.5650891978038,73.41600518827593,24.335011716172634,27.861845651328366
coco_000000012120,images/coco_000000012120.png,svd_texture,0.005,0.0012849355117657201,0.17443011372571554,59.90721742696081,0.9998743564385789,2.7581066457952423,0.3132447721636292,0.3876538832142532,0.6850700378417969,0,241.2906613037137,228.5650891978038,59.43660510155556,121.67505858086317,139.3092282566418
coco_000000012120,images/coco_000000012120.png,svd_texture,0.01,0.0025698710235314403,0.17443011372571554,57.873256051443704,0.999865360555061,3.61271494548941,0.41288208292447487,0.6230501313490946,0.6802482604980469,0,482.5813226074274,288.87367481305733,53.41600518827593,243.35011716172633,278.6184565132836
coco_000000012120,images/coco_000000012120.png,svd_texture,0.02,0.005139742047062881,0.17443011372571554,49.81193774275041,0.9993280028867969,10.395559263680234,0.808428967876794,0.9552342588880449,0.0428009033203125,1,965.1626452148548,730.7585100428184,47.395405274996314,486.70023432345266,557.2369130265672
coco_000000012120,images/coco_000000012120.png,svd_texture,0.05,0.012849355117657203,0.17443011372571554,40.832594155548094,0.9983349410538578,16.95833934158967,0.9270430430344563,0.9957497463644372,0.0001220703125,1,2412.9066130371375,2054.6651795365588,39.43660510155556,1216.7505858086317,1393.0922825664184
coco_000000012120,images/coco_000000012120.png,svd_texture,0.1,0.025698710235314406,0.17443011372571554,34.133447803847545,0.9945345190712712,22.496506528707208,0.956922815182664,0.9990102622156489,1.9073486328125e-05,1,4825.813226074275,4443.225742633385,33.41600518827593,2433.5011716172635,2786.1845651328367
coco_000000012120,images/coco_000000012120.png,svd_yolo,0.001,0.0002571219105935095,0.17457990065945506,59.90721742696081,0.9998743564385789,4.34701741193215,0.5163804273586511,0.4662415531645185,0.3419990539550781,0,48.28344712609523,228.5650891978038,73.41145000836092,24.347777182138405,27.876461195654123
coco_000000012120,images/coco_000000012120.png,svd_yolo,0.005,0.0012856095529675477,0.17457990065945506,59.90721742696081,0.9998743564385789,2.7576089818547036,0.3131945079298423,0.387636078238961,0.6850700378417969,0,241.41723563047617,228.5650891978038,59.43204992164054,121.73888591069202,139.3823059782706
coco_000000012120,images/coco_000000012120.png,svd_yolo,0.01,0.0025712191059350954,0.17457990065945506,57.86992652961773,0.9998653606366584,3.614550329599221,0.41315126990031964,0.6232227543630535,0.6802520751953125,0,482.83447126095234,288.98442864625076,53.411450008360916,243.47777182138404,278.7646119565412
coco_000000012120,images/coco_000000012120.png,svd_yolo,0.02,0.005142438211870191,0.17457990065945506,49.80632977883607,0.9993287515939845,10.40271804790543,0.8088423881765228,0.9553504426147418,0.04280853271484375,1,965.6689425219047,731.2304698246647,47.39085009508129,486.9555436427681,557.5292239130824
coco_000000012120,images/coco_000000012120.png,svd_yolo,0.05,0.012856095529675477,0.17457990065945506,40.82735695453064,0.9983324695232394,16.962395505565773,0.9271257211440725,0.9957534411773792,0.000125885009765625,1,2414.1723563047617,2055.904423848541,39.43204992164054,1217.38885910692,1393.8230597827062
coco_000000012120,images/coco_000000012120.png,svd_yolo,0.1,0.025712191059350954,0.17457990065945506,34.12861440563426,0.9945283461733226,22.498681593425598,0.9570421225452527,0.9990120761204688,1.9073486328125e-05,1,4828.344712609523,4445.6989326763905,33.411450008360916,2434.77771821384,2787.6461195654124
coco_000000012280,images/coco_000000012280.png,svd_only,0.001,0.001,1.0,60.05106299955338,0.9999198560205435,2.9528384023695278,0.3420069718002916,0.3857630224576671,0.6061859130859375,0,187.78425772678605,224.8110317577854,61.61423173914949,94.69351377304604,108.41729174813389
coco_000000012280,images/coco_000000012280.png,svd_only,0.005,0.005,1.0,50.765232236756226,0.9996599162021079,8.791549928112678,0.7745820015304153,0.9493717960044128,0.15296554565429688,1,938.9212886339302,654.8007330478487,47.63483165242911,473.46756886523013,542.0864587406695
coco_000000012280,images/coco_000000012280.png,svd_only,0.01,0.01,1.0,43.58002307589772,0.9991877897454967,13.942921522966481,0.9079582359521989,0.9938318855215776,0.000110626220703125,1,1877.8425772678604,1497.5095993014536,41.61423173914949,946.9351377304603,1084.172917481339
coco_000000012280,images/coco_000000012280.png,svd_only,0.02,0.02,1.0,36.80316700923345,0.9975035219347296,17.63071709456904,0.9462319741248465,0.9987753829825369,3.0517578125e-05,1,3755.685154535721,3267.4760901956115,35.59363182586987,1893.8702754609205,2168.345834962678
coco_000000012280,images/coco_000000012280.png,svd_only,0.05,0.05,1.0,28.541945443394372,0.9877321581832063,18.631252635780747,0.8060799571778716,0.9969106364565538,3.814697265625e-05,1,9389.212886339303,8458.11326478902,27.634831652429117,4734.675688652302,5420.864587406695
coco_000000012280,images/coco_000000012280.png,svd_only,0.1,0.1,1.0,22.780335268903464,0.9564720734894455,16.063994587911168,0.7238656451650408,0.9914919415741383,6.103515625e-05,1,18778.425772678605,16419.276080266147,21.614231739149496,9469.351377304603,10841.72917481339
coco_000000012280,images/coco_000000012280.png,svd_texture,0.001,0.0002451015422872111,0.16122393587467898,60.05106299955338,0.9999198560205435,4.221497388705351,0.535986982830031,0.4531967016881663,0.401153564453125,0,46.02621118609439,224.8110317577854,73.8273108584802,23.209526270368844,26.57324541807014
coco_000000012280,images/coco_000000012280.png,svd_texture,0.005,0.0012255077114360555,0.16122393587467898,60.05106299955338,0.9999198560205435,2.743565485740182,0.3116238983982624,0.3851515745628747,0.6468315124511719,0,230.131055930472,224.8110317577854,59.84791077175983,116.04763135184423,132.86622709035072
coco_000000012280,images/coco_000000012280.png,svd_texture,0.01,0.002451015422872111,0.16122393587467898,58.77447793162225,0.9998902112445679,2.855925664455003,0.31898129320689433,0.4859079762958516,0.679901123046875,0,460.262111860944,260.4035330021465,53.8273108584802,232.09526270368846,265.73245418070144
coco_000000012280,images/coco_000000012280.png,svd_texture,0.02,0.004902030845744222,0.16122393587467898,50.96852613341342,0.9996743921902823,8.636732043455687,0.7687057058189937,0.9467061437004246,0.204071044921875,1,920.524223721888,639.6530309472472,47.80671094520058,464.1905254073769,531.4649083614029
coco_000000012280,images/coco_000000012280.png,svd_texture,0.05,0.012255077114360555,0.16122393587467898,41.51895423300278,0.9988377646904594,15.23744357800042,0.9265219718468564,0.9963443929885026,6.866455078125e-05,1,2301.31055930472,1898.554450101445,39.84791077175983,1160.4763135184423,1328.6622709035073
coco_000000012280,images/coco_000000012280.png,svd_texture,0.1,0.02451015422872111,0.16122393587467898,34.91255435018721,0.9964771061258563,18.28478320385006,0.9306888328759094,0.9988471164592185,2.6702880859375e-05,1,4602.62111860944,4062.0292958077002,33.8273108584802,2320.9526270368847,2657.3245418070146
coco_000000012280,images/coco_000000012280.png,svd_yolo,0.001,0.00017818468017747761,0.08687186686386399,60.05106299955338,0.9999198560205435,4.378928537232735,0.562288015890147,0.46630487179128227,0.3811492919921875,0,33.460277905412404,224.8110317577854,76.59682450162998,16.872933466531777,19.31830045584952
coco_000000012280,images/coco_000000012280.png,svd_yolo,0.005,0.000890923400887388,0.08687186686386399,60.05106299955338,0.9999198560205435,3.0792254864452264,0.35993592587438195,0.38752130725769,0.5823097229003906,0,167.30138952706199,224.8110317577854,62.61742441490961,84.36466733265888,96.59150227924759
coco_000000012280,images/coco_000000012280.png,svd_yolo,0.01,0.001781846801774776,0.08687186686386399,59.972042452525365,0.9999179948249098,2.4775613643754886,0.2721731679670975,0.38977394920479147,0.6804618835449219,0,334.60277905412397,226.86559897877862,56.59682450162998,168.72933466531777,193.18300455849518
coco_000000012280,images/coco_000000012280.png,svd_yolo,0.02,0.003563693603549552,0.08687186686386399,54.34147303033106,0.9997631944703733,5.715764049404938,0.5997580319233555,0.8213354268006252,0.4928169250488281,0,669.2055581082479,433.80756102216566,50.57622458835037,337.45866933063553,386.36600911699037
coco_000000012280,images/coco_000000012280.png,svd_yolo,0.05,0.008909234008873881,0.08687186686386399,44.69858529925204,0.9993135059485319,13.398762504610929,0.8983058717823941,0.9921591198356833,0.000164031982421875,1,1673.0138952706202,1316.5625697246599,42.61742441490961,843.6466733265889,965.9150227924761
coco_000000012280,images/coco_000000012280.png,svd_yolo,0.1,0.017818468017747762,0.08687186686386399,37.89750679092467,0.9979262875692579,17.139476509198683,0.9461018117953088,0.9985476669385193,3.4332275390625e-05,1,3346.0277905412404,2880.6827315759715,36.59682450162999,1687.2933466531779,1931.8300455849521
coco_000000012576,images/coco_000000012576.png,svd_only,0.001,0.001,1.0,59.14741736554764,0.9994193968507283,2.855806772993504,0.32645395957153345,0.3959988191189269,0.65167236328125,0,187.78425772678605,249.45941553687646,61.61423173914949,94.69351377304604,108.41729174813389
coco_000000012576,images/coco_000000012576.png,svd_only,0.005,0.005,1.0,50.48231795649647,0.999263347637411,9.57394178838519,0.7934630703711812,0.9570150254238522,0.06810760498046875,1,938.9212886339302,676.4798592715085,47.63483165242911,473.46756886523013,542.0864587406695
coco_000000012576,images/coco_000000012576.png,svd_only,0.01,0.01,1.0,43.25804441549149,0.9988995309275075,15.409724191419002,0.9259110062989769,0.993633863304744,7.62939453125e-06,1,1877.8425772678604,1554.0627400462313,41.61423173914949,946.9351377304603,1084.172917481339
coco_000000012576,images/coco_000000012576.png,svd_only,0.02,0.02,1.0,36.50531499212346,0.9974609765484534,20.33139311411254,0.929619323986968,0.9975271853292683,0.0,1,3755.685154535721,3381.4659542866907,35.59363182586987,1893.8702754609205,2168.345834962678
coco_000000012576,images/coco_000000012576.png,svd_only,0.05,0.05,1.0,28.101284918808332,0.9894805692962018,22.923567002252398,0.8386225072184826,0.9944083366793062,0.0,1,9389.212886339303,8898.289329977983,27.634831652429117,4734.675688652302,5420.864587406695
coco_000000012576,images/coco_000000012576.png,svd_only,0.1,0.1,1.0,22.236022171656064,0.9653395615028622,20.253100530912395,0.7518555270445756,0.9904812449067696,0.0,1,18778.425772678605,17481.13634750327,21.614231739149496,9469.351377304603,10841.72917481339
coco_000000012576,images/coco_000000012576.png,svd_texture,0.001,0.00031484010709889045,0.23871123010987824,59.14741736554764,0.9994193968507283,4.072697086859481,0.5020936465234991,0.4419048378192583,0.4095344543457031,0,59.122015814186966,249.45941553687646,71.65243070999354,29.81331601787607,34.134111745354126
coco_000000012576,images/coco_000000012576.png,svd_texture,0.005,0.0015742005354944522,0.23871123010987824,59.14741736554764,0.9994193968507283,2.437146548928025,0.26578380791271017,0.3951374262836872,0.6865158081054688,0,295.61007907093483,249.45941553687646,57.67303062327316,149.06658008938032,170.67055872677062
coco_000000012576,images/coco_000000012576.png,svd_texture,0.01,0.0031484010709889043,0.23871123010987824,54.839987590105316,0.9993074253267474,5.3430162719453165,0.5655262231435406,0.7789191526154325,0.5598602294921875,0,591.2201581418697,409.6107908734827,51.65243070999354,298.13316017876065,341.34111745354124
coco_000000012576,images/coco_000000012576.png,svd_texture,0.02,0.006296802141977809,0.23871123010987824,48.05657522137472,0.9991930189271255,11.470849141351444,0.8469770839793517,0.9767041930848994,0.03670501708984375,1,1182.4403162837393,894.4210417918398,45.63183079671391,596.2663203575213,682.6822349070825
coco_000000012576,images/coco_000000012576.png,svd_texture,0.05,0.01574200535494452,0.23871123010987824,38.791165699351524,0.9981663746350531,18.782004931060687,0.951068430599613,0.9973640799717753,0.0,1,2956.100790709348,2599.03712940004,37.67303062327316,1490.6658008938034,1706.7055872677063
coco_000000012576,images/coco_000000012576.png,svd_texture,0.1,0.03148401070988904,0.23871123010987824,32.2860674100182,0.994991104071198,22.337179261968686,0.8789262855157108,0.9963635021920404,0.0,1,5912.201581418696,5496.261638604917,31.652430709993542,2981.331601787607,3413.4111745354126
coco_000000012576,images/coco_000000012576.png,svd_yolo,0.001,0.0009839628702468868,0.9821809669409854,59.14741736554764,0.9994193968507283,2.8731399159140176,0.32897399148847173,0.39603897804632776,0.647674560546875,0,184.77273722002954,249.45941553687646,61.75465752562693,93.17490160588947,106.67858957288794
coco_000000012576,images/coco_000000012576.png,svd_yolo,0.005,0.0049198143512344346,0.9821809669409854,50.64246818398363,0.9992691546639385,9.460143186786782,0.7901399877739482,0.955422774679079,0.07383346557617188,1,923.8636861001478,664.1212238740756,47.77525743890656,465.87450802944744,533.3929478644397
coco_000000012576,images/coco_000000012576.png,svd_yolo,0.01,0.009839628702468869,0.9821809669409854,43.424648641208556,0.9989145502439906,15.270957649170755,0.9243651665085775,0.9933969048346794,3.814697265625e-06,1,1847.7273722002956,1524.5382907621572,41.75465752562693,931.7490160588949,1066.7858957288795
coco_000000012576,images/coco_000000012576.png,svd_yolo,0.02,0.019679257404937738,0.9821809669409854,36.65796264450512,0.997515524019636,20.23228953751672,0.931447838285458,0.9975223669076099,0.0,1,3695.454744400591,3322.5585021185107,35.73405761234731,1863.4980321177898,2133.571791457759
coco_000000012576,images/coco_000000012576.png,svd_yolo,0.05,0.04919814351234435,0.9821809669409854,28.245939363986672,0.9897538613627042,22.91880930296538,0.8397582103394198,0.9944712314358548,0.0,1,9238.636861001478,8751.324756858245,27.775257438906557,4658.745080294474,5333.929478644398
coco_000000012576,images/coco_000000012576.png,svd_yolo,0.1,0.0983962870246887,0.9821809669409854,22.36631597589772,0.9662786290325137,20.3639513008587,0.7537820379364649,0.9906724273840888,0.0,1,18477.273722002956,17220.86530926945,21.754657525626936,9317.490160588948,10667.858957288796
coco_000000012639,images/coco_000000012639.png,svd_only,0.001,0.001,1.0,59.11695702785391,0.9998834671239001,3.285568233266449,0.3793997726047523,0.45527059762797484,0.6027717590332031,0,187.78425772678605,250.3357745109556,61.61423173914949,94.69351377304604,108.41729174813389
coco_000000012639,images/coco_000000012639.png,svd_only,0.005,0.005,1.0,50.14418941286755,0.9997375395498755,10.38751113306403,0.8136907014575839,0.9655139227008791,0.048038482666015625,1,938.9212886339302,703.3334913111987,47.63483165242911,473.46756886523013,542.0864587406695
coco_000000012639,images/coco_000000012639.png,svd_only,0.01,0.01,1.0,43.31066001736285,0.9994177901605791,15.183604387997509,0.9156241139309994,0.9936895715157438,4.57763671875e-05,1,1877.8425772678604,1544.6773125802035,41.61423173914949,946.9351377304603,1084.172917481339
coco_000000012639,images/coco_000000012639.png,svd_only,0.02,0.02,1.0,36.524401650878595,0.9981363033762137,20.366611746312696,0.9623686053358376,0.9988214570093619,7.62939453125e-06,1,3755.685154535721,3374.043568183434,35.59363182586987,1893.8702754609205,2168.345834962678
coco_000000012639,images/coco_000000012639.png,svd_only,0.05,0.05,1.0,28.120224325271774,0.9895411331774836,25.109851045738353,0.9546283968572137,0.9996398092441188,0.0,1,9389.212886339303,8878.90792834344,27.634831652429117,4734.675688652302,5420.864587406695
coco_000000012639,images/coco_000000012639.png,svd_only,0.1,0.1,1.0,22.005503136550058,0.9625758568702246,25.58866329066301,0.8739435471611445,0.9991177057449356,7.62939453125e-06,1,18778.425772678605,17951.287892516237,21.614231739149496,9469.351377304603,10841.72917481339
coco_000000012639,images/coco_000000012639.png,svd_texture,0.001,0.0003894907435688324,0.32165638174314715,59.11695702785391,0.9998834671239001,4.6321057244503105,0.5480735660430306,0.4947441877583342,0.3779258728027344,0,73.14023017252715,250.3357745109556,69.80428892078767,36.88224709060917,42.22753157869971
coco_000000012639,images/coco_000000012639.png,svd_texture,0.005,0.001947453717844162,0.32165638174314715,58.932501254453776,0.9998808094193317,2.6660349433909585,0.29371888192154355,0.4722892110149761,0.6894989013671875,0,365.7011508626358,255.70881877635742,55.824888834067295,184.41123545304583,211.13765789349853
coco_000000012639,images/coco_000000012639.png,svd_texture,0.01,0.003894907435688324,0.32165638174314715,52.797293184840406,0.9997326840484062,6.885634595049562,0.6735117462586467,0.8485891976827513,0.3731880187988281,0,731.4023017252716,518.2103819878564,49.80428892078767,368.82247090609167,422.27531578699706
coco_000000012639,images/coco_000000012639.png,svd_texture,0.02,0.007789814871376648,0.32165638174314715,45.954367332502656,0.9995663045197521,12.878570333316814,0.8780601613349917,0.9856138445350042,0.000492095947265625,1,1462.8046034505433,1139.3375268110851,43.783689007508045,737.6449418121833,844.5506315739941
coco_000000012639,images/coco_000000012639.png,svd_texture,0.05,0.019474537178441623,0.32165638174314715,36.77606138446823,0.9982226744342505,20.184807418191255,0.9614077720052756,0.9987468677642448,7.62939453125e-06,1,3657.0115086263586,3277.688667338617,35.824888834067295,1844.1123545304588,2111.376578934986
coco_000000012639,images/coco_000000012639.png,svd_texture,0.1,0.038949074356883245,0.32165638174314715,30.36654620266144,0.9934839735355784,24.200699859696165,0.9710849869320338,0.9996421609374815,0.0,1,7314.023017252717,6855.5682477822365,29.804288920787666,3688.2247090609176,4222.753157869972
coco_000000012639,images/coco_000000012639.png,svd_yolo,0.001,0.0006440996069444127,0.6045551188271252,59.11695702785391,0.9998834671239001,3.964675270470053,0.4624578671501749,0.4627027314389952,0.4578590393066406,0,120.95176659217118,250.3357745109556,65.43517105651023,60.992055001404275,69.83153500095075
coco_000000012639,images/coco_000000012639.png,svd_yolo,0.005,0.003220498034722064,0.6045551188271252,55.73265404415381,0.9998103814885019,4.202584741657793,0.4717902506332337,0.6949378856822165,0.6548919677734375,0,604.758832960856,369.6051947686883,51.45577096978985,304.9602750070214,349.15767500475386
coco_000000012639,images/coco_000000012639.png,svd_yolo,0.01,0.006440996069444128,0.6045551188271252,48.080336623950835,0.9996842077246972,11.250393096165173,0.847329708185583,0.9797270057101186,0.037410736083984375,1,1209.517665921712,891.9775781935328,45.43517105651023,609.9205500140428,698.3153500095077
coco_000000012639,images/coco_000000012639.png,svd_yolo,0.02,0.012881992138888255,0.6045551188271252,40.782037297463454,0.999121476337898,17.101257647981615,0.9376696477903672,0.9964847539128651,4.1961669921875e-05,1,2419.035331843424,2066.6593817075905,39.4145711432306,1219.8411000280855,1396.6307000190154
coco_000000012639,images/coco_000000012639.png,svd_yolo,0.05,0.032204980347220635,0.6045551188271252,32.09674440314354,0.9954663212107674,23.27112880991318,0.9733818931475668,0.999560311637688,0.0,1,6047.588329608559,5617.37670091654,31.455770969789853,3049.602750070214,3491.576750047538
coco_000000012639,images/coco_000000012639.png,svd_yolo,0.1,0.06440996069444127,0.6045551188271252,25.86764819787005,0.9832174695225486,25.65850691369844,0.9266394004166493,0.999532552918279,3.814697265625e-06,1,12095.176659217119,11507.695425236107,25.435171056510228,6099.205500140428,6983.153500095076
coco_000000012748,images/coco_000000012748.png,svd_only,0.001,0.001,1.0,63.79241961776391,0.9999094634376964,2.268549414522319,0.22893332522099608,0.2964476762381601,0.682708740234375,0,187.78425772678605,146.13350060817677,61.61423173914949,94.69351377304604,108.41729174813389
coco_000000012748,images/coco_000000012748.png,svd_only,0.005,0.005,1.0,51.15495356537419,0.9996237314200463,8.42776851361399,0.7563178588135869,0.9580232011989117,0.18442153930664062,1,938.9212886339302,626.070283594422,47.63483165242911,473.46756886523013,542.0864587406695
coco_000000012748,images/coco_000000012748.png,svd_only,0.01,0.01,1.0,43.859479063764404,0.998906878769037,12.379896619730408,0.8739097402164866,0.9910366094034481,0.000606536865234375,1,1877.8425772678604,1450.0962037051197,41.61423173914949,946.9351377304603,1084.172917481339
coco_000000012748,images/coco_000000012748.png,svd_only,0.02,0.02,1.0,37.1676420643484,0.9967229099344808,14.73903113570419,0.8925114354930589,0.9960259195320831,0.0001678466796875,1,3755.685154535721,3133.203951229476,35.59363182586987,1893.8702754609205,2168.345834962678
coco_000000012748,images/coco_000000012748.png,svd_only,0.05,0.05,1.0,28.950369494064642,0.9831445582483939,15.15572369495094,0.8116801675775517,0.9940496919900585,0.00032806396484375,1,9389.212886339303,8069.605318725322,27.634831652429117,4734.675688652302,5420.864587406695
coco_000000012748,images/coco_000000012748.png,svd_only,0.1,0.1,1.0,23.09957434985469,0.9422058711600848,13.922485997087444,0.7430221928672012,0.9888980929771966,0.00074005126953125,1,18778.425772678605,15826.761260599087,21.614231739149496,9469.351377304603,10841.72917481339
coco_000000012748,images/coco_000000012748.png,svd_texture,0.001,0.00029373968965540174,0.21526632183933525,63.79241961776391,0.9999094634376964,3.153318850094728,0.3476156098400471,0.3219325648997132,0.5553054809570312,0,55.15968958683611,146.13350060817677,72.25497910533913,27.815243348074052,31.846461631376
coco_000000012748,images/coco_000000012748.png,svd_texture,0.005,0.0014686984482770089,0.21526632183933525,63.78977662525918,0.9999094310122129,2.0738834052898865,0.2048080051356013,0.29563682639752864,0.6895027160644531,0,275.79844793418056,146.17797371697284,58.27557901861876,139.07621674037026,159.23230815688
coco_000000012748,images/coco_000000012748.png,svd_texture,0.01,0.0029373968965540178,0.21526632183933525,57.39875831385733,0.9998268265749978,4.440380878228727,0.4855676233795791,0.7979191810085875,0.6561317443847656,0,551.5968958683611,305.0934283133611,52.25497910533913,278.1524334807405,318.46461631376
coco_000000012748,images/coco_000000012748.png,svd_texture,0.02,0.0058747937931080355,0.21526632183933525,49.41048517960616,0.9995484632499875,9.47213458014412,0.7994069052378289,0.9736399378660103,0.05802154541015625,1,1103.1937917367222,765.3260742977467,46.23437919205951,556.304866961481,636.92923262752
coco_000000012748,images/coco_000000012748.png,svd_texture,0.05,0.014686984482770088,0.21526632183933525,40.07864310292292,0.9980253971231466,13.95397971508596,0.8973226040314858,0.9951514458201037,0.000202178955078125,1,2757.9844793418056,2240.9832663364537,38.27557901861875,1390.7621674037025,1592.3230815688
coco_000000012748,images/coco_000000012748.png,svd_texture,0.1,0.029373968965540176,0.21526632183933525,33.64892412504293,0.9935767427636174,15.241021181613732,0.8659056911868133,0.9956217819630895,0.000209808349609375,1,5515.968958683611,4698.124945124385,32.25497910533913,2781.524334807405,3184.6461631376
coco_000000012748,images/coco_000000012748.png,svd_yolo,0.001,0.0009120723881112458,0.9023026534569398,63.79241961776391,0.9999094634376964,2.324678241682063,0.23632389873497917,0.29678478867029634,0.67718505859375,0,171.2728363945674,146.13350060817677,62.41364557543903,86.36733924562724,98.88441819727414
coco_000000012748,images/coco_000000012748.png,svd_yolo,0.005,0.004560361940556229,0.9023026534569398,52.22138225455879,0.9996696232764032,7.721102084076681,0.7220090069996513,0.9426278201073464,0.30120086669921875,1,856.3641819728371,553.7345934651365,48.434245488718645,431.8366962281362,494.42209098637073
coco_000000012748,images/coco_000000012748.png,svd_yolo,0.01,0.009120723881112458,0.9023026534569398,44.81612553630199,0.9990790072496752,11.872050032627534,0.862120362326538,0.9889853349426265,0.00092315673828125,1,1712.7283639456741,1298.8664288524822,42.41364557543903,863.6733924562724,988.8441819727415
coco_000000012748,images/coco_000000012748.png,svd_yolo,0.02,0.018241447762224916,0.9023026534569398,38.029081638004136,0.9971997944106231,14.532497247097684,0.8961301378831946,0.9958971960487701,0.000179290771484375,1,3425.4567278913482,2837.374666835524,36.393045662159395,1727.3467849125448,1977.688363945483
coco_000000012748,images/coco_000000012748.png,svd_yolo,0.05,0.04560361940556229,0.9023026534569398,29.75128488057223,0.9857634481658352,15.227921906794968,0.8209031305724513,0.9943757135829386,0.000301361083984375,1,8563.641819728371,7358.791952487853,28.434245488718645,4318.366962281361,4944.220909863708
coco_000000012748,images/coco_000000012748.png,svd_yolo,0.1,0.09120723881112458,0.9023026534569398,23.859397008746903,0.9506097779411934,14.145117745722276,0.7520503222700904,0.9900409180004526,0.000629425048828125,1,17127.283639456742,14501.099027315136,22.41364557543902,8636.733924562723,9888.441819727415
coco_000000013004,images/coco_000000013004.png,svd_only,0.001,0.001,1.0,60.912589148785976,0.999875352952896,3.032807129873387,0.3500702669438159,0.4337865937871409,0.6437911987304688,0,187.78425772678605,203.58290694456645,61.61423173914949,94.69351377304604,108.41729174813389
coco_000000013004,images/coco_000000013004.png,svd_only,0.005,0.005,1.0,50.840397921330194,0.9995064583409462,8.923123998619163,0.7646208577121563,0.9517129417216121,0.15210723876953125,1,938.9212886339302,649.1586863009691,47.63483165242911,473.46756886523013,542.0864587406695
coco_000000013004,images/coco_000000013004.png,svd_only,0.01,0.01,1.0,43.30623201411841,0.9987003408982197,15.289828457286829,0.9162576436941331,0.9935082178670361,0.0,1,1877.8425772678604,1545.4649785744095,41.61423173914949,946.9351377304603,1084.172917481339
coco_000000013004,images/coco_000000013004.png,svd_only,0.02,0.02,1.0,36.463743095596676,0.9963393611809032,21.11976481593736,0.9681027969878543,0.9988196182969232,0.0,1,3755.685154535721,3397.6889204281197,35.59363182586987,1893.8702754609205,2168.345834962678
coco_000000013004,images/coco_000000013004.png,svd_only,0.05,0.05,1.0,28.012370338121176,0.9825072295572134,28.049748771686055,0.9871175721579896,0.9998563607582108,0.0,1,9389.212886339303,8989.845994231491,27.634831652429117,4734.675688652302,5420.864587406695
coco_000000013004,images/coco_000000013004.png,svd_only,0.1,0.1,1.0,21.849040201624227,0.9433087974804789,30.74024030940237,0.916443081112147,0.9996891186688521,0.0,1,18778.425772678605,18277.5827449912,21.614231739149496,9469.351377304603,10841.72917481339
coco_000000013004,images/coco_000000013004.png,svd_texture,0.001,0.0002696700163866951,0.18852224042966126,60.912589148785976,0.999875352952896,4.63339818647161,0.5628940593957351,0.4914739289984953,0.37358856201171875,0,50.63978385834577,203.58290694456645,72.99757850840071,25.536001410891064,29.236892842320373
coco_000000013004,images/coco_000000013004.png,svd_texture,0.005,0.0013483500819334757,0.18852224042966126,60.90735302553706,0.9998753238803212,2.698512767324713,0.30219804577414183,0.4337814891761568,0.6838226318359375,0,253.19891929172888,203.70567002417974,59.01817842168033,127.68000705445532,146.1844642116019
coco_000000013004,images/coco_000000013004.png,svd_texture,0.01,0.0026967001638669515,0.18852224042966126,58.14641567953764,0.9997674867134959,3.4481381864494725,0.38848203665325487,0.5937484736290873,0.6663017272949219,0,506.39783858345777,279.93034847976026,52.99757850840071,255.36001410891063,292.3689284232038
coco_000000013004,images/coco_000000013004.png,svd_texture,0.02,0.005393400327733903,0.18852224042966126,50.00795986719108,0.999411892195439,9.516736334254437,0.7858451802250631,0.9591636192899963,0.08761215209960938,1,1012.7956771669155,714.4515378946287,46.97697859512108,510.72002821782127,584.7378568464076
coco_000000013004,images/coco_000000013004.png,svd_texture,0.05,0.013483500819334757,0.18852224042966126,40.294945740745895,0.9980182264564795,17.80264022551858,0.9431671002072034,0.9968898091407882,0.0,1,2531.9891929172886,2185.865732381566,39.01817842168033,1276.8000705445531,1461.8446421160188
coco_000000013004,images/coco_000000013004.png,svd_texture,0.1,0.026967001638669514,0.18852224042966126,33.65363414353644,0.9939811520418859,23.528015854027515,0.9795189004667059,0.9994338258130203,0.0,1,5063.978385834577,4695.578026185914,32.99757850840071,2553.6001410891063,2923.6892842320376
coco_000000013004,images/coco_000000013004.png,svd_yolo,0.001,0.0006110478546996506,0.5678309496662783,60.912589148785976,0.999875352952896,3.7117576773592447,0.43871647841235806,0.44096983366323866,0.4902915954589844,0,114.74516783031889,203.58290694456645,65.89272726529185,57.862268444991585,66.24815353504334
coco_000000013004,images/coco_000000013004.png,svd_yolo,0.005,0.0030552392734982526,0.5678309496662783,56.08960792387676,0.9996993942923759,4.780252410365932,0.5238278661935555,0.74061038542772,0.5927963256835938,0,573.7258391515944,354.72383624447906,51.91332717857148,289.3113422249579,331.2407676752167
coco_000000013004,images/coco_000000013004.png,svd_yolo,0.01,0.006110478546996505,0.5678309496662783,48.47559723343764,0.9992825826504204,10.863342610837108,0.8238901278601523,0.969913994690263,0.038055419921875,1,1147.4516783031888,852.2968966269912,45.89272726529185,578.6226844499158,662.4815353504334
coco_000000013004,images/coco_000000013004.png,svd_yolo,0.02,0.01222095709399301,0.5678309496662783,41.26018593611057,0.9982837572393571,17.045753941533924,0.9353473158734261,0.9960464866871128,0.0,1,2294.9033566063777,1955.9667686338641,39.87212735201223,1157.2453688998316,1324.9630707008669
coco_000000013004,images/coco_000000013004.png,svd_yolo,0.05,0.030552392734982527,0.5678309496662783,32.496197387899755,0.992561707258561,24.51897708158355,0.9831831763641166,0.9995884052267057,0.0,1,5737.258391515945,5364.8909588173365,31.91332717857148,2893.1134222495793,3312.407676752167
coco_000000013004,images/coco_000000013004.png,svd_yolo,0.1,0.061104785469965055,0.5678309496662783,26.21417007848372,0.9752700297290747,29.224954540250394,0.9790948279633023,0.9998628881018509,0.0,1,11474.51678303189,11057.635371090873,25.892727265291853,5786.226844499159,6624.815353504334
coco_000000013177,images/coco_000000013177.png,svd_only,0.001,0.001,1.0,62.28044873184756,0.9997623253944296,2.2721563878888347,0.2390892013644995,0.34232101066079135,0.6867408752441406,0,187.78425772678605,173.91952161847732,61.61423173914949,94.69351377304604,108.41729174813389
coco_000000013177,images/coco_000000013177.png,svd_only,0.005,0.005,1.0,50.933081092406894,0.9995808885768959,8.781846408707676,0.769432452774996,0.9569222277319668,0.14683914184570312,1,938.9212886339302,642.2686353855371,47.63483165242911,473.46756886523013,542.0864587406695
coco_000000013177,images/coco_000000013177.png,svd_only,0.01,0.01,1.0,43.54390268847075,0.999182557166339,14.03936594660241,0.8960759615859342,0.9938523739548528,0.000263214111328125,1,1877.8425772678604,1503.74997921862,41.61423173914949,946.9351377304603,1084.172917481339
coco_000000013177,images/coco_000000013177.png,svd_only,0.02,0.02,1.0,36.802783839480604,0.997823344985027,17.56067635300366,0.9159921589842958,0.9978112804886521,7.2479248046875e-05,1,3755.685154535721,3267.6202349722344,35.59363182586987,1893.8702754609205,2168.345834962678
coco_000000013177,images/coco_000000013177.png,svd_only,0.05,0.05,1.0,28.503446301195197,0.9887570421897555,18.670598162596995,0.8022016816541874,0.9949757319947623,9.918212890625e-05,1,9389.212886339303,8495.68602291775,27.634831652429117,4734.675688652302,5420.864587406695
coco_000000013177,images/coco_000000013177.png,svd_only,0.1,0.1,1.0,22.606496099529387,0.9602531878142907,16.991753293435075,0.7541495957071837,0.9911627104746629,0.000171661376953125,1,18778.425772678605,16751.20153899415,21.614231739149496,9469.351377304603,10841.72917481339
coco_000000013177,images/coco_000000013177.png,svd_texture,0.001,0.00027301702611639574,0.19224114012932858,62.28044873184756,0.9997623253944296,3.345182551528547,0.3916446789154668,0.37301298011030937,0.5060844421386719,0,51.268299596041935,173.91952161847732,72.8904371047206,25.85294152282899,29.599766572669168
coco_000000013177,images/coco_000000013177.png,svd_texture,0.005,0.0013650851305819786,0.19224114012932858,62.28044873184756,0.9997623253944296,2.1048075211630186,0.21774551667453448,0.34078657614617586,0.6893501281738281,0,256.3414979802097,173.91952161847732,58.911037018000236,129.26470761414492,147.99883286334583
coco_000000013177,images/coco_000000013177.png,svd_texture,0.01,0.0027301702611639573,0.19224114012932858,57.833572415582395,0.9996979239075611,3.9120778467217985,0.4338730674040994,0.7451831728514958,0.6803169250488281,0,512.6829959604194,290.1964851613472,52.89043710472061,258.52941522828985,295.99766572669165
coco_000000013177,images/coco_000000013177.png,svd_texture,0.02,0.005460340522327915,0.19224114012932858,49.86413703047717,0.9995411789002695,9.652175220709939,0.7975439957003984,0.9667417890232267,0.067840576171875,1,1025.3659919208387,726.3800658057736,46.869837191440986,517.0588304565797,591.9953314533833
coco_000000013177,images/coco_000000013177.png,svd_texture,0.05,0.013650851305819786,0.19224114012932858,40.451455714809406,0.9987937077388596,15.866919072162485,0.9175520714865292,0.9968443866059183,8.7738037109375e-05,1,2563.4149798020967,2146.831618921242,38.911037018000236,1292.6470761414494,1479.9883286334584
coco_000000013177,images/coco_000000013177.png,svd_texture,0.1,0.027301702611639573,0.19224114012932858,33.92130796870149,0.996268807103548,18.416139665404906,0.8749369081082232,0.9973691228156061,7.62939453125e-05,1,5126.829959604193,4553.08093492747,32.89043710472062,2585.2941522828987,2959.976657266917
coco_000000013177,images/coco_000000013177.png,svd_yolo,0.001,0.000869597539098061,0.8551083767756232,62.28044873184756,0.9997623253944296,2.3623411763148146,0.2513159616452045,0.3433558684783412,0.6813468933105469,0,163.29672840056918,173.91952161847732,62.827865698027345,82.34524654558916,94.27941009985375
coco_000000013177,images/coco_000000013177.png,svd_yolo,0.005,0.0043479876954903044,0.8551083767756232,52.54473071484106,0.9996535651493993,7.60693062871007,0.717631755386248,0.9359559395515629,0.3060646057128906,1,816.4836420028458,533.4997656981678,48.84846561130697,411.7262327279458,471.3970504992687
coco_000000013177,images/coco_000000013177.png,svd_yolo,0.01,0.008695975390980609,0.8551083767756232,44.95942621166597,0.9993002931324546,13.136944807429533,0.880813432726573,0.9911841158753499,0.00072479248046875,1,1632.9672840056917,1277.6134000549619,42.827865698027345,823.4524654558916,942.7941009985374
coco_000000013177,images/coco_000000013177.png,svd_yolo,0.02,0.017391950781961218,0.8551083767756232,38.11881075021827,0.9982665643154732,17.03491831815956,0.9223403256463422,0.9977190966596206,7.2479248046875e-05,1,3265.9345680113834,2808.2142012318077,36.80726578474773,1646.9049309117831,1885.5882019970747
coco_000000013177,images/coco_000000013177.png,svd_yolo,0.05,0.043479876954903046,0.8551083767756232,29.736714017827378,0.9913215389047805,18.748454674094145,0.8141454067556456,0.9956237050153305,8.7738037109375e-05,1,8164.836420028459,7371.146925682597,28.84846561130697,4117.262327279458,4713.970504992687
coco_000000013177,images/coco_000000013177.png,svd_yolo,0.1,0.08695975390980609,0.8551083767756232,23.759669486657767,0.9689784755080595,17.504215784401048,0.7635682537867395,0.9920658107138759,0.000156402587890625,1,16329.672840056917,14668.553677851132,22.82786569802735,8234.524654558916,9427.941009985374
coco_000000013291,images/coco_000000013291.png,svd_only,0.001,0.001,1.0,60.49376870900572,0.9997994815218848,2.8038917928909743,0.3187408946396029,0.3823973111500348,0.6438865661621094,0,187.78425772678605,213.63988391683796,61.61423173914949,94.69351377304604,108.41729174813389
coco_000000013291,images/coco_000000013291.png,svd_only,0.005,0.005,1.0,50.44340276705399,0.9995598102473938,9.440277972692687,0.7909530178538233,0.9532918848470034,0.11742401123046875,1,938.9212886339302,679.5174758606286,47.63483165242911,473.46756886523013,542.0864587406695
coco_000000013291,images/coco_000000013291.png,svd_only,0.01,0.01,1.0,43.45787702011993,0.9990651186029259,14.440578637925752,0.9023110506968912,0.9934026007811017,8.7738037109375e-05,1,1877.8425772678604,1518.7172218685084,41.61423173914949,946.9351377304603,1084.172917481339
coco_000000013291,images/coco_000000013291.png,svd_only,0.02,0.02,1.0,36.690318417671335,0.997239335276662,18.351356834145022,0.9052589092944986,0.9959196552499344,1.9073486328125e-05,1,3755.685154535721,3310.2046764512916,35.59363182586987,1893.8702754609205,2168.345834962678
coco_000000013291,images/coco_000000013291.png,svd_only,0.05,0.05,1.0,28.438969253918668,0.987246609041119,18.60288241037813,0.7941780750855395,0.9882249806323128,1.52587890625e-05,1,9389.212886339303,8558.985804404632,27.634831652429117,4734.675688652302,5420.864587406695
coco_000000013291,images/coco_000000013291.png,svd_only,0.1,0.1,1.0,22.53238832819843,0.9584363182585373,16.45967527813188,0.714611879579831,0.97999612627571,4.1961669921875e-05,1,18778.425772678605,16894.73376528911,21.614231739149496,9469.351377304603,10841.72917481339
coco_000000013291,images/coco_000000013291.png,svd_texture,0.001,0.00024326445091669857,0.15918272324077617,60.49376870900572,0.9997994815218848,4.174028685832237,0.5225148952482206,0.44920201242035185,0.40471649169921875,0,45.68123434670642,213.63988391683796,73.89265876716858,23.035565633372876,26.374072946985308
coco_000000013291,images/coco_000000013291.png,svd_texture,0.005,0.0012163222545834929,0.15918272324077617,60.49376870900572,0.9997994815218848,2.617424441703868,0.2915815343964709,0.3815204602454498,0.6707801818847656,0,228.4061717335321,213.63988391683796,59.91325868044821,115.17782816686437,131.87036473492654
coco_000000013291,images/coco_000000013291.png,svd_texture,0.01,0.0024326445091669858,0.15918272324077617,58.345729422702746,0.9997702912103444,3.396722685813595,0.3852935432820821,0.5720447925051133,0.6757621765136719,0,456.8123434670642,273.5799700270471,53.892658767168584,230.35565633372875,263.7407294698531
coco_000000013291,images/coco_000000013291.png,svd_texture,0.02,0.0048652890183339716,0.15918272324077617,50.70344141085901,0.9995597440095464,9.212327553703902,0.7828552284737568,0.9479172089995885,0.16592025756835938,1,913.6246869341284,659.475549205579,47.87205885388896,460.7113126674575,527.4814589397062
coco_000000013291,images/coco_000000013291.png,svd_texture,0.05,0.012163222545834929,0.15918272324077617,41.465732680282734,0.9987129091314785,15.843127743402745,0.9177520473631676,0.9954507721255568,3.814697265625e-05,1,2284.061717335321,1910.2232853779162,39.91325868044821,1151.7782816686438,1318.7036473492653
coco_000000013291,images/coco_000000013291.png,svd_texture,0.1,0.024326445091669858,0.15918272324077617,34.866031406261364,0.9962199500990637,18.950057435771647,0.8939112112457578,0.9949450371214613,1.52587890625e-05,1,4568.123434670642,4083.8445122212966,33.892658767168584,2303.5565633372876,2637.4072946985307
coco_000000013291,images/coco_000000013291.png,svd_yolo,0.001,0.0007526153008176074,0.7251281120195636,60.49376870900572,0.9997994815218848,3.106035051620608,0.36214983780190324,0.38765547311974496,0.5884056091308594,0,141.3293056178562,213.63988391683796,64.0827708718269,71.26778735377728,81.59651264285209
coco_000000013291,images/coco_000000013291.png,svd_yolo,0.005,0.0037630765040880367,0.7251281120195636,54.00495225104435,0.9995405951050804,5.961278228914695,0.6197994395693714,0.848336494723027,0.47772979736328125,0,706.6465280892809,450.94456422048154,50.10337078510652,356.3389367688864,407.98256321426044
coco_000000013291,images/coco_000000013291.png,svd_yolo,0.01,0.007526153008176073,0.7251281120195636,46.39058273879051,0.9992945219466032,12.357449007515637,0.8679506134459857,0.9860254492997462,0.000782012939453125,1,1413.2930561785618,1083.5317254238566,44.082770871826895,712.6778735377728,815.9651264285209
coco_000000013291,images/coco_000000013291.png,svd_yolo,0.02,0.015052306016352147,0.7251281120195636,39.39730266175383,0.9982453215198023,17.039156798423004,0.9255819863246836,0.9961856235603685,2.288818359375e-05,1,2826.5861123571235,2423.849417765056,38.06217095854727,1425.3557470755457,1631.9302528570418
coco_000000013291,images/coco_000000013291.png,svd_yolo,0.05,0.037630765040880365,0.7251281120195636,30.9327263092085,0.9921819402209993,19.10109196369546,0.8483126269451176,0.9911366871267766,1.52587890625e-05,1,7066.465280892809,6422.948699779565,30.10337078510652,3563.389367688864,4079.8256321426043
coco_000000013291,images/coco_000000013291.png,svd_yolo,0.1,0.07526153008176073,0.7251281120195636,24.931604783552558,0.9742605619810211,17.402685255699247,0.7375165133518474,0.9836877156905995,3.0517578125e-05,1,14132.930561785617,12817.122336936634,24.082770871826895,7126.778735377728,8159.6512642852085
